record_id,date,district,taluka,latitude,longitude,crop,variety,crop_stage,soil_type,soil_ph,soil_moisture_percent,diagnosis,severity,damage_percent,pest_type,trap_type,trap_count,temperature_c,humidity_percent,rainfall_mm,wind_speed_kmph,leaf_wetness_index,image_quality,image_quality_score,ai_confidence,expert_verified,referral_required,previous_disease,previous_pest,risk_level
KR_00001,2026-006-09,Pune,Daund,20.07853,74.5918,Rice,Basmati,Seedling,Black Soil,7.3,16.9,Leaf Spot,Mild,8.5,Fruit Fly,Pheromone Trap,0,29.2,80.1,31.6,10.4,53.7,Good,0.952,0.454,Yes,Yes,Leaf Mold,Leaf Miner,Medium
KR_00002,2026-005-03,Satara,Koregaon,21.26467,75.18786,Soybean,JS-335,Seedling,Clay Loam,7.86,51.2,Brown Spot,Mild,15.9,Fruit Fly,Pheromone Trap,0,37.5,58.8,24.8,18.6,66.4,Too Bright,0.363,0.554,No,Yes,Powdery Mildew,Whitefly,Medium
KR_00003,2026-001-26,Nashik,Dindori,18.09069,75.94717,Tomato,Hybrid-T1,Flowering,Clay Loam,6.46,31.0,Bollworm,Severe,72.7,Fruit Fly,Sticky Trap,9,32.6,45.3,17.1,21.8,68.0,Too Dark,0.299,0.625,Yes,Yes,Rust,Whitefly,Medium
KR_00004,2026-002-05,Sangli,Kavathe Mahankal,17.47257,74.37139,Potato,Kufri Pukhraj,Flowering,Loamy,7.44,38.7,Bollworm,Severe,66.1,Whitefly,Sticky Trap,4,32.9,69.0,33.6,10.6,63.8,Good,0.805,0.989,Yes,No,Leaf Spot,Aphids,Medium
KR_00005,2026-003-17,Satara,Karad,19.28025,75.50099,Potato,Kufri Jyoti,Maturity,Clay Loam,8.14,66.6,Healthy,Mild,3.4,Bollworm,Pheromone Trap,0,31.6,68.8,12.0,14.8,28.4,Blurry,0.271,0.452,Yes,Yes,Leaf Mold,Stem Borer,Medium
KR_00006,2026-003-05,Pune,Indapur,20.62918,76.29981,Rice,Indrayani,Flowering,Loamy,7.19,61.7,Blast,Mild,14.0,Stem Borer,Pheromone Trap,0,20.2,57.9,44.3,18.1,38.0,Good,0.97,0.961,No,No,Rust,Bollworm,Low
KR_00007,2026-006-03,Nanded,Biloli,17.45781,78.67081,Grapes,Sonaka,Maturity,Loamy,7.57,38.9,Powdery Mildew,Severe,63.1,Fruit Fly,Light Trap,2,23.0,39.0,0.9,13.1,64.1,Good,0.768,0.791,No,No,Bollworm,Aphids,Medium
KR_00008,2026-004-07,Nashik,Niphad,19.67938,74.39254,Rice,Basmati,Maturity,Sandy Loam,6.53,43.4,Downy Mildew,Mild,6.4,Leaf Miner,Light Trap,6,26.5,64.4,32.8,15.5,93.8,Good,0.765,0.843,Yes,No,Leaf Spot,Whitefly,Medium
KR_00009,2026-007-23,Nanded,Biloli,18.32035,74.81054,Rice,Indrayani,Fruiting,Black Soil,6.11,75.0,Leaf Miner,Mild,19.5,Aphids,Sticky Trap,3,26.1,65.3,38.9,20.0,32.3,Good,0.996,0.593,Yes,Yes,Rust,Stem Borer,Medium
KR_00010,2026-002-14,Nanded,Biloli,17.04444,74.41506,Soybean,MAUS-71,Maturity,Black Soil,7.65,18.4,Bacterial Blight,Moderate,35.1,Aphids,Sticky Trap,1,37.2,40.0,8.4,13.9,70.6,Good,0.851,0.958,Yes,No,Bacterial Blight,Aphids,Medium
KR_00011,2026-001-22,Sangli,Miraj,17.12343,77.65525,Rice,Phule Samruddhi,Fruiting,Loamy,7.48,33.0,Thrips,Mild,5.1,Fruit Fly,Pheromone Trap,0,19.5,48.4,11.9,20.7,86.1,Good,0.842,0.535,Yes,Yes,Leaf Mold,Stem Borer,Low
KR_00012,2026-008-18,Kolhapur,Shirol,21.16412,73.87289,Soybean,MACS-1188,Maturity,Loamy,6.6,51.3,Leaf Mold,Moderate,26.1,Leaf Miner,Pheromone Trap,9,27.8,92.0,38.1,3.8,51.8,Good,0.761,0.63,No,Yes,Late Blight,Thrips,Medium
KR_00013,2026-004-28,Ahmednagar,Kopargaon,16.61531,79.14283,Cotton,Bt Cotton,Maturity,Black Soil,7.84,50.0,Stem Borer,Moderate,23.8,Whitefly,Pheromone Trap,15,36.7,96.2,1.8,9.2,71.2,Poor Framing,0.246,0.871,Yes,Yes,Downy Mildew,Thrips,Medium
KR_00014,2026-005-12,Satara,Koregaon,20.84779,73.16111,Cotton,RCH-659,Fruiting,Loamy,6.59,62.2,Leaf Spot,Moderate,46.2,Aphids,Light Trap,4,22.0,92.9,15.7,18.4,85.3,Good,0.756,0.554,Yes,Yes,Leaf Miner,Bollworm,High
KR_00015,2026-006-14,Ahmednagar,Rahata,21.1658,73.74972,Tomato,Hybrid-T1,Maturity,Clay Loam,6.08,50.8,Thrips,Severe,77.5,Stem Borer,Pheromone Trap,0,25.7,71.3,11.5,16.2,20.1,Too Bright,0.442,0.838,Yes,Yes,Powdery Mildew,Whitefly,Medium
KR_00016,2026-008-15,Pune,Indapur,19.42735,77.31202,Soybean,MAUS-71,Flowering,Clay Loam,7.47,34.6,Leaf Mold,Moderate,36.6,Thrips,Light Trap,11,36.8,77.7,40.6,14.3,42.6,Too Dark,0.575,0.614,No,Yes,Brown Spot,Fruit Fly,Medium
KR_00017,2026-007-16,Nanded,Biloli,18.81146,78.15928,Cotton,Bt Cotton,Seedling,Clay Loam,7.13,53.0,Thrips,Mild,17.3,Aphids,Sticky Trap,11,24.2,85.8,6.6,2.9,93.8,Too Dark,0.582,0.489,Yes,Yes,Powdery Mildew,Whitefly,Medium
KR_00018,2026-008-06,Ahmednagar,Sangamner,16.81164,77.46955,Soybean,JS-335,Vegetative,Loamy,7.77,56.8,Rust,Mild,13.4,Aphids,Pheromone Trap,0,27.1,85.5,30.0,21.8,64.7,Too Bright,0.601,0.781,Yes,Yes,Blast,Leaf Miner,Medium
KR_00019,2026-004-27,Nanded,Loha,17.42555,74.60706,Cotton,RCH-659,Maturity,Sandy Loam,7.38,31.5,Leaf Spot,Severe,60.0,Whitefly,Pheromone Trap,6,35.9,40.1,6.8,9.7,31.5,Good,0.766,0.67,Yes,Yes,Downy Mildew,Aphids,Medium
KR_00020,2026-003-27,Ahmednagar,Shrigonda,20.97661,76.79652,Cotton,Bt Cotton,Maturity,Sandy Loam,7.05,71.6,Late Blight,Moderate,45.6,Aphids,Light Trap,9,33.0,69.4,27.1,6.4,36.5,Blurry,0.419,0.66,Yes,Yes,Brown Spot,Leaf Miner,Medium
KR_00021,2026-006-08,Nanded,Biloli,21.39397,76.4718,Grapes,Sharad Seedless,Maturity,Black Soil,6.18,40.7,Leaf Miner,Moderate,25.5,Whitefly,Light Trap,6,22.2,55.6,34.3,9.6,76.4,Too Bright,0.39,0.901,Yes,Yes,Leaf Mold,Aphids,Medium
KR_00022,2026-007-23,Pune,Daund,20.14828,79.17248,Rice,Indrayani,Maturity,Loamy,6.52,43.4,Leaf Spot,Severe,83.2,Stem Borer,Pheromone Trap,13,25.4,73.2,43.4,16.4,78.3,Good,0.991,0.508,No,Yes,Late Blight,Leaf Miner,Medium
KR_00023,2026-007-06,Nashik,Dindori,19.25654,78.39872,Rice,Indrayani,Flowering,Black Soil,7.75,49.0,Healthy,Mild,1.7,Bollworm,Light Trap,11,25.4,66.9,15.4,19.0,81.7,Good,0.858,0.646,Yes,Yes,Rust,Thrips,Medium
KR_00024,2026-004-03,Kolhapur,Karveer,18.55681,78.36727,Potato,Kufri Jyoti,Flowering,Loamy,7.83,20.2,Bollworm,Moderate,27.3,Stem Borer,Light Trap,6,18.6,88.6,8.2,6.2,79.8,Good,0.82,0.772,Yes,No,Blast,Aphids,Medium
KR_00025,2026-002-24,Nashik,Sinnar,18.68718,77.92807,Cotton,RCH-659,Fruiting,Sandy Loam,7.74,20.6,Early Blight,Moderate,40.8,Whitefly,Pheromone Trap,8,29.1,56.7,44.8,13.0,46.4,Blurry,0.322,0.586,No,Yes,Early Blight,Fruit Fly,Medium
KR_00026,2026-008-16,Satara,Koregaon,17.19012,76.14729,Cotton,Bunny Bt,Maturity,Clay Loam,8.16,65.0,Late Blight,Mild,10.4,Whitefly,Pheromone Trap,0,32.2,43.0,2.0,3.1,41.9,Good,0.909,0.857,No,No,Rust,Stem Borer,Low
KR_00027,2026-005-19,Nanded,Deglur,17.014,73.33395,Grapes,Sonaka,Seedling,Sandy Loam,7.08,49.6,Powdery Mildew,Mild,7.3,Aphids,Pheromone Trap,2,37.9,42.5,34.4,14.1,79.3,Good,0.944,0.655,Yes,Yes,Late Blight,Leaf Miner,Low
KR_00028,2026-007-04,Solapur,Mangalwedhe,21.21175,74.35062,Rice,Phule Samruddhi,Seedling,Loamy,6.53,48.1,Stem Borer,Mild,11.1,Leaf Miner,Light Trap,5,18.7,53.2,12.7,19.2,25.3,Good,0.981,0.875,Yes,No,Powdery Mildew,Whitefly,Low
KR_00029,2026-005-19,Nashik,Malegaon,20.99626,78.3731,Soybean,MACS-1188,Vegetative,Clay Loam,7.31,64.5,Bollworm,Moderate,33.2,Stem Borer,Pheromone Trap,12,26.1,52.2,24.3,10.8,64.9,Blurry,0.531,0.776,No,Yes,Early Blight,Aphids,Medium
KR_00030,2026-006-04,Solapur,Pandharpur,18.58775,77.23481,Tomato,Hybrid-T1,Maturity,Sandy Loam,7.4,44.5,Leaf Spot,Moderate,30.4,Whitefly,Pheromone Trap,11,20.1,45.1,18.5,11.9,69.7,Blurry,0.566,0.747,Yes,Yes,Thrips,Stem Borer,Medium
KR_00031,2026-002-08,Ahmednagar,Kopargaon,19.61713,76.52686,Grapes,Sonaka,Vegetative,Clay Loam,7.37,44.9,Rust,Mild,8.1,Fruit Fly,Sticky Trap,15,23.8,90.5,21.8,2.6,67.3,Too Bright,0.308,0.536,Yes,Yes,Blast,Leaf Miner,Medium
KR_00032,2026-005-24,Pune,Baramati,21.20883,77.21011,Rice,Phule Samruddhi,Flowering,Clay Loam,6.91,43.9,Rust,Mild,11.9,Thrips,Light Trap,4,36.4,67.0,39.6,19.3,40.7,Too Bright,0.584,0.634,Yes,Yes,Late Blight,Aphids,Medium
KR_00033,2026-001-05,Kolhapur,Karveer,20.75893,75.90256,Grapes,Thompson Seedless,Flowering,Sandy Loam,7.0,34.3,Early Blight,Severe,58.4,Stem Borer,Sticky Trap,14,33.5,37.7,33.5,16.1,80.9,Blurry,0.645,0.878,Yes,Yes,Stem Borer,Aphids,Medium
KR_00034,2026-002-08,Sangli,Jat,20.80805,75.86199,Potato,Kufri Jyoti,Seedling,Loamy,6.9,54.3,Stem Borer,Mild,12.0,Whitefly,Pheromone Trap,10,31.9,75.9,38.3,19.0,84.5,Blurry,0.629,0.788,Yes,Yes,Rust,Aphids,Medium
KR_00035,2026-008-19,Kolhapur,Kagal,20.10722,75.82081,Soybean,MAUS-71,Seedling,Sandy Loam,6.37,33.0,Healthy,Mild,0.2,Bollworm,Pheromone Trap,0,23.9,58.6,6.6,12.6,62.4,Too Bright,0.281,0.545,Yes,Yes,Downy Mildew,Whitefly,Low
KR_00036,2026-005-01,Satara,Koregaon,18.53632,74.65085,Tomato,Abhinav,Seedling,Sandy Loam,7.98,55.7,Stem Borer,Mild,11.6,Whitefly,Pheromone Trap,11,37.2,78.5,20.6,8.0,95.0,Too Bright,0.417,0.578,Yes,Yes,Bacterial Blight,Stem Borer,Medium
KR_00037,2026-001-19,Ahmednagar,Rahata,16.04454,78.62294,Cotton,Bt Cotton,Maturity,Sandy Loam,7.83,69.2,Brown Spot,Mild,14.1,Whitefly,Sticky Trap,11,21.8,50.8,34.0,17.3,71.1,Good,0.907,0.938,Yes,No,Late Blight,Aphids,Low
KR_00038,2026-006-03,Sangli,Tasgaon,16.49573,74.91822,Cotton,RCH-659,Vegetative,Loamy,6.29,47.4,Thrips,Severe,67.6,Whitefly,Sticky Trap,5,36.3,94.5,43.5,7.9,85.3,Too Bright,0.252,0.97,No,Yes,Early Blight,Leaf Miner,High
KR_00039,2026-002-04,Ahmednagar,Kopargaon,17.45452,73.80333,Tomato,Abhinav,Flowering,Sandy Loam,7.81,71.4,Leaf Spot,Severe,58.2,Bollworm,Pheromone Trap,15,30.2,75.8,28.6,11.3,72.6,Poor Framing,0.384,0.525,Yes,Yes,Late Blight,Aphids,Medium
KR_00040,2026-001-13,Nashik,Malegaon,18.13755,75.41157,Cotton,Bunny Bt,Maturity,Sandy Loam,7.29,58.6,Bollworm,Moderate,39.6,Aphids,Light Trap,10,26.2,94.9,1.5,9.4,53.3,Good,0.964,0.504,Yes,Yes,Blast,Fruit Fly,Medium
KR_00041,2026-003-04,Kolhapur,Kagal,21.32514,79.16857,Grapes,Sonaka,Vegetative,Black Soil,6.11,35.0,Stem Borer,Severe,57.2,Aphids,Sticky Trap,10,22.3,89.8,14.8,5.0,87.5,Good,0.819,0.981,Yes,No,Blast,Stem Borer,High
KR_00042,2026-008-21,Solapur,Pandharpur,16.08173,78.1349,Rice,Basmati,Flowering,Black Soil,6.38,18.1,Leaf Mold,Moderate,35.8,Leaf Miner,Pheromone Trap,0,27.5,84.0,23.1,4.2,57.8,Too Dark,0.22,0.873,Yes,Yes,Blast,Stem Borer,Medium
KR_00043,2026-004-14,Solapur,Mangalwedhe,21.49223,78.50744,Grapes,Sharad Seedless,Seedling,Sandy Loam,7.57,41.6,Bollworm,Mild,9.8,Thrips,Pheromone Trap,0,20.5,74.3,26.3,16.2,48.6,Too Dark,0.439,0.695,Yes,Yes,Leaf Spot,Bollworm,Medium
KR_00044,2026-007-12,Nanded,Biloli,18.27597,78.37822,Grapes,Thompson Seedless,Seedling,Clay Loam,6.94,54.9,Thrips,Mild,15.3,Stem Borer,Pheromone Trap,0,19.8,40.4,19.4,16.9,47.9,Good,0.889,0.767,Yes,No,Thrips,Bollworm,Medium
KR_00045,2026-001-06,Ahmednagar,Kopargaon,21.32619,76.90267,Tomato,Hybrid-T1,Maturity,Loamy,6.34,43.9,Leaf Miner,Mild,10.3,Fruit Fly,Pheromone Trap,2,33.3,71.2,36.3,18.9,93.1,Too Bright,0.48,0.814,Yes,Yes,Bacterial Blight,Stem Borer,Medium
KR_00046,2026-002-09,Kolhapur,Hatkanangale,21.06846,75.28165,Rice,Indrayani,Maturity,Sandy Loam,6.15,59.5,Healthy,Mild,0.5,Bollworm,Sticky Trap,7,26.4,56.5,16.7,16.4,78.3,Too Dark,0.468,0.927,No,Yes,Brown Spot,Aphids,Low
KR_00047,2026-007-06,Nanded,Loha,18.67114,75.87329,Tomato,Hybrid-T1,Maturity,Black Soil,6.76,21.7,Powdery Mildew,Severe,70.8,Fruit Fly,Pheromone Trap,1,22.4,97.0,2.5,6.1,90.9,Too Bright,0.262,0.588,Yes,Yes,Rust,Aphids,High
KR_00048,2026-002-14,Satara,Karad,18.9292,74.49572,Potato,Kufri Pukhraj,Flowering,Black Soil,6.87,59.5,Downy Mildew,Mild,11.9,Bollworm,Pheromone Trap,10,26.6,60.5,28.8,7.8,50.4,Good,0.793,0.962,Yes,No,Leaf Mold,Fruit Fly,Medium
KR_00049,2026-003-25,Pune,Shirur,18.39622,75.60292,Soybean,JS-335,Flowering,Clay Loam,6.49,61.7,Leaf Spot,Severe,72.2,Fruit Fly,Sticky Trap,15,33.5,57.1,43.1,14.9,31.1,Good,0.787,0.557,Yes,Yes,Brown Spot,Bollworm,Medium
KR_00050,2026-007-15,Nanded,Loha,20.14945,77.9392,Grapes,Sharad Seedless,Maturity,Clay Loam,7.9,52.6,Stem Borer,Moderate,22.0,Stem Borer,Pheromone Trap,13,23.5,38.5,22.8,8.2,53.9,Good,0.842,0.605,Yes,Yes,Leaf Miner,Bollworm,Medium
KR_00051,2026-007-25,Solapur,Akkalkot,20.99977,76.71577,Rice,Phule Samruddhi,Maturity,Sandy Loam,7.1,72.5,Rust,Mild,17.2,Aphids,Pheromone Trap,12,19.7,75.7,1.8,16.2,94.3,Too Dark,0.435,0.536,Yes,Yes,Late Blight,Leaf Miner,Medium
KR_00052,2026-006-27,Sangli,Jat,20.34075,77.20748,Soybean,JS-335,Seedling,Sandy Loam,6.63,58.4,Powdery Mildew,Severe,80.6,Whitefly,Pheromone Trap,0,29.7,43.9,15.7,21.4,72.4,Blurry,0.258,0.833,No,Yes,Blast,Leaf Miner,Medium
KR_00053,2026-003-06,Satara,Phaltan,19.55314,75.75214,Tomato,Hybrid-T1,Flowering,Clay Loam,6.4,27.9,Brown Spot,Moderate,25.8,Thrips,Sticky Trap,2,23.9,84.7,22.8,12.8,75.4,Too Dark,0.217,0.632,Yes,Yes,Stem Borer,Leaf Miner,Medium
KR_00054,2026-003-27,Satara,Koregaon,19.96651,73.284,Tomato,Abhinav,Vegetative,Sandy Loam,7.34,60.1,Brown Spot,Moderate,27.0,Thrips,Pheromone Trap,13,33.7,92.0,8.7,15.6,62.8,Blurry,0.408,0.602,Yes,Yes,Blast,Leaf Miner,Medium
KR_00055,2026-004-13,Nashik,Malegaon,20.80151,73.33917,Grapes,Thompson Seedless,Maturity,Black Soil,7.57,46.0,Leaf Spot,Moderate,22.5,Thrips,Pheromone Trap,8,36.1,44.3,19.7,20.9,36.7,Blurry,0.598,0.952,Yes,Yes,Downy Mildew,Fruit Fly,Medium
KR_00056,2026-002-02,Pune,Indapur,17.23496,75.07145,Soybean,MAUS-71,Flowering,Loamy,6.3,32.2,Leaf Miner,Moderate,40.9,Thrips,Light Trap,8,30.3,92.1,0.9,6.3,31.2,Poor Framing,0.474,0.679,Yes,Yes,Early Blight,Stem Borer,High
KR_00057,2026-008-02,Nashik,Sinnar,19.51423,77.04827,Soybean,MACS-1188,Fruiting,Black Soil,7.39,49.5,Leaf Mold,Mild,9.4,Bollworm,Pheromone Trap,4,29.4,46.8,30.1,12.5,47.0,Too Dark,0.445,0.875,Yes,Yes,Rust,Leaf Miner,Low
KR_00058,2026-005-07,Ahmednagar,Rahata,17.39508,73.10557,Soybean,JS-335,Vegetative,Black Soil,7.7,59.1,Thrips,Mild,5.7,Fruit Fly,Pheromone Trap,14,30.9,87.3,30.8,21.6,55.9,Good,0.953,0.484,Yes,Yes,Rust,Aphids,Medium
KR_00059,2026-008-12,Solapur,Pandharpur,20.87185,75.05137,Tomato,Abhinav,Fruiting,Sandy Loam,6.56,60.2,Early Blight,Moderate,30.7,Aphids,Pheromone Trap,0,35.3,55.9,5.6,9.4,86.7,Poor Framing,0.398,0.966,Yes,Yes,Stem Borer,Aphids,Medium
KR_00060,2026-006-17,Kolhapur,Shirol,19.99895,73.51303,Potato,Local-P1,Maturity,Clay Loam,6.71,19.8,Powdery Mildew,Moderate,29.2,Fruit Fly,Light Trap,3,31.8,57.1,1.9,19.4,46.4,Blurry,0.324,0.979,Yes,Yes,Leaf Spot,Leaf Miner,Medium
KR_00061,2026-003-16,Satara,Phaltan,16.78529,76.94922,Grapes,Sonaka,Vegetative,Black Soil,6.52,53.7,Thrips,Moderate,48.5,Bollworm,Sticky Trap,11,27.0,58.4,20.0,3.5,30.3,Good,0.85,0.801,No,No,Leaf Spot,Aphids,Medium
KR_00062,2026-003-23,Ahmednagar,Kopargaon,17.43977,74.69188,Grapes,Sonaka,Maturity,Clay Loam,7.53,74.9,Early Blight,Mild,7.0,Bollworm,Light Trap,3,36.0,63.0,4.0,15.6,83.4,Good,0.917,0.833,Yes,No,Late Blight,Stem Borer,Medium
KR_00063,2026-008-15,Satara,Wai,18.79816,73.78886,Rice,Indrayani,Vegetative,Sandy Loam,6.06,48.2,Thrips,Moderate,44.1,Fruit Fly,Sticky Trap,10,35.7,39.1,17.9,16.3,55.9,Blurry,0.546,0.895,No,Yes,Thrips,Bollworm,Medium
KR_00064,2026-003-21,Sangli,Tasgaon,20.82878,78.07171,Cotton,Bunny Bt,Vegetative,Loamy,6.95,69.6,Healthy,Mild,4.2,Bollworm,Sticky Trap,5,21.3,55.3,31.9,8.9,90.6,Good,0.961,0.585,Yes,Yes,Blast,Stem Borer,Low
KR_00065,2026-005-15,Kolhapur,Shirol,18.76415,74.09613,Potato,Local-P1,Vegetative,Clay Loam,7.85,48.8,Leaf Miner,Mild,6.2,Leaf Miner,Pheromone Trap,11,22.2,71.0,27.8,2.6,86.7,Too Dark,0.33,0.967,Yes,Yes,Brown Spot,Leaf Miner,Medium
KR_00066,2026-003-27,Pune,Daund,16.86944,75.70154,Grapes,Sonaka,Flowering,Loamy,6.69,58.1,Leaf Mold,Moderate,49.3,Thrips,Pheromone Trap,9,29.2,55.1,21.0,7.3,38.6,Good,0.763,0.961,Yes,No,Downy Mildew,Whitefly,Medium
KR_00067,2026-006-25,Sangli,Miraj,17.04409,74.03573,Potato,Kufri Jyoti,Fruiting,Clay Loam,7.09,20.4,Downy Mildew,Severe,66.0,Thrips,Sticky Trap,10,25.1,38.2,22.3,19.6,69.1,Blurry,0.329,0.454,No,Yes,Stem Borer,Stem Borer,Medium
KR_00068,2026-001-02,Ahmednagar,Rahata,16.24883,73.33252,Potato,Local-P1,Flowering,Clay Loam,6.16,45.3,Brown Spot,Severe,59.8,Fruit Fly,Pheromone Trap,0,20.6,41.1,16.8,21.7,61.8,Good,0.939,0.557,Yes,Yes,Blast,Aphids,Medium
KR_00069,2026-001-20,Satara,Wai,20.42181,76.37566,Rice,Basmati,Maturity,Loamy,6.72,51.8,Stem Borer,Moderate,49.7,Leaf Miner,Pheromone Trap,10,24.7,87.2,24.0,16.2,42.5,Too Bright,0.207,0.629,No,Yes,Downy Mildew,Stem Borer,High
KR_00070,2026-001-23,Nanded,Deglur,21.31889,78.08888,Potato,Kufri Pukhraj,Vegetative,Black Soil,7.28,25.2,Powdery Mildew,Severe,71.7,Aphids,Light Trap,3,34.4,50.3,25.8,16.0,34.3,Blurry,0.341,0.532,Yes,Yes,Downy Mildew,Aphids,Medium
KR_00071,2026-008-12,Satara,Koregaon,19.08488,79.4878,Grapes,Sharad Seedless,Fruiting,Clay Loam,8.1,42.6,Blast,Moderate,36.4,Leaf Miner,Pheromone Trap,10,27.7,95.3,12.6,8.0,90.6,Good,0.943,0.831,Yes,No,Rust,Fruit Fly,Medium
KR_00072,2026-004-02,Kolhapur,Hatkanangale,16.67031,77.39804,Grapes,Thompson Seedless,Flowering,Loamy,6.64,32.3,Leaf Mold,Mild,10.2,Stem Borer,Pheromone Trap,12,27.6,47.7,24.2,20.7,72.2,Good,0.777,0.85,No,No,Rust,Whitefly,Low
KR_00073,2026-003-02,Pune,Baramati,17.81661,76.07063,Cotton,Bt Cotton,Seedling,Loamy,6.9,71.1,Bollworm,Moderate,34.3,Thrips,Pheromone Trap,6,23.7,38.7,34.6,15.0,37.4,Poor Framing,0.525,0.956,Yes,Yes,Stem Borer,Leaf Miner,Medium
KR_00074,2026-005-19,Ahmednagar,Shrigonda,17.02471,77.86852,Tomato,Hybrid-T1,Seedling,Clay Loam,7.25,21.4,Thrips,Moderate,33.6,Leaf Miner,Light Trap,15,36.8,88.6,21.1,5.9,28.4,Good,0.933,0.8,Yes,No,Rust,Fruit Fly,Medium
KR_00075,2026-002-15,Nashik,Malegaon,19.36025,77.15172,Grapes,Thompson Seedless,Maturity,Clay Loam,6.19,55.2,Stem Borer,Mild,12.2,Thrips,Pheromone Trap,0,23.2,49.8,33.9,21.1,42.6,Poor Framing,0.458,0.591,Yes,Yes,Early Blight,Aphids,Low
KR_00076,2026-006-03,Kolhapur,Kagal,18.22979,76.26638,Cotton,RCH-659,Seedling,Clay Loam,6.81,28.3,Stem Borer,Moderate,24.6,Leaf Miner,Pheromone Trap,7,32.0,92.5,34.1,18.0,81.9,Too Bright,0.311,0.858,Yes,Yes,Leaf Spot,Aphids,Medium
KR_00077,2026-007-09,Pune,Daund,20.55826,78.86877,Rice,Basmati,Maturity,Loamy,6.36,66.3,Rust,Mild,15.2,Leaf Miner,Light Trap,2,36.0,63.1,2.5,4.6,51.2,Too Dark,0.226,0.7,Yes,Yes,Leaf Mold,Aphids,Medium
KR_00078,2026-006-04,Solapur,Pandharpur,19.18071,73.29438,Tomato,Abhinav,Seedling,Black Soil,8.06,19.1,Bollworm,Moderate,21.0,Stem Borer,Sticky Trap,13,20.7,75.4,32.8,21.3,48.1,Blurry,0.402,0.945,Yes,Yes,Leaf Spot,Thrips,Medium
KR_00079,2026-004-07,Satara,Karad,18.90863,77.73108,Rice,Indrayani,Seedling,Clay Loam,7.02,58.1,Downy Mildew,Severe,63.3,Thrips,Sticky Trap,8,24.9,52.4,42.2,16.5,28.5,Too Bright,0.497,0.782,Yes,Yes,Bollworm,Aphids,Medium
KR_00080,2026-004-14,Pune,Daund,19.26669,75.90187,Cotton,Bunny Bt,Seedling,Loamy,7.63,39.1,Early Blight,Severe,57.6,Aphids,Pheromone Trap,0,20.8,97.6,10.5,20.3,63.2,Too Dark,0.469,0.813,Yes,Yes,Late Blight,Thrips,High
KR_00081,2026-007-14,Kolhapur,Hatkanangale,16.33527,79.16538,Cotton,Bt Cotton,Fruiting,Sandy Loam,6.1,35.7,Powdery Mildew,Severe,63.3,Fruit Fly,Pheromone Trap,12,26.3,44.4,16.9,17.1,55.5,Too Bright,0.301,0.913,No,Yes,Rust,Aphids,Medium
KR_00082,2026-004-07,Satara,Karad,17.33572,74.32169,Cotton,Bt Cotton,Fruiting,Clay Loam,6.2,58.5,Early Blight,Mild,9.0,Leaf Miner,Pheromone Trap,0,35.5,46.9,34.3,16.5,61.9,Blurry,0.294,0.94,Yes,Yes,Bollworm,Aphids,Low
KR_00083,2026-004-24,Pune,Baramati,21.02943,77.52157,Cotton,Bt Cotton,Fruiting,Loamy,7.21,61.5,Downy Mildew,Moderate,36.0,Whitefly,Pheromone Trap,5,25.2,90.6,21.0,18.1,74.2,Too Bright,0.578,0.944,Yes,Yes,Downy Mildew,Aphids,Medium
KR_00084,2026-001-17,Satara,Phaltan,17.43426,79.07593,Potato,Kufri Pukhraj,Fruiting,Clay Loam,6.34,34.8,Downy Mildew,Severe,79.2,Stem Borer,Pheromone Trap,5,33.3,65.8,32.6,16.8,54.6,Poor Framing,0.558,0.541,Yes,Yes,Rust,Thrips,Medium
KR_00085,2026-003-04,Solapur,Mangalwedhe,21.19853,77.3434,Soybean,JS-335,Vegetative,Loamy,6.15,24.1,Early Blight,Severe,66.0,Bollworm,Light Trap,11,27.8,35.4,24.8,2.2,59.7,Good,0.884,0.605,Yes,Yes,Leaf Mold,Leaf Miner,Medium
KR_00086,2026-003-03,Pune,Shirur,17.32533,77.02858,Tomato,Arka Rakshak,Flowering,Sandy Loam,6.17,72.6,Rust,Severe,58.5,Leaf Miner,Sticky Trap,5,31.7,88.4,29.4,19.2,77.0,Good,0.851,0.654,Yes,Yes,Powdery Mildew,Aphids,High
KR_00087,2026-002-10,Nanded,Loha,19.54699,75.15326,Soybean,MAUS-71,Seedling,Loamy,6.47,67.1,Bollworm,Severe,66.6,Bollworm,Pheromone Trap,0,31.7,52.7,24.4,15.2,33.5,Too Bright,0.342,0.969,Yes,Yes,Brown Spot,Leaf Miner,Medium
KR_00088,2026-008-08,Satara,Koregaon,19.11683,78.52138,Cotton,Bunny Bt,Flowering,Sandy Loam,7.66,23.4,Leaf Mold,Severe,52.7,Leaf Miner,Pheromone Trap,1,20.0,49.6,3.4,14.1,66.0,Too Dark,0.379,0.868,No,Yes,Late Blight,Aphids,Medium
KR_00089,2026-002-01,Sangli,Kavathe Mahankal,18.37516,77.41802,Cotton,RCH-659,Seedling,Clay Loam,7.76,57.8,Leaf Spot,Moderate,24.6,Leaf Miner,Sticky Trap,12,25.8,57.7,4.1,20.9,53.4,Too Bright,0.321,0.522,No,Yes,Rust,Leaf Miner,Medium
KR_00090,2026-004-24,Pune,Indapur,19.04821,76.88001,Tomato,Arka Rakshak,Seedling,Clay Loam,6.91,61.8,Leaf Mold,Severe,81.7,Thrips,Sticky Trap,11,25.6,43.7,13.6,11.9,24.7,Blurry,0.324,0.612,Yes,Yes,Thrips,Stem Borer,Medium
KR_00091,2026-006-13,Nanded,Biloli,18.51824,73.88068,Soybean,JS-335,Flowering,Sandy Loam,7.77,34.8,Thrips,Moderate,44.5,Aphids,Sticky Trap,5,24.4,94.7,9.0,8.3,92.3,Good,0.823,0.825,Yes,No,Bacterial Blight,Whitefly,High
KR_00092,2026-007-03,Kolhapur,Karveer,18.00759,79.05844,Rice,Basmati,Maturity,Loamy,7.5,48.0,Leaf Mold,Moderate,48.3,Thrips,Light Trap,13,23.8,78.6,36.9,17.9,50.7,Blurry,0.263,0.614,No,Yes,Stem Borer,Leaf Miner,Medium
KR_00093,2026-002-01,Nanded,Loha,19.20234,76.47339,Cotton,RCH-659,Maturity,Black Soil,7.74,36.6,Bollworm,Severe,70.8,Bollworm,Pheromone Trap,0,33.4,76.4,16.0,14.9,23.3,Poor Framing,0.505,0.666,Yes,Yes,Brown Spot,Leaf Miner,Medium
KR_00094,2026-008-12,Pune,Indapur,17.22101,77.85454,Potato,Kufri Pukhraj,Maturity,Loamy,6.98,38.5,Brown Spot,Severe,70.6,Fruit Fly,Sticky Trap,6,38.0,65.4,13.3,20.4,26.4,Too Bright,0.623,0.527,Yes,Yes,Rust,Whitefly,Medium
KR_00095,2026-007-01,Nanded,Hadgaon,18.40991,77.52896,Tomato,Hybrid-T1,Flowering,Black Soil,7.78,21.9,Leaf Miner,Moderate,39.4,Leaf Miner,Sticky Trap,15,37.7,50.4,7.9,5.2,62.0,Blurry,0.304,0.669,No,Yes,Powdery Mildew,Leaf Miner,Medium
KR_00096,2026-006-28,Nashik,Sinnar,19.25712,75.52743,Cotton,Bt Cotton,Vegetative,Clay Loam,7.66,63.5,Leaf Spot,Severe,53.6,Aphids,Sticky Trap,6,24.5,63.8,11.8,19.3,59.6,Poor Framing,0.341,0.66,Yes,Yes,Leaf Spot,Fruit Fly,Medium
KR_00097,2026-008-10,Nanded,Biloli,20.47556,77.58892,Tomato,Abhinav,Maturity,Black Soil,7.48,33.8,Early Blight,Moderate,23.5,Whitefly,Sticky Trap,9,25.8,72.6,25.9,10.5,56.5,Too Dark,0.512,0.798,Yes,Yes,Blast,Thrips,Medium
KR_00098,2026-008-18,Satara,Koregaon,17.73019,75.93151,Soybean,JS-335,Seedling,Sandy Loam,6.3,63.9,Blast,Severe,72.9,Stem Borer,Light Trap,7,32.2,63.0,7.5,13.3,79.7,Good,0.823,0.598,Yes,Yes,Stem Borer,Aphids,Medium
KR_00099,2026-007-06,Pune,Daund,17.47339,76.53019,Tomato,Abhinav,Seedling,Sandy Loam,7.2,74.4,Leaf Spot,Severe,79.1,Aphids,Sticky Trap,5,35.5,37.0,11.8,19.2,26.5,Too Bright,0.647,0.869,No,Yes,Brown Spot,Fruit Fly,Medium
KR_00100,2026-004-25,Satara,Koregaon,20.47441,78.23536,Potato,Kufri Jyoti,Maturity,Clay Loam,7.31,25.1,Leaf Mold,Moderate,28.7,Whitefly,Pheromone Trap,0,20.7,82.3,18.5,3.2,40.8,Poor Framing,0.257,0.918,No,Yes,Leaf Mold,Fruit Fly,Medium
KR_00101,2026-002-26,Ahmednagar,Shrigonda,16.78194,77.11061,Cotton,RCH-659,Fruiting,Sandy Loam,6.17,62.7,Brown Spot,Mild,11.0,Leaf Miner,Pheromone Trap,12,36.7,58.3,42.8,8.5,20.2,Too Bright,0.581,0.5,Yes,Yes,Powdery Mildew,Fruit Fly,Low
KR_00102,2026-005-06,Ahmednagar,Sangamner,21.32471,78.36151,Grapes,Thompson Seedless,Flowering,Clay Loam,6.74,49.7,Bacterial Blight,Moderate,43.6,Leaf Miner,Pheromone Trap,0,18.9,74.4,37.7,2.3,89.7,Good,0.86,0.45,Yes,Yes,Early Blight,Thrips,Medium
KR_00103,2026-003-16,Kolhapur,Shirol,19.60023,74.62753,Tomato,Abhinav,Vegetative,Black Soil,6.87,33.3,Leaf Mold,Mild,11.4,Bollworm,Pheromone Trap,0,18.0,65.0,6.0,6.5,71.0,Good,0.752,0.636,No,Yes,Leaf Miner,Leaf Miner,Medium
KR_00104,2026-002-04,Pune,Shirur,18.10688,77.74996,Soybean,MACS-1188,Flowering,Clay Loam,7.94,23.2,Brown Spot,Mild,14.6,Leaf Miner,Sticky Trap,2,28.6,35.5,29.3,10.8,74.2,Poor Framing,0.537,0.947,Yes,Yes,Rust,Whitefly,Low
KR_00105,2026-008-13,Satara,Phaltan,19.24266,75.49621,Grapes,Thompson Seedless,Vegetative,Loamy,6.61,20.1,Blast,Severe,71.0,Fruit Fly,Pheromone Trap,13,36.8,36.7,38.1,19.5,35.4,Too Dark,0.429,0.854,No,Yes,Rust,Whitefly,Medium
KR_00106,2026-007-14,Pune,Shirur,18.7477,76.86054,Potato,Local-P1,Flowering,Clay Loam,6.29,66.6,Bacterial Blight,Moderate,31.0,Leaf Miner,Sticky Trap,13,27.4,97.2,3.3,13.7,21.0,Good,0.76,0.483,Yes,Yes,Blast,Stem Borer,Medium
KR_00107,2026-002-01,Ahmednagar,Kopargaon,19.52296,76.49476,Rice,Phule Samruddhi,Seedling,Clay Loam,6.17,70.3,Brown Spot,Mild,13.0,Stem Borer,Pheromone Trap,0,24.2,62.6,42.9,6.8,38.3,Blurry,0.252,0.781,No,Yes,Powdery Mildew,Thrips,Medium
KR_00108,2026-006-06,Satara,Phaltan,16.90108,79.19461,Potato,Kufri Pukhraj,Flowering,Loamy,6.82,60.0,Leaf Miner,Moderate,42.0,Bollworm,Pheromone Trap,0,24.7,62.0,23.6,7.3,93.1,Poor Framing,0.235,0.696,Yes,Yes,Rust,Thrips,Medium
KR_00109,2026-002-19,Kolhapur,Shirol,20.91848,77.38178,Soybean,MACS-1188,Maturity,Black Soil,6.1,66.8,Early Blight,Mild,12.1,Stem Borer,Sticky Trap,3,36.6,89.0,24.9,20.3,75.5,Blurry,0.301,0.584,Yes,Yes,Thrips,Stem Borer,Medium
KR_00110,2026-004-05,Sangli,Jat,18.76123,78.86262,Rice,Indrayani,Maturity,Black Soil,8.1,19.1,Rust,Moderate,43.2,Whitefly,Pheromone Trap,2,29.1,35.5,9.0,13.3,42.8,Too Dark,0.309,0.649,Yes,Yes,Brown Spot,Whitefly,Medium
KR_00111,2026-006-15,Solapur,Akkalkot,16.13151,76.52004,Cotton,Bunny Bt,Seedling,Clay Loam,6.0,54.4,Leaf Miner,Severe,75.5,Bollworm,Sticky Trap,9,37.7,61.4,43.3,21.5,30.7,Good,0.773,0.947,Yes,No,Blast,Leaf Miner,Medium
KR_00112,2026-008-11,Pune,Daund,18.77985,77.1419,Grapes,Sonaka,Maturity,Black Soil,6.96,72.9,Early Blight,Moderate,27.8,Whitefly,Light Trap,12,34.6,55.6,20.4,6.7,90.8,Good,0.945,0.766,No,No,Stem Borer,Aphids,Medium
KR_00113,2026-007-28,Ahmednagar,Kopargaon,18.94759,79.27013,Rice,Phule Samruddhi,Flowering,Sandy Loam,6.58,22.2,Stem Borer,Severe,60.6,Leaf Miner,Pheromone Trap,0,22.3,89.0,6.7,16.2,92.6,Blurry,0.431,0.816,No,Yes,Stem Borer,Aphids,High
KR_00114,2026-002-02,Nanded,Biloli,16.52099,73.6624,Rice,Indrayani,Seedling,Black Soil,7.83,74.0,Stem Borer,Mild,17.4,Whitefly,Pheromone Trap,0,29.6,51.3,36.6,2.4,24.8,Poor Framing,0.4,0.52,Yes,Yes,Leaf Miner,Fruit Fly,Medium
KR_00115,2026-007-07,Nanded,Hadgaon,16.92394,76.73025,Cotton,RCH-659,Fruiting,Black Soil,6.84,40.6,Thrips,Mild,18.6,Whitefly,Pheromone Trap,8,35.7,37.2,27.9,6.9,42.1,Blurry,0.597,0.709,No,Yes,Downy Mildew,Thrips,Medium
KR_00116,2026-004-22,Nashik,Dindori,21.44172,78.08245,Tomato,Arka Rakshak,Maturity,Sandy Loam,6.76,48.9,Thrips,Moderate,28.1,Bollworm,Pheromone Trap,10,22.4,91.4,35.0,3.2,94.4,Too Dark,0.361,0.765,No,Yes,Stem Borer,Bollworm,Medium
KR_00117,2026-005-06,Nashik,Niphad,18.93529,78.14304,Cotton,Bt Cotton,Vegetative,Sandy Loam,6.78,65.4,Leaf Miner,Mild,7.6,Fruit Fly,Pheromone Trap,13,32.8,57.6,26.6,16.1,46.4,Too Dark,0.454,0.754,No,Yes,Brown Spot,Aphids,Low
KR_00118,2026-002-11,Nanded,Hadgaon,16.49642,74.51205,Rice,Indrayani,Maturity,Sandy Loam,6.0,70.1,Early Blight,Mild,10.1,Thrips,Pheromone Trap,1,18.4,72.0,41.3,17.5,83.5,Too Bright,0.364,0.489,Yes,Yes,Powdery Mildew,Leaf Miner,Medium
KR_00119,2026-006-26,Kolhapur,Hatkanangale,16.75048,74.02378,Grapes,Sharad Seedless,Fruiting,Clay Loam,6.38,73.1,Leaf Mold,Severe,77.5,Thrips,Sticky Trap,7,24.1,78.4,5.7,16.6,91.2,Too Dark,0.376,0.987,Yes,Yes,Rust,Thrips,Medium
KR_00120,2026-008-13,Nashik,Dindori,21.15178,73.91418,Cotton,Bt Cotton,Vegetative,Clay Loam,8.16,25.1,Bollworm,Mild,17.3,Leaf Miner,Pheromone Trap,8,18.2,48.2,31.2,9.0,79.0,Poor Framing,0.201,0.658,Yes,Yes,Stem Borer,Leaf Miner,Medium
KR_00121,2026-001-14,Sangli,Kavathe Mahankal,16.55786,76.11668,Potato,Kufri Pukhraj,Vegetative,Loamy,6.99,63.0,Healthy,Mild,1.5,Bollworm,Pheromone Trap,5,37.0,39.7,7.7,9.5,74.9,Too Dark,0.624,0.978,Yes,Yes,Bacterial Blight,Aphids,Low
KR_00122,2026-008-28,Satara,Karad,16.86407,73.65818,Rice,Indrayani,Fruiting,Clay Loam,7.45,32.8,Leaf Spot,Mild,10.9,Fruit Fly,Light Trap,3,19.1,35.2,3.9,18.5,66.9,Blurry,0.29,0.464,No,Yes,Late Blight,Bollworm,Low
KR_00123,2026-001-27,Pune,Indapur,20.31682,76.06114,Cotton,RCH-659,Seedling,Sandy Loam,6.41,68.1,Thrips,Mild,11.7,Whitefly,Light Trap,8,23.3,87.7,25.4,5.0,72.2,Good,0.771,0.636,Yes,Yes,Brown Spot,Whitefly,Medium
KR_00124,2026-003-27,Ahmednagar,Shrigonda,21.31095,77.46594,Grapes,Sharad Seedless,Vegetative,Sandy Loam,6.66,38.7,Leaf Miner,Severe,51.2,Fruit Fly,Sticky Trap,2,37.0,63.3,42.7,5.3,35.9,Good,0.782,0.679,Yes,Yes,Downy Mildew,Whitefly,Medium
KR_00125,2026-007-09,Kolhapur,Hatkanangale,21.00942,78.94213,Soybean,MACS-1188,Fruiting,Sandy Loam,7.21,66.4,Blast,Moderate,47.5,Bollworm,Light Trap,2,26.3,44.3,26.5,17.2,90.5,Good,0.891,0.505,No,Yes,Blast,Fruit Fly,Medium
KR_00126,2026-004-05,Ahmednagar,Shrigonda,19.14613,76.0748,Rice,Phule Samruddhi,Fruiting,Loamy,7.36,55.8,Downy Mildew,Mild,10.9,Whitefly,Sticky Trap,1,32.9,93.0,40.4,2.4,81.3,Good,0.828,0.905,Yes,No,Powdery Mildew,Bollworm,Medium
KR_00127,2026-001-08,Kolhapur,Karveer,20.25717,75.08564,Cotton,RCH-659,Maturity,Black Soil,6.41,27.7,Leaf Miner,Moderate,42.2,Aphids,Pheromone Trap,14,19.1,84.9,3.0,16.2,50.3,Too Bright,0.583,0.925,No,Yes,Early Blight,Whitefly,High
KR_00128,2026-007-02,Solapur,Akkalkot,16.27808,75.34244,Rice,Phule Samruddhi,Flowering,Sandy Loam,7.11,53.1,Leaf Spot,Severe,51.1,Whitefly,Light Trap,10,26.9,95.5,21.4,13.0,45.8,Too Bright,0.603,0.854,Yes,Yes,Late Blight,Aphids,High
KR_00129,2026-005-07,Satara,Koregaon,20.71411,77.20797,Cotton,Bt Cotton,Flowering,Sandy Loam,7.13,66.9,Brown Spot,Severe,50.3,Thrips,Sticky Trap,10,34.0,49.1,27.4,20.9,73.5,Poor Framing,0.489,0.679,Yes,Yes,Thrips,Aphids,Medium
KR_00130,2026-003-17,Nanded,Deglur,19.72458,78.35802,Grapes,Sharad Seedless,Seedling,Black Soil,7.13,54.7,Leaf Miner,Moderate,36.8,Fruit Fly,Pheromone Trap,5,31.7,65.3,15.1,7.5,44.4,Good,0.815,0.834,Yes,No,Late Blight,Whitefly,Medium
KR_00131,2026-005-28,Nashik,Dindori,20.42986,78.21536,Potato,Kufri Jyoti,Flowering,Loamy,7.59,54.3,Late Blight,Moderate,47.2,Stem Borer,Light Trap,12,18.7,79.6,25.7,5.8,74.5,Good,0.922,0.795,Yes,No,Powdery Mildew,Fruit Fly,Medium
KR_00132,2026-008-07,Satara,Koregaon,17.61581,76.06008,Cotton,RCH-659,Maturity,Loamy,8.08,69.0,Powdery Mildew,Mild,8.3,Thrips,Pheromone Trap,7,33.8,55.9,11.7,7.9,83.8,Blurry,0.224,0.793,Yes,Yes,Bacterial Blight,Bollworm,Low
KR_00133,2026-008-26,Pune,Baramati,18.91411,75.6852,Rice,Indrayani,Vegetative,Clay Loam,6.9,49.2,Bollworm,Moderate,24.3,Aphids,Sticky Trap,13,19.6,56.0,44.4,8.3,24.4,Blurry,0.323,0.861,No,Yes,Brown Spot,Thrips,Medium
KR_00134,2026-005-10,Pune,Shirur,19.37964,77.11767,Grapes,Thompson Seedless,Fruiting,Sandy Loam,6.01,47.0,Leaf Mold,Moderate,48.5,Whitefly,Sticky Trap,1,31.5,74.5,11.2,15.9,45.8,Good,0.776,0.722,Yes,Yes,Leaf Spot,Aphids,Medium
KR_00135,2026-001-22,Nanded,Deglur,18.38516,77.46407,Rice,Phule Samruddhi,Fruiting,Clay Loam,7.65,24.9,Bollworm,Moderate,20.6,Thrips,Sticky Trap,4,32.7,72.2,7.6,9.3,68.8,Good,0.844,0.796,Yes,No,Bacterial Blight,Aphids,Medium
KR_00136,2026-008-07,Pune,Daund,16.26529,73.75263,Grapes,Thompson Seedless,Seedling,Clay Loam,7.04,24.2,Leaf Mold,Severe,72.1,Whitefly,Light Trap,11,20.0,67.8,28.0,16.0,51.4,Good,0.878,0.784,No,No,Brown Spot,Bollworm,Medium
KR_00137,2026-005-21,Nashik,Niphad,20.57324,79.32528,Tomato,Abhinav,Fruiting,Clay Loam,6.35,47.9,Bollworm,Mild,15.3,Stem Borer,Pheromone Trap,4,18.1,77.3,40.8,18.7,70.2,Good,0.987,0.871,No,No,Leaf Mold,Bollworm,Medium
KR_00138,2026-006-27,Nashik,Sinnar,21.43766,74.92414,Grapes,Sonaka,Seedling,Loamy,7.92,66.1,Thrips,Severe,60.9,Leaf Miner,Pheromone Trap,0,19.9,82.8,2.1,19.0,69.8,Good,0.832,0.933,Yes,No,Late Blight,Bollworm,High
KR_00139,2026-003-16,Sangli,Tasgaon,16.62608,75.60163,Grapes,Thompson Seedless,Fruiting,Sandy Loam,7.76,53.9,Brown Spot,Mild,6.7,Leaf Miner,Pheromone Trap,0,37.6,88.2,4.7,20.2,56.2,Too Dark,0.505,0.548,Yes,Yes,Thrips,Aphids,Medium
KR_00140,2026-001-01,Nanded,Hadgaon,20.88177,75.86447,Soybean,JS-335,Flowering,Black Soil,7.55,55.7,Brown Spot,Severe,70.2,Fruit Fly,Sticky Trap,11,35.5,67.7,31.0,14.4,52.5,Poor Framing,0.312,0.637,Yes,Yes,Downy Mildew,Thrips,Medium
KR_00141,2026-007-14,Satara,Karad,20.68529,78.6512,Soybean,JS-335,Flowering,Loamy,6.73,31.7,Blast,Mild,13.3,Stem Borer,Light Trap,14,22.7,63.9,36.1,11.0,84.2,Blurry,0.342,0.98,Yes,Yes,Rust,Bollworm,Medium
KR_00142,2026-006-27,Solapur,Mangalwedhe,20.5425,78.14659,Potato,Kufri Pukhraj,Flowering,Loamy,7.44,42.4,Thrips,Moderate,44.8,Aphids,Sticky Trap,14,27.1,70.3,27.9,11.5,69.3,Poor Framing,0.404,0.503,Yes,Yes,Rust,Fruit Fly,Medium
KR_00143,2026-003-16,Kolhapur,Hatkanangale,19.86153,73.29756,Rice,Phule Samruddhi,Vegetative,Sandy Loam,6.24,51.7,Early Blight,Mild,19.0,Stem Borer,Sticky Trap,8,34.5,47.0,15.2,17.1,23.5,Poor Framing,0.577,0.768,Yes,Yes,Rust,Aphids,Medium
KR_00144,2026-007-20,Solapur,Mangalwedhe,19.04274,75.81327,Potato,Kufri Jyoti,Maturity,Loamy,7.52,25.4,Leaf Miner,Mild,6.6,Leaf Miner,Pheromone Trap,9,35.6,61.4,27.4,15.9,38.6,Blurry,0.634,0.974,Yes,Yes,Stem Borer,Thrips,Medium
KR_00145,2026-007-26,Kolhapur,Hatkanangale,19.91531,79.08083,Cotton,Bt Cotton,Vegetative,Loamy,7.37,32.4,Thrips,Severe,54.6,Leaf Miner,Sticky Trap,9,28.8,75.1,32.0,17.2,62.2,Too Dark,0.457,0.81,Yes,Yes,Leaf Mold,Stem Borer,Medium
KR_00146,2026-004-17,Solapur,Mangalwedhe,16.139,73.94462,Cotton,Bt Cotton,Vegetative,Clay Loam,7.65,24.7,Late Blight,Severe,58.8,Aphids,Pheromone Trap,0,31.8,53.6,33.9,2.6,81.1,Good,0.904,0.815,Yes,No,Early Blight,Leaf Miner,Medium
KR_00147,2026-007-02,Kolhapur,Shirol,21.09567,75.51911,Cotton,RCH-659,Maturity,Black Soil,6.03,30.1,Bacterial Blight,Moderate,44.9,Leaf Miner,Pheromone Trap,13,29.8,81.5,8.8,16.5,34.5,Blurry,0.28,0.819,No,Yes,Stem Borer,Bollworm,High
KR_00148,2026-003-17,Ahmednagar,Rahata,19.06129,73.84543,Potato,Kufri Jyoti,Seedling,Clay Loam,7.03,71.2,Healthy,Mild,0.8,Bollworm,Pheromone Trap,10,19.0,93.7,27.7,15.2,56.8,Too Dark,0.448,0.489,Yes,Yes,Blast,Whitefly,Medium
KR_00149,2026-007-26,Pune,Shirur,18.28762,76.49073,Soybean,JS-335,Vegetative,Loamy,7.46,34.9,Late Blight,Mild,19.3,Fruit Fly,Light Trap,9,34.5,96.8,0.4,15.4,53.4,Poor Framing,0.476,0.785,Yes,Yes,Powdery Mildew,Fruit Fly,Medium
KR_00150,2026-004-18,Pune,Baramati,17.41125,77.70584,Soybean,MAUS-71,Flowering,Sandy Loam,7.07,32.8,Powdery Mildew,Mild,9.8,Bollworm,Pheromone Trap,0,21.3,95.2,24.2,2.1,24.9,Poor Framing,0.483,0.565,Yes,Yes,Leaf Miner,Bollworm,Medium
KR_00151,2026-002-12,Ahmednagar,Kopargaon,20.1079,73.9994,Grapes,Sharad Seedless,Flowering,Black Soil,6.19,18.3,Brown Spot,Moderate,36.7,Fruit Fly,Sticky Trap,15,23.2,59.4,28.4,10.7,21.3,Poor Framing,0.253,0.453,Yes,Yes,Leaf Spot,Aphids,Medium
KR_00152,2026-002-02,Pune,Indapur,20.32791,74.95878,Soybean,JS-335,Fruiting,Sandy Loam,6.87,54.6,Rust,Mild,13.0,Thrips,Light Trap,13,33.9,69.4,43.2,4.9,70.8,Too Bright,0.59,0.8,Yes,Yes,Rust,Thrips,Medium
KR_00153,2026-002-07,Solapur,Akkalkot,18.95434,79.15537,Tomato,Hybrid-T1,Flowering,Loamy,6.91,53.8,Blast,Mild,7.4,Thrips,Pheromone Trap,4,20.3,77.3,25.5,3.1,76.3,Too Dark,0.408,0.747,No,Yes,Leaf Spot,Stem Borer,Medium
KR_00154,2026-003-22,Nanded,Deglur,17.96426,77.36342,Rice,Indrayani,Flowering,Black Soil,7.98,34.1,Rust,Moderate,38.5,Whitefly,Sticky Trap,10,29.3,85.9,43.1,5.4,43.5,Too Bright,0.3,0.85,Yes,Yes,Leaf Miner,Fruit Fly,Medium
KR_00155,2026-001-18,Sangli,Kavathe Mahankal,18.54567,75.33182,Tomato,Arka Rakshak,Maturity,Black Soil,6.39,51.4,Leaf Miner,Moderate,45.8,Thrips,Sticky Trap,5,32.7,74.5,32.7,19.8,83.7,Poor Framing,0.214,0.764,Yes,Yes,Bacterial Blight,Whitefly,Medium
KR_00156,2026-006-02,Kolhapur,Karveer,19.59649,73.96611,Grapes,Sonaka,Maturity,Clay Loam,6.29,45.1,Leaf Spot,Moderate,30.9,Bollworm,Sticky Trap,14,37.3,96.9,30.8,17.1,30.5,Good,0.795,0.962,Yes,No,Stem Borer,Aphids,Medium
KR_00157,2026-005-13,Nashik,Sinnar,17.27462,74.71832,Rice,Indrayani,Vegetative,Clay Loam,6.85,70.1,Bollworm,Mild,5.6,Leaf Miner,Pheromone Trap,2,32.1,67.8,37.3,18.7,39.7,Too Dark,0.457,0.653,Yes,Yes,Bacterial Blight,Bollworm,Medium
KR_00158,2026-004-19,Nashik,Sinnar,17.94094,78.64018,Grapes,Thompson Seedless,Maturity,Black Soil,7.1,23.3,Stem Borer,Mild,6.2,Leaf Miner,Pheromone Trap,4,21.0,44.9,27.1,18.3,69.6,Blurry,0.565,0.839,Yes,Yes,Rust,Aphids,Low
KR_00159,2026-008-06,Satara,Karad,16.12345,73.28044,Potato,Kufri Pukhraj,Vegetative,Loamy,7.38,17.4,Bacterial Blight,Mild,5.8,Whitefly,Sticky Trap,9,37.2,72.8,25.4,2.4,74.0,Poor Framing,0.57,0.962,No,Yes,Bacterial Blight,Aphids,Medium
KR_00160,2026-002-03,Nashik,Sinnar,19.30461,78.165,Rice,Basmati,Maturity,Clay Loam,6.37,56.1,Bollworm,Moderate,37.9,Bollworm,Sticky Trap,7,25.7,41.8,9.1,19.2,57.8,Blurry,0.572,0.777,No,Yes,Bollworm,Aphids,Medium
KR_00161,2026-005-20,Nanded,Biloli,20.96092,76.50536,Soybean,MAUS-71,Fruiting,Sandy Loam,6.81,17.6,Blast,Moderate,26.9,Aphids,Light Trap,13,33.4,57.1,36.2,20.2,82.8,Too Dark,0.244,0.522,Yes,Yes,Early Blight,Bollworm,Medium
KR_00162,2026-008-06,Ahmednagar,Rahata,17.03962,77.60947,Soybean,MAUS-71,Maturity,Black Soil,7.14,37.5,Early Blight,Severe,78.2,Stem Borer,Pheromone Trap,2,21.1,76.0,11.4,19.1,51.8,Good,0.903,0.986,Yes,No,Early Blight,Leaf Miner,Medium
KR_00163,2026-003-16,Sangli,Kavathe Mahankal,17.39578,74.99325,Tomato,Abhinav,Fruiting,Loamy,7.88,54.6,Leaf Mold,Mild,11.7,Leaf Miner,Sticky Trap,2,22.3,60.2,15.2,13.0,72.3,Poor Framing,0.223,0.66,Yes,Yes,Brown Spot,Bollworm,Medium
KR_00164,2026-003-22,Ahmednagar,Kopargaon,16.35244,74.44151,Soybean,MAUS-71,Seedling,Sandy Loam,8.05,39.0,Powdery Mildew,Severe,60.0,Fruit Fly,Pheromone Trap,0,36.9,86.7,28.8,10.8,35.1,Poor Framing,0.619,0.73,No,Yes,Brown Spot,Whitefly,High
KR_00165,2026-007-19,Solapur,Malshiras,17.31591,73.00187,Rice,Indrayani,Flowering,Sandy Loam,6.78,38.7,Bacterial Blight,Mild,12.8,Leaf Miner,Pheromone Trap,0,36.4,69.6,32.7,13.2,63.7,Good,0.991,0.599,Yes,Yes,Early Blight,Aphids,Medium
KR_00166,2026-002-09,Solapur,Malshiras,16.96269,76.29055,Potato,Local-P1,Maturity,Clay Loam,6.75,22.0,Blast,Moderate,46.3,Aphids,Pheromone Trap,12,26.9,58.8,21.8,6.9,45.5,Too Bright,0.406,0.699,Yes,Yes,Rust,Aphids,Medium
KR_00167,2026-008-24,Pune,Baramati,19.48514,79.46229,Cotton,Bunny Bt,Vegetative,Clay Loam,6.91,36.2,Blast,Mild,15.5,Whitefly,Sticky Trap,5,19.9,77.4,36.9,3.5,89.9,Blurry,0.341,0.568,Yes,Yes,Stem Borer,Whitefly,Medium
KR_00168,2026-008-06,Nashik,Malegaon,20.04486,78.67283,Rice,Indrayani,Vegetative,Loamy,7.84,36.4,Brown Spot,Mild,6.8,Bollworm,Light Trap,10,18.1,89.0,43.1,19.0,47.8,Good,0.873,0.982,Yes,No,Leaf Miner,Stem Borer,Medium
KR_00169,2026-003-18,Kolhapur,Karveer,17.22151,76.74832,Soybean,MAUS-71,Fruiting,Sandy Loam,8.07,17.0,Thrips,Moderate,45.8,Aphids,Sticky Trap,8,37.5,79.0,20.7,15.8,20.9,Good,0.845,0.504,Yes,Yes,Leaf Miner,Stem Borer,Medium
KR_00170,2026-003-16,Kolhapur,Kagal,17.48175,79.23042,Tomato,Arka Rakshak,Vegetative,Sandy Loam,6.93,40.1,Brown Spot,Moderate,31.0,Stem Borer,Pheromone Trap,8,21.6,43.3,25.9,6.6,27.5,Good,0.951,0.75,Yes,No,Early Blight,Thrips,Medium
KR_00171,2026-001-14,Solapur,Pandharpur,18.31836,73.87407,Cotton,Bunny Bt,Maturity,Clay Loam,7.73,33.0,Blast,Severe,51.7,Bollworm,Sticky Trap,1,22.3,51.0,37.8,3.9,75.8,Good,0.84,0.753,Yes,No,Late Blight,Fruit Fly,Medium
KR_00172,2026-002-03,Pune,Indapur,20.77053,79.26026,Rice,Basmati,Maturity,Loamy,8.15,32.1,Thrips,Severe,67.9,Aphids,Light Trap,15,19.6,73.7,20.9,21.1,85.1,Poor Framing,0.563,0.632,Yes,Yes,Bacterial Blight,Leaf Miner,Medium
KR_00173,2026-002-16,Satara,Wai,17.2552,75.05971,Tomato,Abhinav,Flowering,Sandy Loam,6.6,41.7,Leaf Miner,Moderate,42.4,Fruit Fly,Light Trap,7,21.3,88.8,5.6,6.7,38.9,Poor Framing,0.515,0.493,No,Yes,Leaf Spot,Bollworm,High
KR_00174,2026-008-05,Solapur,Mangalwedhe,20.24014,76.40589,Soybean,MACS-1188,Flowering,Loamy,6.19,70.9,Downy Mildew,Moderate,26.9,Leaf Miner,Pheromone Trap,8,30.5,43.3,37.7,2.6,69.8,Too Bright,0.612,0.917,Yes,Yes,Leaf Miner,Stem Borer,Medium
KR_00175,2026-005-01,Satara,Karad,19.47076,77.13303,Potato,Kufri Jyoti,Maturity,Clay Loam,8.0,43.9,Early Blight,Mild,11.6,Whitefly,Light Trap,5,21.1,35.7,23.5,17.2,30.2,Good,0.867,0.454,Yes,Yes,Brown Spot,Aphids,Low
KR_00176,2026-007-07,Ahmednagar,Rahata,19.28352,78.17899,Potato,Kufri Jyoti,Vegetative,Sandy Loam,7.94,41.2,Early Blight,Mild,15.7,Leaf Miner,Light Trap,14,25.6,51.6,19.0,6.8,77.3,Too Dark,0.563,0.82,No,Yes,Leaf Mold,Stem Borer,Medium
KR_00177,2026-008-12,Pune,Shirur,16.75143,73.71732,Grapes,Sharad Seedless,Fruiting,Clay Loam,7.54,44.5,Thrips,Mild,7.3,Fruit Fly,Pheromone Trap,0,21.7,41.4,12.1,16.3,74.5,Good,0.773,0.458,No,Yes,Downy Mildew,Stem Borer,Low
KR_00178,2026-008-13,Nanded,Hadgaon,17.81637,78.48305,Rice,Indrayani,Flowering,Sandy Loam,6.16,43.2,Early Blight,Moderate,44.5,Aphids,Pheromone Trap,0,20.4,83.4,11.2,17.4,53.2,Poor Framing,0.648,0.558,Yes,Yes,Leaf Spot,Whitefly,High
KR_00179,2026-003-12,Kolhapur,Hatkanangale,16.87236,77.73354,Cotton,Bunny Bt,Maturity,Black Soil,6.56,53.3,Early Blight,Moderate,46.6,Aphids,Sticky Trap,2,22.7,62.4,0.7,17.9,63.9,Blurry,0.555,0.455,No,Yes,Brown Spot,Aphids,Medium
KR_00180,2026-008-18,Pune,Shirur,16.86734,73.59411,Potato,Kufri Jyoti,Seedling,Black Soil,6.78,24.2,Blast,Mild,6.9,Thrips,Pheromone Trap,9,33.8,82.7,36.2,10.8,34.5,Poor Framing,0.37,0.841,No,Yes,Rust,Aphids,Medium
KR_00181,2026-006-24,Kolhapur,Karveer,17.04377,74.21307,Tomato,Arka Rakshak,Fruiting,Clay Loam,7.91,50.9,Leaf Miner,Severe,55.6,Fruit Fly,Sticky Trap,8,23.9,51.6,16.5,2.0,67.9,Blurry,0.53,0.927,Yes,Yes,Thrips,Whitefly,Medium
KR_00182,2026-001-12,Pune,Baramati,17.04428,77.44096,Potato,Local-P1,Maturity,Clay Loam,6.71,53.5,Leaf Spot,Mild,12.8,Bollworm,Pheromone Trap,0,34.7,43.2,39.3,6.0,56.4,Good,0.758,0.797,Yes,No,Rust,Stem Borer,Low
KR_00183,2026-007-07,Nashik,Dindori,16.07197,78.98673,Cotton,RCH-659,Seedling,Sandy Loam,7.76,18.6,Blast,Severe,82.8,Stem Borer,Pheromone Trap,13,32.2,86.9,12.0,2.8,25.3,Good,0.769,0.567,Yes,Yes,Leaf Spot,Whitefly,High
KR_00184,2026-006-14,Nashik,Malegaon,19.13515,79.15877,Potato,Kufri Pukhraj,Maturity,Sandy Loam,7.64,61.0,Bacterial Blight,Moderate,40.2,Leaf Miner,Light Trap,15,20.1,84.9,24.7,12.1,69.3,Too Dark,0.649,0.689,Yes,Yes,Thrips,Fruit Fly,High
KR_00185,2026-003-04,Ahmednagar,Rahata,19.34627,76.66044,Rice,Phule Samruddhi,Maturity,Clay Loam,6.79,42.1,Downy Mildew,Mild,15.9,Whitefly,Pheromone Trap,0,28.4,97.6,13.6,8.0,36.6,Too Bright,0.342,0.867,Yes,Yes,Leaf Miner,Stem Borer,Medium
KR_00186,2026-002-25,Solapur,Akkalkot,17.95611,73.89965,Tomato,Abhinav,Vegetative,Loamy,6.56,33.0,Bacterial Blight,Moderate,37.1,Thrips,Pheromone Trap,0,32.5,85.0,7.8,18.5,71.7,Too Dark,0.569,0.501,Yes,Yes,Rust,Leaf Miner,Medium
KR_00187,2026-004-14,Solapur,Malshiras,17.91362,78.31142,Grapes,Sonaka,Vegetative,Black Soil,7.39,52.9,Healthy,Mild,1.5,Bollworm,Pheromone Trap,0,24.4,70.6,14.7,16.0,31.5,Poor Framing,0.529,0.662,Yes,Yes,Bacterial Blight,Bollworm,Medium
KR_00188,2026-002-22,Kolhapur,Karveer,16.81407,75.18509,Grapes,Sharad Seedless,Seedling,Sandy Loam,6.58,38.9,Downy Mildew,Severe,54.6,Thrips,Light Trap,9,22.0,59.9,25.7,13.2,94.8,Too Dark,0.311,0.489,Yes,Yes,Thrips,Bollworm,Medium
KR_00189,2026-005-01,Ahmednagar,Shrigonda,18.00897,74.23818,Tomato,Abhinav,Seedling,Clay Loam,6.37,36.0,Leaf Miner,Moderate,38.7,Stem Borer,Pheromone Trap,0,36.5,49.7,30.8,5.1,74.6,Good,0.778,0.479,Yes,Yes,Bollworm,Thrips,Medium
KR_00190,2026-008-21,Sangli,Jat,17.67815,76.06274,Tomato,Hybrid-T1,Maturity,Loamy,6.45,46.4,Late Blight,Severe,66.9,Leaf Miner,Sticky Trap,12,32.0,36.2,26.2,15.3,23.3,Good,0.765,0.558,Yes,Yes,Late Blight,Aphids,Medium
KR_00191,2026-006-16,Solapur,Mangalwedhe,18.13755,74.76352,Cotton,RCH-659,Seedling,Black Soil,6.64,68.0,Downy Mildew,Mild,19.7,Fruit Fly,Pheromone Trap,0,36.1,65.5,26.9,3.8,34.9,Blurry,0.452,0.835,No,Yes,Bollworm,Stem Borer,Medium
KR_00192,2026-007-08,Ahmednagar,Sangamner,16.10105,77.44802,Tomato,Abhinav,Flowering,Loamy,8.19,73.7,Late Blight,Mild,14.4,Stem Borer,Pheromone Trap,0,36.9,94.8,10.2,8.8,49.5,Good,0.772,0.656,Yes,Yes,Bacterial Blight,Whitefly,Medium
KR_00193,2026-002-06,Satara,Karad,21.33795,78.91328,Tomato,Arka Rakshak,Maturity,Loamy,6.45,23.3,Blast,Severe,78.0,Aphids,Sticky Trap,5,31.8,91.6,40.9,10.6,88.2,Too Bright,0.265,0.954,Yes,Yes,Thrips,Bollworm,High
KR_00194,2026-008-05,Sangli,Tasgaon,19.99894,77.97533,Grapes,Thompson Seedless,Flowering,Sandy Loam,7.64,64.3,Powdery Mildew,Severe,59.6,Aphids,Sticky Trap,2,20.6,36.7,44.4,14.3,65.4,Too Dark,0.304,0.575,Yes,Yes,Thrips,Bollworm,Medium
KR_00195,2026-007-13,Nanded,Deglur,17.01187,75.51849,Grapes,Sonaka,Vegetative,Loamy,6.5,39.5,Healthy,Mild,4.6,Bollworm,Light Trap,4,32.8,97.3,34.1,3.3,89.5,Blurry,0.59,0.715,Yes,Yes,Rust,Whitefly,Medium
KR_00196,2026-007-10,Solapur,Akkalkot,19.96111,75.56198,Cotton,Bunny Bt,Maturity,Black Soil,7.15,42.1,Leaf Miner,Mild,18.2,Thrips,Light Trap,12,18.8,59.4,34.4,21.3,34.2,Blurry,0.379,0.614,Yes,Yes,Rust,Thrips,Medium
KR_00197,2026-002-03,Solapur,Pandharpur,18.54968,77.19966,Soybean,MAUS-71,Maturity,Black Soil,6.4,50.1,Bollworm,Severe,69.1,Stem Borer,Light Trap,6,27.0,46.3,26.6,16.3,35.1,Blurry,0.241,0.625,Yes,Yes,Leaf Mold,Thrips,Medium
KR_00198,2026-004-01,Pune,Baramati,19.4874,73.55449,Cotton,RCH-659,Maturity,Loamy,6.83,37.8,Brown Spot,Mild,18.7,Fruit Fly,Sticky Trap,3,35.4,46.3,32.0,10.4,43.2,Too Bright,0.632,0.606,No,Yes,Bollworm,Thrips,Medium
KR_00199,2026-005-11,Kolhapur,Shirol,18.52253,78.56017,Potato,Local-P1,Maturity,Sandy Loam,6.52,50.3,Rust,Moderate,32.3,Bollworm,Pheromone Trap,0,22.9,69.5,27.9,13.2,81.9,Good,0.796,0.48,Yes,Yes,Stem Borer,Aphids,Medium
KR_00200,2026-004-23,Pune,Daund,16.59888,79.45928,Rice,Basmati,Flowering,Loamy,8.13,60.0,Thrips,Mild,6.4,Whitefly,Pheromone Trap,6,36.0,86.7,34.1,18.9,24.9,Blurry,0.261,0.825,No,Yes,Blast,Leaf Miner,Medium
KR_00201,2026-005-07,Nashik,Dindori,16.60116,77.74324,Cotton,Bunny Bt,Seedling,Sandy Loam,7.59,51.3,Brown Spot,Severe,60.1,Fruit Fly,Pheromone Trap,5,28.5,97.7,15.9,4.6,62.2,Too Dark,0.528,0.719,Yes,Yes,Bollworm,Whitefly,High
KR_00202,2026-003-07,Solapur,Mangalwedhe,16.13193,77.06549,Soybean,MAUS-71,Vegetative,Sandy Loam,6.91,35.0,Blast,Severe,57.4,Leaf Miner,Sticky Trap,12,23.6,84.8,13.8,12.1,44.3,Good,0.778,0.63,Yes,Yes,Bacterial Blight,Aphids,High
KR_00203,2026-002-05,Sangli,Miraj,21.07254,76.1142,Grapes,Sonaka,Vegetative,Sandy Loam,6.34,42.6,Leaf Miner,Severe,81.4,Stem Borer,Light Trap,15,32.9,87.6,13.5,16.5,43.7,Too Dark,0.208,0.762,Yes,Yes,Bollworm,Fruit Fly,High
KR_00204,2026-004-03,Kolhapur,Shirol,17.86534,75.43907,Potato,Local-P1,Maturity,Sandy Loam,6.41,22.0,Brown Spot,Moderate,41.2,Whitefly,Pheromone Trap,0,23.4,40.5,39.5,9.4,82.2,Good,0.804,0.613,No,Yes,Brown Spot,Aphids,Medium
KR_00205,2026-002-11,Nanded,Hadgaon,20.39464,78.88221,Rice,Indrayani,Flowering,Sandy Loam,7.61,46.4,Brown Spot,Moderate,24.3,Aphids,Pheromone Trap,0,34.4,94.1,30.5,4.7,74.3,Blurry,0.374,0.917,No,Yes,Late Blight,Aphids,Medium
KR_00206,2026-005-05,Nanded,Hadgaon,16.56707,77.98017,Cotton,RCH-659,Seedling,Clay Loam,7.41,27.6,Early Blight,Mild,9.3,Fruit Fly,Pheromone Trap,13,26.8,42.4,6.7,7.5,21.1,Too Dark,0.452,0.505,Yes,Yes,Blast,Fruit Fly,Low
KR_00207,2026-008-19,Kolhapur,Kagal,16.94201,75.02395,Tomato,Abhinav,Fruiting,Black Soil,6.29,43.2,Powdery Mildew,Mild,6.6,Bollworm,Pheromone Trap,0,26.5,46.3,26.8,13.9,82.7,Poor Framing,0.401,0.642,Yes,Yes,Early Blight,Bollworm,Low
KR_00208,2026-008-04,Satara,Phaltan,20.47068,78.97798,Grapes,Sonaka,Fruiting,Clay Loam,7.51,57.6,Rust,Moderate,27.0,Thrips,Sticky Trap,14,35.9,51.3,16.4,5.7,88.8,Good,0.947,0.926,Yes,No,Rust,Bollworm,Medium
KR_00209,2026-007-19,Sangli,Kavathe Mahankal,18.53683,74.11021,Tomato,Abhinav,Maturity,Loamy,7.12,39.3,Leaf Mold,Mild,9.9,Leaf Miner,Pheromone Trap,0,33.8,68.6,18.0,10.3,66.6,Too Dark,0.272,0.71,No,Yes,Early Blight,Leaf Miner,Medium
KR_00210,2026-001-25,Sangli,Tasgaon,16.95197,77.35243,Cotton,Bunny Bt,Maturity,Sandy Loam,6.25,50.8,Thrips,Severe,53.4,Stem Borer,Sticky Trap,5,37.1,39.4,4.9,18.3,77.9,Blurry,0.347,0.798,No,Yes,Early Blight,Thrips,Medium
KR_00211,2026-001-12,Satara,Koregaon,18.49136,74.89477,Potato,Kufri Pukhraj,Fruiting,Loamy,6.45,67.6,Late Blight,Severe,77.8,Leaf Miner,Pheromone Trap,15,36.9,62.4,44.2,8.9,26.7,Good,0.903,0.726,Yes,Yes,Leaf Miner,Stem Borer,Medium
KR_00212,2026-003-01,Solapur,Mangalwedhe,19.86845,78.3349,Tomato,Hybrid-T1,Flowering,Black Soil,6.52,57.1,Downy Mildew,Severe,61.1,Stem Borer,Light Trap,7,26.7,48.3,7.8,4.8,61.7,Too Bright,0.616,0.904,No,Yes,Leaf Miner,Thrips,Medium
KR_00213,2026-005-14,Pune,Daund,16.79198,78.75178,Cotton,RCH-659,Vegetative,Black Soil,6.3,63.4,Leaf Miner,Moderate,46.8,Leaf Miner,Light Trap,10,21.6,67.1,24.8,11.0,46.6,Good,0.856,0.454,Yes,Yes,Leaf Mold,Whitefly,Medium
KR_00214,2026-001-11,Sangli,Jat,21.38028,76.69297,Cotton,RCH-659,Seedling,Sandy Loam,8.12,19.8,Leaf Mold,Severe,68.4,Aphids,Pheromone Trap,8,28.3,68.0,27.5,6.9,67.3,Poor Framing,0.632,0.492,Yes,Yes,Brown Spot,Stem Borer,Medium
KR_00215,2026-002-05,Solapur,Akkalkot,18.49719,78.88936,Potato,Kufri Pukhraj,Flowering,Sandy Loam,6.78,73.7,Late Blight,Moderate,25.0,Leaf Miner,Pheromone Trap,12,33.7,51.4,28.3,13.6,63.0,Poor Framing,0.646,0.887,Yes,Yes,Late Blight,Aphids,Medium
KR_00216,2026-007-25,Pune,Indapur,17.38628,77.00269,Tomato,Arka Rakshak,Seedling,Black Soil,7.33,69.6,Leaf Mold,Mild,14.9,Whitefly,Sticky Trap,5,33.7,49.9,8.1,12.5,22.5,Good,0.992,0.772,Yes,No,Leaf Miner,Aphids,Low
KR_00217,2026-005-26,Ahmednagar,Sangamner,19.63367,77.71899,Rice,Indrayani,Maturity,Clay Loam,6.12,30.9,Leaf Miner,Mild,5.8,Stem Borer,Light Trap,8,24.0,82.0,33.9,12.7,48.5,Poor Framing,0.376,0.592,Yes,Yes,Downy Mildew,Aphids,Medium
KR_00218,2026-006-18,Nanded,Loha,19.73171,79.25146,Cotton,Bt Cotton,Seedling,Clay Loam,8.1,40.9,Bollworm,Severe,80.0,Whitefly,Pheromone Trap,5,34.0,51.1,26.3,11.2,70.6,Good,0.934,0.768,No,No,Thrips,Thrips,Medium
KR_00219,2026-003-04,Solapur,Mangalwedhe,20.57429,73.07775,Soybean,MAUS-71,Seedling,Sandy Loam,6.77,58.5,Late Blight,Mild,5.5,Fruit Fly,Pheromone Trap,0,19.1,72.4,40.2,6.3,65.0,Good,0.927,0.515,Yes,Yes,Stem Borer,Leaf Miner,Medium
KR_00220,2026-007-06,Satara,Wai,17.62013,77.29311,Soybean,MAUS-71,Fruiting,Clay Loam,7.69,56.5,Powdery Mildew,Moderate,27.7,Aphids,Pheromone Trap,0,23.5,38.9,17.5,21.9,39.4,Too Bright,0.319,0.688,Yes,Yes,Bollworm,Whitefly,Medium
KR_00221,2026-008-14,Nanded,Hadgaon,16.7913,77.9966,Rice,Basmati,Seedling,Sandy Loam,7.57,21.2,Leaf Spot,Mild,13.6,Whitefly,Light Trap,1,35.9,44.4,28.8,20.7,69.8,Good,0.788,0.628,Yes,Yes,Rust,Aphids,Low
KR_00222,2026-005-23,Ahmednagar,Kopargaon,18.97071,73.0215,Cotton,RCH-659,Seedling,Clay Loam,6.73,33.2,Healthy,Mild,3.2,Bollworm,Pheromone Trap,0,25.3,88.8,15.3,18.8,77.0,Good,0.912,0.545,No,Yes,Downy Mildew,Whitefly,Medium
KR_00223,2026-002-07,Ahmednagar,Kopargaon,19.46839,75.3352,Soybean,MAUS-71,Fruiting,Loamy,6.31,26.6,Leaf Mold,Severe,58.3,Stem Borer,Pheromone Trap,0,33.9,75.5,22.5,21.3,80.9,Good,0.759,0.48,Yes,Yes,Rust,Leaf Miner,Medium
KR_00224,2026-004-03,Nanded,Biloli,20.07578,74.51441,Soybean,MACS-1188,Vegetative,Sandy Loam,7.44,43.3,Bollworm,Severe,51.6,Leaf Miner,Sticky Trap,1,21.4,38.1,13.8,17.9,54.2,Good,0.959,0.485,Yes,Yes,Leaf Spot,Aphids,Medium
KR_00225,2026-003-04,Nashik,Sinnar,17.85539,78.43332,Cotton,Bunny Bt,Fruiting,Clay Loam,6.27,56.0,Blast,Mild,9.8,Aphids,Sticky Trap,13,18.9,45.9,2.8,7.5,76.8,Good,0.924,0.749,Yes,Yes,Bollworm,Aphids,Low
KR_00226,2026-005-12,Ahmednagar,Sangamner,16.08597,76.16529,Soybean,MACS-1188,Vegetative,Black Soil,7.55,50.6,Late Blight,Moderate,40.8,Aphids,Light Trap,12,20.5,44.0,12.2,11.0,37.9,Good,0.903,0.47,No,Yes,Rust,Bollworm,Medium
KR_00227,2026-005-07,Ahmednagar,Kopargaon,19.06741,74.24737,Potato,Local-P1,Maturity,Clay Loam,7.9,74.2,Blast,Mild,12.0,Leaf Miner,Sticky Trap,5,19.1,42.1,6.7,18.9,88.4,Blurry,0.279,0.812,No,Yes,Powdery Mildew,Fruit Fly,Low
KR_00228,2026-004-24,Ahmednagar,Rahata,17.83862,78.2335,Grapes,Sonaka,Seedling,Black Soil,8.03,25.6,Brown Spot,Mild,12.3,Bollworm,Pheromone Trap,0,35.9,80.4,26.7,8.5,34.9,Poor Framing,0.604,0.574,No,Yes,Early Blight,Bollworm,Medium
KR_00229,2026-008-14,Ahmednagar,Sangamner,18.06543,74.43431,Grapes,Sharad Seedless,Fruiting,Black Soil,7.96,23.7,Bollworm,Severe,65.9,Stem Borer,Pheromone Trap,3,27.2,47.2,16.1,7.4,45.2,Good,0.923,0.482,No,Yes,Leaf Miner,Aphids,Medium
KR_00230,2026-001-14,Satara,Wai,17.20919,74.91855,Rice,Basmati,Maturity,Loamy,7.27,48.2,Early Blight,Mild,11.2,Fruit Fly,Light Trap,14,37.9,72.3,37.7,7.6,74.8,Poor Framing,0.593,0.584,Yes,Yes,Early Blight,Thrips,Medium
KR_00231,2026-003-23,Solapur,Mangalwedhe,21.452,77.7676,Potato,Local-P1,Fruiting,Sandy Loam,7.05,62.9,Leaf Miner,Mild,11.8,Thrips,Pheromone Trap,0,29.2,35.8,32.9,21.0,30.0,Good,0.81,0.989,No,No,Powdery Mildew,Stem Borer,Low
KR_00232,2026-006-24,Nanded,Hadgaon,21.37031,76.01444,Rice,Basmati,Fruiting,Loamy,7.74,37.2,Rust,Severe,72.2,Aphids,Pheromone Trap,0,25.7,78.5,23.9,7.9,76.5,Poor Framing,0.626,0.743,Yes,Yes,Brown Spot,Bollworm,Medium
KR_00233,2026-006-12,Solapur,Malshiras,20.88388,73.72128,Tomato,Arka Rakshak,Maturity,Black Soil,6.8,25.5,Blast,Severe,52.3,Leaf Miner,Sticky Trap,3,37.6,50.0,5.1,11.6,90.4,Too Dark,0.592,0.83,Yes,Yes,Brown Spot,Whitefly,Medium
KR_00234,2026-003-09,Kolhapur,Karveer,17.5243,73.4119,Tomato,Arka Rakshak,Fruiting,Black Soil,7.03,46.9,Leaf Miner,Severe,81.5,Stem Borer,Pheromone Trap,13,31.5,78.7,44.0,19.7,34.1,Blurry,0.239,0.661,No,Yes,Leaf Spot,Bollworm,Medium
KR_00235,2026-008-19,Pune,Shirur,18.72981,78.68746,Potato,Kufri Pukhraj,Seedling,Clay Loam,6.92,55.9,Bollworm,Mild,12.1,Stem Borer,Light Trap,12,30.9,53.4,2.8,19.4,37.4,Too Dark,0.49,0.672,Yes,Yes,Powdery Mildew,Fruit Fly,Low
KR_00236,2026-001-11,Nanded,Loha,17.67245,73.8577,Tomato,Hybrid-T1,Flowering,Loamy,7.07,73.2,Brown Spot,Mild,7.2,Whitefly,Light Trap,3,30.4,45.1,24.1,5.6,33.2,Poor Framing,0.512,0.81,No,Yes,Early Blight,Bollworm,Low
KR_00237,2026-005-16,Satara,Karad,17.43224,74.19923,Potato,Kufri Pukhraj,Seedling,Clay Loam,8.15,23.9,Rust,Severe,84.1,Fruit Fly,Pheromone Trap,2,36.4,60.5,22.5,4.9,54.4,Good,0.789,0.974,Yes,No,Blast,Fruit Fly,Medium
KR_00238,2026-002-17,Kolhapur,Kagal,20.39767,77.73553,Grapes,Thompson Seedless,Seedling,Sandy Loam,7.98,23.4,Blast,Mild,9.6,Stem Borer,Sticky Trap,8,25.1,55.6,27.4,5.9,59.5,Too Bright,0.621,0.6,No,Yes,Blast,Aphids,Low
KR_00239,2026-007-05,Ahmednagar,Sangamner,18.69756,76.92062,Potato,Local-P1,Flowering,Sandy Loam,6.33,66.2,Thrips,Moderate,31.2,Whitefly,Pheromone Trap,6,24.2,63.1,25.2,6.3,86.6,Poor Framing,0.647,0.884,No,Yes,Brown Spot,Leaf Miner,Medium
KR_00240,2026-008-08,Pune,Shirur,17.14281,76.08499,Potato,Kufri Jyoti,Seedling,Sandy Loam,6.19,39.6,Bollworm,Moderate,32.4,Fruit Fly,Light Trap,12,29.4,92.6,9.0,18.6,41.7,Blurry,0.219,0.896,Yes,Yes,Late Blight,Aphids,Medium
KR_00241,2026-002-12,Solapur,Mangalwedhe,16.84713,74.9511,Cotton,Bunny Bt,Fruiting,Black Soil,7.44,68.6,Downy Mildew,Mild,12.4,Leaf Miner,Sticky Trap,1,20.4,52.5,44.7,3.3,75.9,Too Dark,0.416,0.685,No,Yes,Powdery Mildew,Aphids,Low
KR_00242,2026-005-09,Solapur,Malshiras,16.89566,73.38032,Tomato,Arka Rakshak,Vegetative,Clay Loam,6.36,31.4,Downy Mildew,Severe,81.9,Whitefly,Pheromone Trap,0,23.8,68.4,42.1,12.3,77.5,Good,0.941,0.773,No,No,Thrips,Fruit Fly,Medium
KR_00243,2026-002-04,Sangli,Jat,18.93931,75.28559,Rice,Indrayani,Vegetative,Clay Loam,6.82,44.1,Thrips,Mild,6.5,Thrips,Sticky Trap,14,21.8,91.5,27.6,18.6,59.4,Too Dark,0.521,0.829,Yes,Yes,Downy Mildew,Aphids,Medium
KR_00244,2026-004-04,Satara,Phaltan,18.63735,75.02523,Tomato,Hybrid-T1,Fruiting,Clay Loam,6.38,33.3,Leaf Mold,Mild,8.3,Aphids,Sticky Trap,12,22.5,42.9,5.9,3.6,71.8,Too Bright,0.25,0.46,Yes,Yes,Downy Mildew,Aphids,Low
KR_00245,2026-002-04,Solapur,Mangalwedhe,18.57995,78.90544,Soybean,MACS-1188,Flowering,Black Soil,7.66,61.9,Bollworm,Severe,57.2,Thrips,Sticky Trap,11,25.0,40.7,38.1,20.8,91.2,Good,0.838,0.912,Yes,No,Bacterial Blight,Whitefly,Medium
KR_00246,2026-002-17,Solapur,Pandharpur,19.93696,79.26771,Rice,Basmati,Seedling,Black Soil,8.03,70.2,Leaf Miner,Severe,66.6,Leaf Miner,Sticky Trap,8,31.5,41.8,37.6,21.6,51.8,Too Dark,0.302,0.511,Yes,Yes,Leaf Spot,Aphids,Medium
KR_00247,2026-002-13,Satara,Karad,20.19251,77.58075,Potato,Kufri Pukhraj,Seedling,Black Soil,6.72,21.9,Late Blight,Moderate,38.0,Whitefly,Light Trap,4,29.1,53.3,38.5,5.8,25.2,Too Bright,0.561,0.957,Yes,Yes,Rust,Aphids,Medium
KR_00248,2026-008-22,Nanded,Hadgaon,16.6557,75.56627,Cotton,Bunny Bt,Seedling,Loamy,6.14,73.5,Thrips,Mild,13.9,Stem Borer,Pheromone Trap,0,22.7,61.8,22.5,17.3,77.4,Too Dark,0.323,0.876,Yes,Yes,Downy Mildew,Fruit Fly,Medium
KR_00249,2026-008-07,Ahmednagar,Shrigonda,18.81278,73.95793,Grapes,Sonaka,Seedling,Clay Loam,7.08,28.8,Stem Borer,Mild,6.5,Bollworm,Pheromone Trap,0,28.0,36.7,8.1,14.1,44.5,Good,0.905,0.502,No,Yes,Brown Spot,Aphids,Low
KR_00250,2026-002-19,Kolhapur,Karveer,18.69638,74.70082,Tomato,Abhinav,Maturity,Black Soil,8.1,16.9,Downy Mildew,Mild,10.8,Whitefly,Light Trap,8,27.2,37.1,25.0,19.2,42.7,Poor Framing,0.274,0.683,Yes,Yes,Downy Mildew,Aphids,Low
KR_00251,2026-006-14,Nanded,Loha,18.61751,78.55328,Potato,Local-P1,Fruiting,Clay Loam,7.09,73.3,Bacterial Blight,Severe,62.3,Whitefly,Pheromone Trap,1,18.6,37.8,37.7,9.0,75.7,Good,0.941,0.788,Yes,No,Downy Mildew,Fruit Fly,Medium
KR_00252,2026-006-19,Sangli,Jat,19.63682,74.60949,Cotton,RCH-659,Maturity,Black Soil,8.0,18.9,Late Blight,Mild,10.1,Bollworm,Pheromone Trap,1,27.2,89.4,25.6,20.0,40.0,Poor Framing,0.411,0.462,Yes,Yes,Bacterial Blight,Leaf Miner,Medium
KR_00253,2026-006-09,Pune,Baramati,16.55031,77.38822,Tomato,Arka Rakshak,Maturity,Clay Loam,6.37,33.0,Downy Mildew,Mild,12.5,Aphids,Pheromone Trap,0,34.8,68.8,12.9,3.0,94.7,Blurry,0.562,0.787,Yes,Yes,Leaf Mold,Bollworm,Medium
KR_00254,2026-007-19,Pune,Baramati,18.34908,75.25756,Soybean,MAUS-71,Flowering,Clay Loam,6.95,47.4,Early Blight,Moderate,32.1,Fruit Fly,Light Trap,11,33.3,46.4,0.8,16.1,84.7,Too Dark,0.425,0.807,Yes,Yes,Rust,Stem Borer,Medium
KR_00255,2026-008-18,Solapur,Pandharpur,18.00351,73.96033,Rice,Basmati,Flowering,Sandy Loam,6.9,66.6,Bollworm,Mild,14.5,Aphids,Light Trap,5,34.5,75.7,11.5,14.0,50.4,Good,0.787,0.465,Yes,Yes,Late Blight,Aphids,Medium
KR_00256,2026-002-13,Ahmednagar,Shrigonda,19.55807,73.24052,Rice,Phule Samruddhi,Vegetative,Black Soil,6.57,63.2,Powdery Mildew,Severe,56.2,Aphids,Pheromone Trap,0,37.3,65.6,0.9,19.2,26.3,Too Dark,0.334,0.484,Yes,Yes,Bollworm,Fruit Fly,Medium
KR_00257,2026-001-16,Satara,Koregaon,16.61563,77.77412,Soybean,MAUS-71,Maturity,Clay Loam,7.09,20.4,Bacterial Blight,Mild,16.6,Whitefly,Pheromone Trap,14,29.7,59.6,33.7,6.7,51.7,Good,0.777,0.566,No,Yes,Downy Mildew,Stem Borer,Medium
KR_00258,2026-002-18,Sangli,Jat,17.74069,75.75458,Cotton,Bt Cotton,Flowering,Loamy,6.8,57.9,Leaf Miner,Moderate,20.6,Fruit Fly,Pheromone Trap,0,34.8,76.7,42.3,15.8,79.2,Good,0.813,0.658,Yes,Yes,Leaf Mold,Fruit Fly,Medium
KR_00259,2026-007-27,Nashik,Sinnar,18.13659,78.91363,Grapes,Thompson Seedless,Flowering,Black Soil,8.06,60.4,Late Blight,Mild,17.9,Thrips,Light Trap,11,24.3,86.2,29.0,17.8,40.6,Good,0.956,0.958,Yes,No,Downy Mildew,Fruit Fly,Medium
KR_00260,2026-007-26,Pune,Shirur,19.84165,76.29117,Tomato,Arka Rakshak,Maturity,Clay Loam,7.0,16.6,Healthy,Mild,3.2,Bollworm,Sticky Trap,11,26.9,75.4,0.1,6.0,42.9,Too Dark,0.237,0.535,Yes,Yes,Brown Spot,Thrips,Medium
KR_00261,2026-005-05,Sangli,Kavathe Mahankal,18.63101,77.77862,Tomato,Hybrid-T1,Maturity,Clay Loam,7.76,26.9,Downy Mildew,Moderate,25.5,Stem Borer,Sticky Trap,1,37.0,93.2,29.1,14.5,88.0,Blurry,0.289,0.829,No,Yes,Downy Mildew,Leaf Miner,Medium
KR_00262,2026-007-06,Pune,Indapur,16.93568,76.68708,Soybean,MAUS-71,Maturity,Sandy Loam,7.7,70.7,Leaf Miner,Severe,67.3,Thrips,Sticky Trap,4,36.9,86.2,12.0,16.9,48.7,Blurry,0.585,0.774,Yes,Yes,Late Blight,Whitefly,High
KR_00263,2026-006-20,Ahmednagar,Sangamner,16.15825,79.34483,Rice,Basmati,Fruiting,Loamy,6.81,56.1,Rust,Mild,5.2,Thrips,Pheromone Trap,12,26.0,48.4,17.3,10.5,64.8,Good,0.774,0.482,Yes,Yes,Early Blight,Aphids,Low
KR_00264,2026-006-14,Solapur,Mangalwedhe,17.39511,77.02778,Tomato,Arka Rakshak,Flowering,Loamy,8.13,48.6,Bacterial Blight,Mild,8.9,Fruit Fly,Light Trap,15,24.8,64.5,4.0,16.2,52.5,Good,0.779,0.474,No,Yes,Leaf Miner,Stem Borer,Medium
KR_00265,2026-006-23,Kolhapur,Hatkanangale,19.37112,77.95017,Tomato,Abhinav,Flowering,Sandy Loam,7.96,33.9,Rust,Mild,13.3,Leaf Miner,Light Trap,1,21.8,38.4,8.2,11.4,32.3,Blurry,0.396,0.987,Yes,Yes,Rust,Aphids,Low
KR_00266,2026-006-01,Nanded,Loha,18.71144,78.49795,Rice,Indrayani,Flowering,Black Soil,6.45,32.0,Leaf Miner,Mild,16.2,Aphids,Pheromone Trap,10,35.8,71.9,26.3,21.4,59.5,Too Dark,0.281,0.947,No,Yes,Rust,Bollworm,Medium
KR_00267,2026-005-11,Kolhapur,Shirol,18.16793,76.8372,Soybean,JS-335,Vegetative,Black Soil,6.18,64.8,Powdery Mildew,Moderate,33.6,Whitefly,Pheromone Trap,0,24.6,37.8,28.0,11.1,91.1,Poor Framing,0.608,0.88,No,Yes,Leaf Miner,Aphids,Medium
KR_00268,2026-006-22,Solapur,Mangalwedhe,19.00936,76.91489,Soybean,JS-335,Flowering,Loamy,6.53,61.3,Downy Mildew,Mild,5.3,Thrips,Sticky Trap,7,33.6,53.0,33.9,15.1,29.0,Blurry,0.56,0.847,Yes,Yes,Bollworm,Thrips,Low
KR_00269,2026-008-14,Pune,Indapur,18.81959,76.18255,Grapes,Thompson Seedless,Flowering,Sandy Loam,6.2,40.4,Thrips,Severe,56.5,Leaf Miner,Light Trap,2,18.8,56.5,20.9,6.5,71.5,Good,0.983,0.735,Yes,Yes,Leaf Spot,Stem Borer,Medium
KR_00270,2026-003-27,Pune,Baramati,17.65216,79.39721,Cotton,RCH-659,Vegetative,Sandy Loam,6.65,17.9,Leaf Spot,Mild,12.7,Fruit Fly,Light Trap,7,19.9,76.6,25.6,7.1,39.1,Good,0.942,0.459,Yes,Yes,Rust,Thrips,Medium
KR_00271,2026-008-23,Ahmednagar,Kopargaon,16.4581,78.69891,Tomato,Arka Rakshak,Maturity,Sandy Loam,7.67,42.0,Brown Spot,Moderate,30.2,Aphids,Sticky Trap,4,21.7,82.1,27.2,19.4,28.0,Too Dark,0.208,0.663,No,Yes,Powdery Mildew,Aphids,Medium
KR_00272,2026-008-14,Ahmednagar,Shrigonda,17.6654,78.28536,Potato,Kufri Jyoti,Fruiting,Clay Loam,6.19,23.1,Early Blight,Mild,17.2,Leaf Miner,Sticky Trap,14,18.5,65.3,6.5,6.8,83.2,Too Bright,0.556,0.553,Yes,Yes,Rust,Thrips,Medium
KR_00273,2026-008-13,Solapur,Mangalwedhe,16.91358,73.99074,Cotton,RCH-659,Fruiting,Sandy Loam,6.04,42.0,Early Blight,Mild,9.4,Aphids,Light Trap,1,24.7,41.5,38.1,10.6,51.2,Blurry,0.532,0.772,Yes,Yes,Late Blight,Aphids,Low
KR_00274,2026-008-05,Nanded,Loha,17.27548,73.39458,Soybean,JS-335,Maturity,Clay Loam,7.22,31.1,Powdery Mildew,Moderate,46.7,Bollworm,Light Trap,10,36.8,56.8,31.4,2.4,41.6,Good,0.867,0.687,Yes,Yes,Bacterial Blight,Fruit Fly,Medium
KR_00275,2026-001-12,Kolhapur,Karveer,21.27892,78.41502,Cotton,Bunny Bt,Flowering,Sandy Loam,7.76,65.7,Bacterial Blight,Mild,9.2,Leaf Miner,Pheromone Trap,0,31.3,43.1,9.0,14.1,27.6,Blurry,0.624,0.717,No,Yes,Blast,Aphids,Low
KR_00276,2026-008-27,Kolhapur,Hatkanangale,19.7231,74.13565,Potato,Local-P1,Seedling,Clay Loam,6.95,52.1,Leaf Spot,Severe,57.8,Whitefly,Pheromone Trap,13,25.1,37.9,39.5,7.3,31.3,Poor Framing,0.593,0.776,No,Yes,Rust,Aphids,Medium
KR_00277,2026-004-27,Pune,Daund,20.29909,76.96276,Soybean,MAUS-71,Seedling,Black Soil,6.37,22.1,Early Blight,Moderate,24.7,Whitefly,Light Trap,13,28.1,81.2,4.5,14.9,45.1,Good,0.781,0.559,Yes,Yes,Brown Spot,Aphids,Medium
KR_00278,2026-002-11,Nanded,Deglur,17.57717,74.1132,Tomato,Arka Rakshak,Fruiting,Clay Loam,7.38,29.7,Brown Spot,Severe,64.8,Thrips,Sticky Trap,13,26.6,92.8,40.4,21.0,58.7,Poor Framing,0.363,0.466,No,Yes,Rust,Bollworm,High
KR_00279,2026-007-15,Sangli,Kavathe Mahankal,21.4007,74.06811,Soybean,JS-335,Seedling,Loamy,7.99,18.5,Powdery Mildew,Severe,78.0,Fruit Fly,Pheromone Trap,7,26.0,77.9,24.9,8.1,75.7,Good,0.752,0.601,Yes,Yes,Bollworm,Thrips,Medium
KR_00280,2026-007-17,Nashik,Sinnar,19.83609,78.76989,Cotton,RCH-659,Vegetative,Clay Loam,6.19,47.2,Downy Mildew,Severe,75.2,Thrips,Pheromone Trap,4,19.9,69.8,23.5,17.1,32.0,Good,0.973,0.742,No,Yes,Leaf Miner,Stem Borer,Medium
KR_00281,2026-003-23,Pune,Daund,20.62871,74.68842,Potato,Kufri Jyoti,Seedling,Black Soil,7.66,71.5,Rust,Moderate,37.2,Bollworm,Light Trap,6,37.7,85.7,44.5,13.3,87.1,Poor Framing,0.499,0.906,No,Yes,Late Blight,Stem Borer,Medium
KR_00282,2026-008-24,Ahmednagar,Sangamner,16.57875,76.35694,Rice,Phule Samruddhi,Fruiting,Black Soil,6.32,40.5,Downy Mildew,Mild,6.4,Stem Borer,Sticky Trap,8,22.3,39.9,30.5,10.1,61.9,Too Bright,0.378,0.592,Yes,Yes,Downy Mildew,Aphids,Low
KR_00283,2026-005-16,Ahmednagar,Sangamner,16.7939,73.82631,Cotton,RCH-659,Vegetative,Black Soil,7.53,42.3,Healthy,Mild,3.7,Bollworm,Pheromone Trap,15,37.0,72.9,18.4,4.4,62.9,Good,0.881,0.514,Yes,Yes,Thrips,Stem Borer,Medium
KR_00284,2026-008-25,Solapur,Pandharpur,16.78177,76.83256,Soybean,JS-335,Flowering,Loamy,6.4,59.4,Healthy,Mild,0.6,Bollworm,Pheromone Trap,2,35.4,61.3,25.8,13.3,87.5,Too Bright,0.37,0.901,Yes,Yes,Stem Borer,Thrips,Medium
KR_00285,2026-004-20,Nanded,Loha,16.8194,77.73112,Soybean,MAUS-71,Maturity,Sandy Loam,6.85,69.0,Thrips,Severe,51.6,Leaf Miner,Light Trap,12,23.5,40.6,7.5,2.5,67.3,Too Bright,0.518,0.753,No,Yes,Blast,Bollworm,Medium
KR_00286,2026-007-09,Solapur,Pandharpur,20.12807,76.26715,Soybean,MACS-1188,Maturity,Loamy,8.12,31.5,Early Blight,Mild,17.4,Aphids,Light Trap,2,34.1,73.2,18.1,2.9,84.6,Good,0.835,0.547,No,Yes,Blast,Fruit Fly,Medium
KR_00287,2026-004-25,Pune,Daund,21.38882,76.52157,Tomato,Hybrid-T1,Vegetative,Clay Loam,7.69,24.3,Downy Mildew,Severe,55.9,Fruit Fly,Pheromone Trap,3,18.5,38.7,17.5,8.4,51.0,Good,0.814,0.958,Yes,No,Rust,Whitefly,Medium
KR_00288,2026-003-12,Nashik,Sinnar,18.79742,76.27874,Soybean,JS-335,Seedling,Clay Loam,7.02,39.4,Rust,Mild,11.1,Thrips,Pheromone Trap,0,23.4,95.7,30.4,6.9,61.6,Too Bright,0.257,0.757,Yes,Yes,Leaf Miner,Whitefly,Medium
KR_00289,2026-003-24,Satara,Koregaon,18.95645,75.75439,Potato,Kufri Jyoti,Seedling,Black Soil,7.79,72.7,Bacterial Blight,Moderate,39.6,Thrips,Pheromone Trap,0,19.2,93.1,12.3,7.0,71.0,Good,0.961,0.565,Yes,Yes,Late Blight,Aphids,Medium
KR_00290,2026-008-01,Pune,Indapur,16.49343,77.53979,Rice,Basmati,Maturity,Clay Loam,7.93,27.7,Blast,Moderate,46.5,Whitefly,Pheromone Trap,13,32.2,52.2,29.8,8.4,35.8,Too Dark,0.348,0.944,No,Yes,Bollworm,Aphids,Medium
KR_00291,2026-004-15,Solapur,Pandharpur,18.2724,78.81924,Cotton,RCH-659,Fruiting,Black Soil,7.73,53.9,Leaf Spot,Severe,51.1,Aphids,Light Trap,11,20.5,96.2,16.9,14.0,49.0,Too Bright,0.546,0.826,No,Yes,Rust,Fruit Fly,High
KR_00292,2026-003-18,Solapur,Pandharpur,20.08729,77.92974,Cotton,Bunny Bt,Flowering,Loamy,6.2,51.8,Late Blight,Severe,57.7,Stem Borer,Pheromone Trap,1,23.6,92.0,31.8,6.2,34.7,Too Bright,0.487,0.51,No,Yes,Blast,Aphids,High
KR_00293,2026-002-22,Nashik,Malegaon,16.35948,73.8336,Soybean,MACS-1188,Flowering,Loamy,7.94,58.7,Late Blight,Mild,17.7,Bollworm,Pheromone Trap,11,29.2,63.6,42.2,14.8,90.7,Good,0.963,0.624,Yes,Yes,Downy Mildew,Stem Borer,Medium
KR_00294,2026-001-16,Nanded,Loha,17.9881,77.93364,Cotton,Bt Cotton,Seedling,Clay Loam,8.02,46.9,Thrips,Mild,10.9,Whitefly,Pheromone Trap,0,35.6,85.9,44.6,6.5,71.7,Good,0.979,0.556,Yes,Yes,Leaf Spot,Bollworm,Medium
KR_00295,2026-003-02,Ahmednagar,Kopargaon,19.25892,77.07093,Tomato,Arka Rakshak,Vegetative,Black Soil,7.04,72.5,Leaf Miner,Mild,17.3,Fruit Fly,Sticky Trap,2,33.5,74.0,34.4,14.5,63.4,Good,0.994,0.945,Yes,No,Bollworm,Bollworm,Medium
KR_00296,2026-002-04,Nanded,Hadgaon,17.65809,77.0702,Soybean,MACS-1188,Seedling,Black Soil,6.65,37.9,Leaf Spot,Severe,76.3,Thrips,Pheromone Trap,0,27.1,64.2,19.3,14.4,27.6,Poor Framing,0.622,0.873,Yes,Yes,Thrips,Whitefly,Medium
KR_00297,2026-006-10,Solapur,Mangalwedhe,19.26088,78.46507,Potato,Local-P1,Maturity,Clay Loam,6.78,43.9,Bacterial Blight,Moderate,25.6,Thrips,Pheromone Trap,0,19.2,54.6,19.6,21.2,76.6,Good,0.896,0.742,No,Yes,Rust,Stem Borer,Medium
KR_00298,2026-006-06,Sangli,Jat,18.84724,77.2749,Rice,Indrayani,Vegetative,Black Soil,6.93,26.7,Early Blight,Severe,81.8,Aphids,Pheromone Trap,0,24.8,77.1,31.3,21.6,65.0,Good,0.963,0.756,Yes,No,Late Blight,Leaf Miner,Medium
KR_00299,2026-006-02,Pune,Baramati,20.81858,78.91853,Grapes,Sonaka,Seedling,Loamy,7.53,43.0,Early Blight,Mild,12.2,Aphids,Pheromone Trap,13,32.8,47.9,8.3,21.8,47.2,Good,0.839,0.75,No,No,Rust,Whitefly,Low
KR_00300,2026-007-23,Solapur,Pandharpur,17.08804,74.13195,Tomato,Abhinav,Vegetative,Clay Loam,7.86,29.8,Early Blight,Mild,7.6,Whitefly,Pheromone Trap,0,18.4,77.7,17.1,17.7,28.3,Good,0.826,0.58,Yes,Yes,Powdery Mildew,Thrips,Medium
KR_00301,2026-002-26,Pune,Daund,16.79438,79.00701,Rice,Indrayani,Maturity,Sandy Loam,7.53,34.1,Downy Mildew,Severe,58.6,Bollworm,Sticky Trap,14,28.7,84.7,14.7,3.1,79.7,Too Bright,0.257,0.724,Yes,Yes,Rust,Whitefly,High
KR_00302,2026-007-13,Nanded,Hadgaon,16.92088,75.52275,Cotton,Bunny Bt,Flowering,Sandy Loam,7.14,25.7,Leaf Mold,Moderate,35.8,Stem Borer,Light Trap,8,23.4,60.3,41.5,13.7,22.7,Good,0.974,0.694,No,Yes,Early Blight,Stem Borer,Medium
KR_00303,2026-005-08,Satara,Wai,17.39991,73.55093,Soybean,JS-335,Fruiting,Clay Loam,6.51,17.5,Blast,Severe,61.8,Stem Borer,Light Trap,7,26.2,85.7,14.3,9.6,33.5,Good,0.816,0.491,Yes,Yes,Late Blight,Bollworm,High
KR_00304,2026-008-21,Pune,Daund,16.39242,73.24883,Rice,Phule Samruddhi,Vegetative,Clay Loam,6.55,59.7,Brown Spot,Severe,79.6,Thrips,Sticky Trap,14,33.0,81.6,41.1,2.2,42.5,Too Bright,0.356,0.988,Yes,Yes,Leaf Miner,Aphids,High
KR_00305,2026-006-11,Satara,Karad,17.25168,77.70168,Rice,Phule Samruddhi,Vegetative,Sandy Loam,7.59,42.7,Brown Spot,Mild,9.7,Thrips,Light Trap,13,36.8,61.3,19.7,19.1,22.3,Good,0.894,0.519,Yes,Yes,Rust,Aphids,Medium
KR_00306,2026-002-11,Nashik,Sinnar,18.34146,77.89207,Cotton,Bunny Bt,Flowering,Clay Loam,7.29,49.1,Healthy,Mild,4.6,Bollworm,Sticky Trap,6,29.4,85.3,41.1,13.5,49.3,Blurry,0.292,0.661,Yes,Yes,Early Blight,Aphids,Medium
KR_00307,2026-002-13,Nanded,Deglur,16.51283,73.67804,Potato,Local-P1,Seedling,Sandy Loam,6.06,26.9,Bollworm,Moderate,28.5,Thrips,Pheromone Trap,11,28.5,63.6,16.6,2.2,44.5,Blurry,0.376,0.984,No,Yes,Downy Mildew,Aphids,Medium
KR_00308,2026-001-24,Nashik,Malegaon,20.78747,75.01342,Cotton,Bunny Bt,Fruiting,Loamy,7.33,71.3,Bacterial Blight,Mild,12.5,Leaf Miner,Light Trap,5,22.0,97.4,20.1,18.5,65.4,Good,0.881,0.942,Yes,No,Rust,Aphids,Medium
KR_00309,2026-002-23,Pune,Indapur,19.55465,78.97282,Tomato,Abhinav,Flowering,Sandy Loam,7.35,63.6,Stem Borer,Moderate,27.5,Fruit Fly,Light Trap,8,25.7,76.5,31.4,3.9,72.4,Good,0.81,0.92,No,No,Powdery Mildew,Stem Borer,Medium
KR_00310,2026-003-11,Nashik,Sinnar,18.26203,77.9521,Soybean,JS-335,Seedling,Black Soil,7.11,61.8,Downy Mildew,Moderate,24.9,Thrips,Pheromone Trap,0,27.2,39.6,31.3,17.0,48.6,Poor Framing,0.38,0.555,No,Yes,Late Blight,Bollworm,Medium
KR_00311,2026-004-15,Nanded,Loha,18.53746,73.53657,Cotton,Bt Cotton,Fruiting,Loamy,7.04,31.7,Stem Borer,Mild,17.6,Fruit Fly,Pheromone Trap,0,21.5,42.8,33.4,5.4,70.4,Good,0.919,0.533,Yes,Yes,Early Blight,Aphids,Medium
KR_00312,2026-003-02,Solapur,Mangalwedhe,18.1484,75.00411,Soybean,MAUS-71,Seedling,Black Soil,7.7,61.0,Bollworm,Mild,10.6,Thrips,Sticky Trap,2,18.3,36.8,0.7,18.4,71.0,Good,0.805,0.926,Yes,No,Leaf Miner,Thrips,Low
KR_00313,2026-004-14,Ahmednagar,Kopargaon,20.48593,75.09742,Cotton,Bt Cotton,Maturity,Loamy,8.06,38.7,Downy Mildew,Mild,8.5,Bollworm,Pheromone Trap,6,21.5,60.3,14.2,9.8,54.4,Good,0.914,0.6,Yes,Yes,Rust,Bollworm,Medium
KR_00314,2026-001-08,Kolhapur,Karveer,21.40706,73.66179,Potato,Kufri Pukhraj,Vegetative,Clay Loam,8.11,51.0,Powdery Mildew,Severe,63.6,Aphids,Sticky Trap,6,21.5,83.0,30.9,21.6,70.0,Good,0.834,0.779,Yes,No,Downy Mildew,Whitefly,High
KR_00315,2026-005-25,Solapur,Mangalwedhe,17.69867,77.79644,Rice,Basmati,Seedling,Black Soil,6.3,44.9,Early Blight,Mild,10.6,Leaf Miner,Pheromone Trap,0,22.8,80.7,44.5,10.9,85.8,Good,0.82,0.798,Yes,No,Blast,Leaf Miner,Medium
KR_00316,2026-003-19,Solapur,Pandharpur,20.65814,75.15326,Rice,Indrayani,Maturity,Black Soil,7.99,54.9,Early Blight,Severe,74.4,Thrips,Light Trap,9,24.4,62.9,0.3,19.4,25.2,Good,0.763,0.986,Yes,No,Stem Borer,Bollworm,Medium
KR_00317,2026-008-01,Nashik,Malegaon,18.79084,75.77056,Grapes,Thompson Seedless,Vegetative,Loamy,6.54,25.6,Early Blight,Moderate,28.6,Stem Borer,Sticky Trap,5,35.2,65.3,42.8,9.2,48.3,Blurry,0.399,0.723,Yes,Yes,Brown Spot,Thrips,Medium
KR_00318,2026-007-14,Ahmednagar,Shrigonda,20.69723,77.93258,Tomato,Abhinav,Maturity,Loamy,7.22,25.5,Downy Mildew,Moderate,29.2,Whitefly,Light Trap,9,30.1,39.5,6.1,11.4,31.6,Good,0.751,0.915,Yes,No,Thrips,Aphids,Medium
KR_00319,2026-004-16,Ahmednagar,Rahata,18.11221,75.00077,Potato,Local-P1,Fruiting,Black Soil,8.18,22.5,Bollworm,Severe,55.7,Aphids,Light Trap,5,33.4,82.3,15.7,16.2,67.6,Good,0.924,0.801,Yes,No,Leaf Mold,Whitefly,High
KR_00320,2026-005-23,Solapur,Malshiras,19.47024,77.39677,Cotton,Bunny Bt,Vegetative,Clay Loam,7.33,71.7,Stem Borer,Moderate,27.4,Fruit Fly,Sticky Trap,1,20.3,40.8,32.0,9.7,73.0,Good,0.88,0.552,Yes,Yes,Leaf Miner,Leaf Miner,Medium
KR_00321,2026-003-23,Kolhapur,Karveer,19.22344,77.77057,Cotton,Bt Cotton,Seedling,Clay Loam,7.79,31.1,Early Blight,Severe,63.9,Whitefly,Pheromone Trap,0,37.7,86.4,0.1,3.4,72.2,Too Dark,0.388,0.606,Yes,Yes,Stem Borer,Fruit Fly,High
KR_00322,2026-008-22,Satara,Koregaon,18.67559,76.26699,Soybean,JS-335,Maturity,Loamy,6.41,18.5,Stem Borer,Mild,8.9,Aphids,Light Trap,8,30.5,74.3,39.1,5.3,42.0,Blurry,0.256,0.485,No,Yes,Early Blight,Aphids,Medium
KR_00323,2026-007-20,Pune,Daund,16.33581,77.88669,Soybean,MAUS-71,Maturity,Black Soil,6.21,46.3,Healthy,Mild,1.9,Bollworm,Pheromone Trap,15,27.7,82.7,27.2,8.7,71.1,Good,1.0,0.891,Yes,No,Powdery Mildew,Leaf Miner,Medium
KR_00324,2026-001-26,Solapur,Malshiras,20.80193,78.24076,Soybean,JS-335,Fruiting,Loamy,6.06,22.4,Blast,Moderate,48.5,Aphids,Sticky Trap,6,27.0,78.2,39.1,12.3,69.5,Good,0.997,0.967,Yes,No,Rust,Fruit Fly,Medium
KR_00325,2026-005-27,Sangli,Kavathe Mahankal,17.28457,76.14948,Cotton,Bunny Bt,Seedling,Clay Loam,6.94,70.9,Bollworm,Moderate,49.6,Aphids,Pheromone Trap,0,32.7,53.5,8.8,4.9,59.0,Too Dark,0.553,0.837,No,Yes,Rust,Bollworm,Medium
KR_00326,2026-008-03,Nanded,Biloli,20.93025,79.20783,Grapes,Sharad Seedless,Maturity,Loamy,6.54,25.2,Powdery Mildew,Severe,53.1,Stem Borer,Pheromone Trap,0,21.2,93.5,40.6,17.3,36.5,Good,0.916,0.964,Yes,No,Powdery Mildew,Thrips,High
KR_00327,2026-006-13,Sangli,Tasgaon,21.12479,77.98119,Potato,Local-P1,Flowering,Sandy Loam,8.0,59.6,Leaf Mold,Moderate,39.6,Aphids,Light Trap,13,22.7,51.3,13.1,4.2,45.5,Too Dark,0.622,0.852,No,Yes,Thrips,Thrips,Medium
KR_00328,2026-001-20,Solapur,Malshiras,16.34037,76.48142,Grapes,Thompson Seedless,Flowering,Clay Loam,7.75,71.0,Stem Borer,Severe,73.2,Fruit Fly,Sticky Trap,2,25.9,68.9,20.7,4.9,90.7,Too Bright,0.299,0.817,No,Yes,Late Blight,Thrips,Medium
KR_00329,2026-005-27,Sangli,Miraj,18.76308,77.4759,Tomato,Abhinav,Maturity,Sandy Loam,7.39,27.9,Late Blight,Severe,83.8,Bollworm,Pheromone Trap,3,34.6,48.3,33.0,18.2,72.5,Good,0.981,0.869,Yes,No,Leaf Mold,Leaf Miner,Medium
KR_00330,2026-005-05,Satara,Phaltan,19.01369,75.19317,Cotton,RCH-659,Flowering,Sandy Loam,6.86,46.7,Late Blight,Moderate,40.9,Thrips,Light Trap,2,20.6,82.4,26.1,18.1,83.7,Poor Framing,0.337,0.804,Yes,Yes,Rust,Aphids,High
KR_00331,2026-004-02,Nashik,Malegaon,20.42397,74.27176,Cotton,Bt Cotton,Flowering,Black Soil,7.49,74.3,Stem Borer,Moderate,48.5,Stem Borer,Sticky Trap,15,19.1,57.4,21.3,20.9,28.8,Too Dark,0.493,0.77,Yes,Yes,Powdery Mildew,Leaf Miner,Medium
KR_00332,2026-003-13,Pune,Shirur,18.18155,74.96748,Potato,Local-P1,Fruiting,Black Soil,7.71,66.9,Powdery Mildew,Moderate,28.3,Leaf Miner,Light Trap,6,18.2,42.3,5.5,14.8,88.1,Good,0.756,0.759,Yes,No,Late Blight,Bollworm,Medium
KR_00333,2026-001-18,Nanded,Loha,17.641,73.81404,Tomato,Hybrid-T1,Maturity,Loamy,6.89,57.0,Downy Mildew,Severe,78.6,Aphids,Light Trap,2,28.4,71.8,32.1,17.8,29.3,Too Bright,0.293,0.806,No,Yes,Leaf Miner,Thrips,Medium
KR_00334,2026-008-05,Nanded,Deglur,16.67675,73.8373,Rice,Basmati,Vegetative,Black Soil,7.24,66.1,Healthy,Mild,0.4,Bollworm,Pheromone Trap,0,28.1,57.9,24.5,10.5,90.9,Good,0.812,0.475,Yes,Yes,Bollworm,Stem Borer,Low
KR_00335,2026-005-13,Nanded,Deglur,18.87466,79.40913,Tomato,Abhinav,Maturity,Loamy,7.51,54.8,Healthy,Mild,1.2,Bollworm,Sticky Trap,3,24.0,87.5,43.1,14.0,36.2,Good,0.819,0.844,Yes,No,Blast,Stem Borer,Medium
KR_00336,2026-002-18,Satara,Karad,18.50837,79.14081,Cotton,RCH-659,Vegetative,Loamy,6.16,59.0,Powdery Mildew,Severe,72.6,Leaf Miner,Pheromone Trap,10,31.1,86.7,27.2,10.4,31.5,Too Bright,0.395,0.464,Yes,Yes,Leaf Spot,Stem Borer,High
KR_00337,2026-005-20,Pune,Baramati,16.36278,77.16115,Tomato,Arka Rakshak,Flowering,Loamy,7.91,28.5,Healthy,Mild,0.5,Bollworm,Sticky Trap,7,37.0,84.3,5.6,12.5,85.7,Too Dark,0.57,0.714,Yes,Yes,Leaf Mold,Stem Borer,Medium
KR_00338,2026-003-15,Pune,Daund,16.93911,79.15232,Grapes,Sonaka,Flowering,Sandy Loam,7.05,22.7,Healthy,Mild,3.4,Bollworm,Sticky Trap,11,20.5,58.9,33.1,3.1,74.4,Good,0.927,0.585,Yes,Yes,Leaf Mold,Aphids,Low
KR_00339,2026-007-22,Sangli,Kavathe Mahankal,18.76226,74.79285,Grapes,Sharad Seedless,Vegetative,Clay Loam,7.4,20.2,Late Blight,Moderate,43.1,Aphids,Pheromone Trap,0,30.7,39.8,10.8,3.9,63.1,Good,0.936,0.749,Yes,Yes,Leaf Miner,Aphids,Medium
KR_00340,2026-003-03,Satara,Karad,18.73793,77.45329,Cotton,Bunny Bt,Seedling,Sandy Loam,6.03,26.4,Leaf Miner,Severe,50.3,Stem Borer,Pheromone Trap,4,37.9,76.7,41.4,22.0,90.9,Poor Framing,0.474,0.778,Yes,Yes,Powdery Mildew,Whitefly,Medium
KR_00341,2026-008-20,Sangli,Tasgaon,18.82526,79.19114,Grapes,Thompson Seedless,Fruiting,Loamy,6.82,21.8,Bollworm,Severe,58.7,Fruit Fly,Pheromone Trap,0,23.8,65.4,11.9,2.0,67.3,Blurry,0.298,0.615,Yes,Yes,Powdery Mildew,Aphids,Medium
KR_00342,2026-005-12,Nanded,Hadgaon,17.95659,77.00095,Tomato,Arka Rakshak,Flowering,Black Soil,6.01,68.4,Stem Borer,Moderate,30.6,Bollworm,Light Trap,8,22.0,68.3,40.4,10.2,88.5,Good,0.789,0.805,No,No,Downy Mildew,Fruit Fly,Medium
KR_00343,2026-007-16,Ahmednagar,Sangamner,18.95035,74.75163,Grapes,Sharad Seedless,Fruiting,Loamy,6.31,59.8,Healthy,Mild,1.8,Bollworm,Sticky Trap,2,21.8,37.5,17.8,16.9,87.6,Good,0.917,0.962,Yes,No,Late Blight,Bollworm,Low
KR_00344,2026-007-08,Nanded,Biloli,17.78688,77.96855,Grapes,Sharad Seedless,Fruiting,Loamy,6.24,21.5,Healthy,Mild,0.6,Bollworm,Pheromone Trap,9,18.3,78.1,2.3,18.6,52.2,Too Dark,0.532,0.685,No,Yes,Rust,Bollworm,Medium
KR_00345,2026-002-28,Satara,Koregaon,17.37207,77.98373,Tomato,Abhinav,Vegetative,Sandy Loam,6.44,57.4,Brown Spot,Mild,15.5,Fruit Fly,Sticky Trap,4,37.9,72.2,28.6,6.6,29.9,Good,0.818,0.554,No,Yes,Rust,Whitefly,Medium
KR_00346,2026-005-20,Solapur,Akkalkot,18.24013,74.9919,Cotton,Bt Cotton,Vegetative,Clay Loam,6.94,18.7,Downy Mildew,Severe,51.8,Bollworm,Pheromone Trap,6,23.6,57.1,18.8,8.4,23.6,Good,0.75,0.807,Yes,No,Late Blight,Aphids,Medium
KR_00347,2026-001-19,Pune,Baramati,17.01662,79.16413,Tomato,Arka Rakshak,Flowering,Black Soil,6.21,15.8,Blast,Mild,10.0,Leaf Miner,Pheromone Trap,12,33.6,68.3,16.7,15.0,35.8,Blurry,0.239,0.507,Yes,Yes,Bacterial Blight,Bollworm,Medium
KR_00348,2026-007-03,Nashik,Malegaon,19.87563,79.01575,Soybean,MAUS-71,Maturity,Clay Loam,6.66,43.5,Brown Spot,Mild,13.0,Thrips,Pheromone Trap,0,20.6,61.3,32.0,19.8,77.0,Too Bright,0.608,0.977,Yes,Yes,Rust,Bollworm,Medium
KR_00349,2026-007-13,Nanded,Loha,18.8807,79.19089,Soybean,MACS-1188,Maturity,Clay Loam,7.53,22.7,Healthy,Mild,4.8,Bollworm,Pheromone Trap,0,33.9,78.7,33.3,9.9,71.4,Too Bright,0.431,0.49,Yes,Yes,Blast,Leaf Miner,Medium
KR_00350,2026-004-18,Kolhapur,Kagal,17.01236,74.04002,Rice,Basmati,Seedling,Sandy Loam,7.11,58.2,Late Blight,Moderate,45.6,Whitefly,Pheromone Trap,9,20.4,49.1,24.0,7.8,68.0,Good,0.982,0.596,Yes,Yes,Powdery Mildew,Whitefly,Medium
KR_00351,2026-007-21,Pune,Daund,19.56755,77.11244,Tomato,Arka Rakshak,Seedling,Clay Loam,7.59,39.5,Bacterial Blight,Moderate,29.7,Bollworm,Pheromone Trap,0,34.5,48.8,43.4,5.5,92.9,Too Dark,0.496,0.919,Yes,Yes,Bacterial Blight,Bollworm,Medium
KR_00352,2026-007-22,Kolhapur,Kagal,20.49266,74.43415,Tomato,Hybrid-T1,Maturity,Sandy Loam,6.34,28.9,Leaf Mold,Moderate,31.1,Stem Borer,Pheromone Trap,0,27.9,63.9,36.7,5.5,62.7,Poor Framing,0.281,0.602,Yes,Yes,Bollworm,Thrips,Medium
KR_00353,2026-002-18,Nashik,Dindori,16.78937,75.77157,Grapes,Sharad Seedless,Fruiting,Black Soil,7.59,23.2,Brown Spot,Mild,14.0,Stem Borer,Light Trap,1,20.2,35.9,37.4,20.7,29.9,Too Bright,0.238,0.527,Yes,Yes,Rust,Aphids,Low
KR_00354,2026-007-05,Sangli,Jat,17.11277,76.12277,Potato,Kufri Jyoti,Vegetative,Clay Loam,6.73,24.3,Healthy,Mild,2.7,Bollworm,Pheromone Trap,11,28.9,36.3,2.0,12.9,27.7,Too Bright,0.387,0.451,No,Yes,Early Blight,Leaf Miner,Low
KR_00355,2026-005-12,Sangli,Miraj,17.24236,78.71344,Grapes,Sharad Seedless,Seedling,Sandy Loam,6.37,21.6,Leaf Spot,Moderate,30.7,Fruit Fly,Pheromone Trap,2,25.2,93.3,3.8,2.9,31.3,Blurry,0.439,0.774,Yes,Yes,Stem Borer,Stem Borer,Medium
KR_00356,2026-006-11,Pune,Indapur,21.03929,77.30126,Tomato,Abhinav,Seedling,Black Soil,7.9,73.7,Brown Spot,Severe,55.1,Thrips,Light Trap,8,32.4,84.5,21.5,3.3,63.3,Poor Framing,0.325,0.499,Yes,Yes,Stem Borer,Leaf Miner,High
KR_00357,2026-001-07,Nanded,Loha,18.64709,79.32352,Potato,Kufri Pukhraj,Flowering,Loamy,7.76,54.2,Early Blight,Moderate,32.6,Stem Borer,Light Trap,9,28.7,49.5,3.8,16.3,59.5,Too Bright,0.512,0.854,Yes,Yes,Early Blight,Fruit Fly,Medium
KR_00358,2026-002-22,Solapur,Malshiras,19.07106,79.2245,Soybean,MACS-1188,Flowering,Clay Loam,7.87,67.0,Leaf Miner,Mild,9.4,Thrips,Light Trap,4,22.2,49.1,33.6,4.3,72.2,Good,0.844,0.464,Yes,Yes,Thrips,Aphids,Low
KR_00359,2026-001-20,Pune,Baramati,20.6059,78.6581,Soybean,MACS-1188,Flowering,Loamy,6.17,19.6,Bacterial Blight,Moderate,24.5,Thrips,Light Trap,12,20.8,68.2,42.7,11.4,74.2,Blurry,0.552,0.825,No,Yes,Stem Borer,Aphids,Medium
KR_00360,2026-008-16,Satara,Koregaon,16.05977,78.41242,Cotton,RCH-659,Maturity,Clay Loam,8.02,45.1,Leaf Mold,Mild,11.4,Thrips,Pheromone Trap,2,28.4,96.6,5.6,6.2,66.4,Good,0.848,0.894,Yes,No,Bacterial Blight,Bollworm,Medium
KR_00361,2026-002-19,Sangli,Kavathe Mahankal,20.5499,74.07136,Tomato,Abhinav,Fruiting,Loamy,6.59,21.3,Thrips,Severe,77.3,Whitefly,Pheromone Trap,0,22.8,45.3,4.8,6.2,20.8,Good,0.797,0.559,Yes,Yes,Early Blight,Stem Borer,Medium
KR_00362,2026-005-06,Solapur,Akkalkot,16.25124,75.04477,Tomato,Hybrid-T1,Flowering,Clay Loam,8.11,45.0,Thrips,Moderate,41.8,Thrips,Pheromone Trap,0,24.6,91.5,22.7,12.0,78.1,Good,0.897,0.656,Yes,Yes,Leaf Miner,Aphids,High
KR_00363,2026-003-19,Satara,Karad,16.43314,77.06869,Cotton,Bt Cotton,Vegetative,Loamy,7.69,24.7,Blast,Severe,84.7,Fruit Fly,Pheromone Trap,8,33.7,56.4,16.2,19.1,52.3,Poor Framing,0.548,0.659,No,Yes,Bacterial Blight,Bollworm,Medium
KR_00364,2026-001-12,Nanded,Hadgaon,20.426,73.92705,Tomato,Abhinav,Seedling,Sandy Loam,6.21,33.8,Bollworm,Moderate,24.8,Whitefly,Pheromone Trap,6,19.8,46.3,34.7,7.2,55.5,Good,0.941,0.689,Yes,Yes,Leaf Spot,Aphids,Medium
KR_00365,2026-005-13,Kolhapur,Karveer,18.24968,77.02794,Cotton,Bt Cotton,Fruiting,Clay Loam,7.13,52.5,Thrips,Moderate,22.5,Stem Borer,Light Trap,5,35.5,97.4,1.9,21.5,24.3,Too Bright,0.31,0.893,No,Yes,Leaf Miner,Bollworm,Medium
KR_00366,2026-002-09,Satara,Karad,20.69606,74.44983,Grapes,Sharad Seedless,Seedling,Clay Loam,7.02,53.5,Bollworm,Moderate,23.3,Thrips,Pheromone Trap,0,36.3,93.1,34.6,6.0,44.7,Good,0.836,0.776,No,No,Leaf Mold,Aphids,Medium
KR_00367,2026-005-13,Nanded,Hadgaon,18.99795,79.16547,Rice,Basmati,Vegetative,Clay Loam,7.25,74.3,Brown Spot,Moderate,21.9,Aphids,Pheromone Trap,13,26.6,64.8,2.4,19.4,91.4,Poor Framing,0.39,0.586,No,Yes,Stem Borer,Bollworm,Medium
KR_00368,2026-004-03,Pune,Indapur,20.80577,75.93424,Grapes,Sharad Seedless,Vegetative,Clay Loam,6.4,18.2,Bollworm,Moderate,30.3,Aphids,Pheromone Trap,3,22.0,94.3,21.7,12.7,78.8,Poor Framing,0.397,0.943,Yes,Yes,Leaf Miner,Aphids,Medium
KR_00369,2026-007-23,Satara,Wai,19.65235,78.35277,Cotton,Bunny Bt,Flowering,Black Soil,6.33,42.5,Stem Borer,Moderate,45.9,Bollworm,Light Trap,5,28.4,35.2,20.3,18.7,29.4,Blurry,0.488,0.762,No,Yes,Leaf Mold,Whitefly,Medium
KR_00370,2026-008-14,Satara,Karad,17.18876,74.36346,Rice,Basmati,Maturity,Black Soil,6.81,36.8,Late Blight,Moderate,35.1,Aphids,Pheromone Trap,0,32.0,75.9,20.5,10.2,46.4,Too Dark,0.392,0.976,Yes,Yes,Bollworm,Thrips,Medium
KR_00371,2026-005-28,Sangli,Tasgaon,19.04014,74.05727,Grapes,Thompson Seedless,Flowering,Sandy Loam,7.4,57.1,Bollworm,Mild,19.9,Aphids,Pheromone Trap,0,19.8,36.0,42.0,4.1,76.2,Too Dark,0.617,0.504,Yes,Yes,Bacterial Blight,Aphids,Medium
KR_00372,2026-007-02,Ahmednagar,Sangamner,17.22584,75.95509,Grapes,Sonaka,Vegetative,Sandy Loam,8.09,36.0,Brown Spot,Moderate,32.4,Aphids,Light Trap,1,36.8,84.3,22.8,7.4,69.4,Good,0.96,0.879,Yes,No,Early Blight,Aphids,Medium
KR_00373,2026-007-08,Solapur,Mangalwedhe,16.84356,75.43364,Potato,Kufri Pukhraj,Maturity,Clay Loam,6.74,72.5,Downy Mildew,Mild,13.3,Stem Borer,Sticky Trap,10,30.9,87.2,36.1,13.6,29.7,Poor Framing,0.376,0.843,Yes,Yes,Thrips,Thrips,Medium
KR_00374,2026-004-21,Pune,Shirur,18.77341,77.10437,Grapes,Sharad Seedless,Flowering,Loamy,8.09,27.2,Leaf Spot,Mild,11.6,Leaf Miner,Sticky Trap,1,30.4,69.3,43.8,13.4,21.9,Poor Framing,0.259,0.695,Yes,Yes,Thrips,Thrips,Medium
KR_00375,2026-007-04,Nashik,Niphad,17.06606,78.46297,Cotton,RCH-659,Flowering,Black Soil,6.6,71.1,Powdery Mildew,Mild,14.6,Fruit Fly,Pheromone Trap,0,20.2,93.4,5.5,4.8,39.6,Good,0.773,0.717,Yes,Yes,Leaf Miner,Whitefly,Medium
KR_00376,2026-003-17,Nanded,Hadgaon,18.2756,76.16236,Cotton,Bt Cotton,Vegetative,Sandy Loam,6.83,33.8,Bollworm,Moderate,44.3,Thrips,Pheromone Trap,1,36.1,76.6,28.4,19.1,28.8,Good,0.998,0.711,Yes,Yes,Blast,Aphids,Medium
KR_00377,2026-007-17,Kolhapur,Shirol,17.06065,73.19211,Soybean,MAUS-71,Maturity,Loamy,6.48,36.9,Bollworm,Mild,5.4,Thrips,Sticky Trap,2,32.6,94.2,12.0,11.6,91.5,Good,0.927,0.802,Yes,No,Brown Spot,Aphids,Medium
KR_00378,2026-008-06,Ahmednagar,Sangamner,17.37551,74.2862,Cotton,RCH-659,Fruiting,Black Soil,7.28,61.0,Late Blight,Mild,16.9,Leaf Miner,Light Trap,7,35.7,61.7,33.6,18.3,66.7,Too Dark,0.372,0.558,Yes,Yes,Bollworm,Bollworm,Medium
KR_00379,2026-004-18,Solapur,Malshiras,19.22778,74.90758,Cotton,Bunny Bt,Flowering,Sandy Loam,6.07,25.8,Thrips,Moderate,43.7,Whitefly,Sticky Trap,2,22.3,58.4,6.5,8.3,20.7,Poor Framing,0.205,0.628,Yes,Yes,Brown Spot,Fruit Fly,Medium
KR_00380,2026-006-19,Pune,Baramati,17.55988,74.37914,Rice,Indrayani,Maturity,Clay Loam,7.58,71.8,Brown Spot,Severe,52.6,Leaf Miner,Light Trap,11,33.1,55.0,14.4,5.9,80.2,Blurry,0.221,0.598,No,Yes,Rust,Thrips,Medium
KR_00381,2026-008-20,Ahmednagar,Sangamner,19.17028,74.85274,Cotton,Bunny Bt,Seedling,Sandy Loam,6.63,65.5,Downy Mildew,Mild,18.4,Fruit Fly,Pheromone Trap,0,24.7,36.0,21.1,18.6,51.1,Good,0.819,0.857,Yes,No,Blast,Fruit Fly,Medium
KR_00382,2026-005-26,Solapur,Akkalkot,17.64144,79.39578,Grapes,Sharad Seedless,Seedling,Clay Loam,8.06,21.2,Early Blight,Mild,17.4,Thrips,Pheromone Trap,0,37.9,89.3,32.6,6.5,26.6,Poor Framing,0.606,0.649,Yes,Yes,Rust,Aphids,Medium
KR_00383,2026-005-11,Solapur,Mangalwedhe,16.26402,74.97789,Tomato,Arka Rakshak,Maturity,Sandy Loam,6.59,25.2,Stem Borer,Severe,66.1,Thrips,Pheromone Trap,14,21.0,71.8,38.3,19.9,67.8,Poor Framing,0.255,0.735,Yes,Yes,Powdery Mildew,Aphids,Medium
KR_00384,2026-005-23,Nanded,Biloli,16.5049,77.98031,Cotton,Bt Cotton,Flowering,Loamy,7.45,59.1,Early Blight,Severe,52.7,Stem Borer,Pheromone Trap,0,22.2,77.2,21.1,9.7,56.6,Good,0.802,0.769,Yes,No,Leaf Miner,Fruit Fly,Medium
KR_00385,2026-003-09,Nanded,Biloli,20.66294,73.68679,Rice,Indrayani,Flowering,Sandy Loam,8.15,67.1,Blast,Mild,16.7,Thrips,Pheromone Trap,0,23.6,45.3,13.8,19.4,68.6,Good,0.865,0.508,No,Yes,Rust,Aphids,Medium
KR_00386,2026-007-04,Solapur,Akkalkot,19.64037,75.94217,Tomato,Hybrid-T1,Maturity,Black Soil,6.78,27.7,Downy Mildew,Severe,65.1,Whitefly,Pheromone Trap,0,26.8,58.3,2.2,9.7,89.6,Good,0.824,0.667,Yes,Yes,Blast,Aphids,Medium
KR_00387,2026-001-04,Solapur,Pandharpur,21.27434,74.42727,Soybean,MACS-1188,Maturity,Clay Loam,6.53,46.9,Late Blight,Mild,18.2,Leaf Miner,Light Trap,7,25.9,48.9,37.1,15.8,57.1,Good,0.946,0.638,No,Yes,Bacterial Blight,Stem Borer,Medium
KR_00388,2026-004-16,Satara,Karad,20.065,78.54167,Cotton,Bt Cotton,Vegetative,Clay Loam,7.5,25.0,Thrips,Moderate,24.3,Bollworm,Light Trap,7,24.7,46.2,11.9,3.5,70.9,Too Bright,0.204,0.64,Yes,Yes,Rust,Aphids,Medium
KR_00389,2026-002-09,Pune,Daund,20.5041,76.68723,Tomato,Hybrid-T1,Maturity,Loamy,7.66,61.5,Leaf Spot,Moderate,44.1,Whitefly,Light Trap,8,32.7,97.4,11.6,11.7,47.3,Good,0.957,0.613,Yes,Yes,Blast,Aphids,High
KR_00390,2026-005-22,Solapur,Pandharpur,21.38251,78.56573,Cotton,Bt Cotton,Flowering,Sandy Loam,6.07,49.7,Leaf Mold,Moderate,30.8,Leaf Miner,Pheromone Trap,0,21.9,95.2,28.7,21.3,85.8,Poor Framing,0.445,0.943,Yes,Yes,Bollworm,Thrips,Medium
KR_00391,2026-005-16,Sangli,Miraj,18.15064,75.71241,Tomato,Arka Rakshak,Vegetative,Black Soil,7.27,57.1,Leaf Miner,Severe,54.3,Aphids,Light Trap,10,37.4,84.9,13.0,21.4,57.4,Poor Framing,0.266,0.818,Yes,Yes,Late Blight,Thrips,High
KR_00392,2026-007-19,Kolhapur,Shirol,20.39882,73.10135,Soybean,MACS-1188,Flowering,Black Soil,6.12,33.3,Downy Mildew,Moderate,39.8,Bollworm,Pheromone Trap,0,23.0,57.1,12.7,19.2,69.9,Too Bright,0.452,0.965,Yes,Yes,Stem Borer,Whitefly,Medium
KR_00393,2026-005-19,Pune,Indapur,17.20372,76.07566,Tomato,Hybrid-T1,Fruiting,Sandy Loam,6.88,69.2,Bollworm,Moderate,47.6,Fruit Fly,Pheromone Trap,3,29.3,77.8,14.5,13.6,71.2,Good,0.813,0.675,No,Yes,Late Blight,Bollworm,Medium
KR_00394,2026-006-05,Nanded,Biloli,18.06781,78.69349,Grapes,Sonaka,Vegetative,Sandy Loam,7.53,45.2,Powdery Mildew,Severe,62.5,Whitefly,Light Trap,8,26.4,60.8,1.2,13.2,91.8,Blurry,0.24,0.526,Yes,Yes,Brown Spot,Whitefly,Medium
KR_00395,2026-004-17,Kolhapur,Shirol,20.15434,75.55229,Grapes,Sharad Seedless,Seedling,Sandy Loam,7.78,67.5,Rust,Mild,6.3,Whitefly,Pheromone Trap,0,24.7,41.1,13.1,11.6,44.8,Good,0.78,0.766,Yes,No,Leaf Mold,Aphids,Low
KR_00396,2026-005-13,Satara,Karad,16.75022,78.81784,Cotton,Bt Cotton,Flowering,Clay Loam,7.58,71.2,Brown Spot,Moderate,38.7,Thrips,Pheromone Trap,0,19.3,44.6,39.6,12.4,38.5,Good,0.868,0.9,Yes,No,Rust,Bollworm,Medium
KR_00397,2026-005-13,Nanded,Biloli,20.51149,78.47119,Potato,Kufri Jyoti,Maturity,Sandy Loam,7.89,52.0,Downy Mildew,Mild,14.5,Thrips,Sticky Trap,14,32.9,50.2,23.0,16.0,35.0,Blurry,0.331,0.81,Yes,Yes,Rust,Fruit Fly,Low
KR_00398,2026-006-23,Ahmednagar,Kopargaon,18.5518,78.28771,Rice,Indrayani,Flowering,Sandy Loam,6.26,38.4,Bacterial Blight,Moderate,21.0,Leaf Miner,Light Trap,1,36.2,57.3,6.3,19.6,54.4,Good,0.995,0.643,Yes,Yes,Blast,Whitefly,Medium
KR_00399,2026-003-23,Ahmednagar,Kopargaon,16.95973,73.98412,Cotton,Bunny Bt,Maturity,Clay Loam,7.01,66.5,Stem Borer,Moderate,43.5,Leaf Miner,Pheromone Trap,15,25.9,92.7,29.0,9.5,55.4,Poor Framing,0.281,0.833,Yes,Yes,Powdery Mildew,Stem Borer,High
KR_00400,2026-002-02,Sangli,Miraj,19.21471,78.39426,Soybean,MACS-1188,Seedling,Loamy,6.51,54.9,Rust,Severe,66.7,Aphids,Sticky Trap,13,34.2,81.2,10.6,20.0,33.0,Blurry,0.54,0.677,No,Yes,Bacterial Blight,Stem Borer,High
KR_00401,2026-004-02,Pune,Baramati,20.19844,76.94247,Soybean,MACS-1188,Flowering,Black Soil,7.54,37.7,Powdery Mildew,Severe,69.5,Thrips,Pheromone Trap,8,26.8,53.0,9.1,5.2,81.0,Too Bright,0.556,0.496,No,Yes,Powdery Mildew,Bollworm,Medium
KR_00402,2026-003-26,Satara,Phaltan,17.97759,75.65218,Potato,Local-P1,Flowering,Loamy,7.5,72.5,Leaf Mold,Severe,68.5,Thrips,Sticky Trap,10,34.6,66.6,16.0,20.0,84.0,Too Bright,0.23,0.681,Yes,Yes,Leaf Spot,Bollworm,Medium
KR_00403,2026-008-09,Kolhapur,Shirol,16.6486,74.49873,Potato,Kufri Pukhraj,Flowering,Black Soil,6.49,71.4,Bollworm,Moderate,31.7,Whitefly,Pheromone Trap,0,35.4,44.9,13.0,12.7,38.1,Too Dark,0.619,0.72,Yes,Yes,Rust,Bollworm,Medium
KR_00404,2026-008-05,Solapur,Mangalwedhe,17.85925,74.69573,Tomato,Hybrid-T1,Vegetative,Loamy,7.2,59.0,Bollworm,Severe,81.9,Bollworm,Sticky Trap,8,19.5,94.7,40.7,16.1,77.4,Good,0.836,0.488,Yes,Yes,Leaf Mold,Bollworm,High
KR_00405,2026-007-23,Kolhapur,Shirol,16.57234,76.22788,Rice,Basmati,Flowering,Sandy Loam,7.05,61.9,Bollworm,Mild,5.3,Bollworm,Pheromone Trap,0,33.5,86.1,24.0,19.2,71.1,Poor Framing,0.208,0.71,Yes,Yes,Downy Mildew,Thrips,Medium
KR_00406,2026-008-06,Ahmednagar,Sangamner,16.63571,73.76695,Potato,Kufri Jyoti,Flowering,Loamy,6.75,70.1,Early Blight,Mild,6.4,Bollworm,Sticky Trap,7,32.9,91.0,35.7,13.4,94.3,Good,0.968,0.585,No,Yes,Rust,Thrips,Medium
KR_00407,2026-005-11,Kolhapur,Shirol,17.72769,76.9157,Rice,Phule Samruddhi,Vegetative,Sandy Loam,7.05,22.3,Leaf Spot,Mild,8.8,Fruit Fly,Sticky Trap,8,32.1,86.2,40.4,19.2,53.3,Good,0.985,0.871,No,No,Powdery Mildew,Whitefly,Medium
KR_00408,2026-005-09,Pune,Daund,17.90649,75.67042,Potato,Kufri Jyoti,Flowering,Black Soil,6.45,23.2,Blast,Mild,9.6,Fruit Fly,Sticky Trap,2,25.4,86.4,6.4,21.6,72.4,Poor Framing,0.544,0.965,No,Yes,Leaf Miner,Aphids,Medium
KR_00409,2026-004-25,Ahmednagar,Rahata,20.54948,73.54921,Tomato,Abhinav,Fruiting,Sandy Loam,6.04,38.0,Rust,Mild,8.4,Stem Borer,Sticky Trap,11,26.6,38.3,13.7,12.8,46.1,Good,0.978,0.857,Yes,No,Leaf Miner,Stem Borer,Low
KR_00410,2026-002-08,Solapur,Malshiras,19.99182,77.03995,Grapes,Sharad Seedless,Seedling,Black Soil,7.22,72.1,Bollworm,Severe,60.1,Fruit Fly,Light Trap,7,29.5,70.8,23.4,5.3,48.6,Poor Framing,0.647,0.579,Yes,Yes,Late Blight,Stem Borer,Medium
KR_00411,2026-005-20,Kolhapur,Hatkanangale,19.14095,73.25094,Tomato,Arka Rakshak,Flowering,Clay Loam,7.72,63.6,Bacterial Blight,Mild,6.9,Fruit Fly,Pheromone Trap,14,23.3,46.3,20.8,10.8,55.0,Good,0.87,0.906,No,No,Rust,Bollworm,Low
KR_00412,2026-001-22,Sangli,Jat,18.42242,74.67705,Tomato,Arka Rakshak,Fruiting,Loamy,6.5,25.5,Leaf Miner,Severe,73.0,Thrips,Pheromone Trap,0,31.1,46.6,22.8,10.8,43.8,Too Dark,0.523,0.483,Yes,Yes,Late Blight,Stem Borer,Medium
KR_00413,2026-003-12,Sangli,Jat,19.30318,75.27324,Soybean,MAUS-71,Fruiting,Black Soil,7.12,29.2,Thrips,Severe,63.0,Aphids,Light Trap,2,30.8,90.2,6.4,8.5,79.1,Good,0.994,0.935,Yes,No,Late Blight,Aphids,High
KR_00414,2026-002-28,Solapur,Malshiras,21.1167,78.92717,Soybean,MACS-1188,Maturity,Loamy,7.78,45.6,Brown Spot,Severe,67.8,Fruit Fly,Pheromone Trap,4,25.6,71.7,29.6,5.0,77.2,Poor Framing,0.235,0.492,Yes,Yes,Early Blight,Leaf Miner,Medium
KR_00415,2026-008-26,Solapur,Akkalkot,19.62559,76.38218,Tomato,Arka Rakshak,Vegetative,Clay Loam,8.0,34.7,Brown Spot,Moderate,26.9,Whitefly,Pheromone Trap,0,31.9,63.0,43.1,10.2,26.0,Too Dark,0.428,0.944,Yes,Yes,Bacterial Blight,Whitefly,Medium
KR_00416,2026-007-09,Ahmednagar,Sangamner,19.13138,78.3741,Rice,Basmati,Vegetative,Sandy Loam,7.48,55.0,Bacterial Blight,Moderate,43.9,Whitefly,Pheromone Trap,2,19.6,61.5,44.2,13.5,67.4,Too Bright,0.289,0.547,Yes,Yes,Stem Borer,Bollworm,Medium
KR_00417,2026-006-15,Nanded,Hadgaon,16.69519,73.22149,Grapes,Sonaka,Vegetative,Black Soil,6.29,67.0,Bollworm,Moderate,47.1,Whitefly,Sticky Trap,7,31.9,50.2,13.2,8.7,81.9,Good,0.898,0.783,Yes,No,Rust,Bollworm,Medium
KR_00418,2026-005-11,Ahmednagar,Shrigonda,20.07384,75.83199,Grapes,Sharad Seedless,Vegetative,Loamy,7.59,50.4,Leaf Miner,Severe,52.9,Bollworm,Pheromone Trap,11,31.0,58.9,19.7,12.2,64.1,Too Bright,0.244,0.611,Yes,Yes,Bacterial Blight,Leaf Miner,Medium
KR_00419,2026-003-04,Ahmednagar,Rahata,20.16515,79.19784,Soybean,MAUS-71,Vegetative,Sandy Loam,7.14,49.5,Bacterial Blight,Moderate,23.0,Whitefly,Sticky Trap,2,23.8,65.7,10.1,5.4,90.4,Good,0.997,0.857,Yes,No,Powdery Mildew,Stem Borer,Medium
KR_00420,2026-005-24,Nashik,Malegaon,16.15043,78.86652,Potato,Kufri Pukhraj,Vegetative,Black Soil,7.07,64.3,Thrips,Mild,9.2,Fruit Fly,Light Trap,12,26.9,42.9,20.4,20.4,73.7,Too Bright,0.254,0.93,Yes,Yes,Leaf Spot,Thrips,Low
KR_00421,2026-001-08,Pune,Indapur,20.42003,77.8378,Rice,Basmati,Seedling,Clay Loam,6.34,35.1,Rust,Severe,75.7,Leaf Miner,Pheromone Trap,0,32.1,54.8,41.6,10.7,89.9,Too Bright,0.435,0.553,Yes,Yes,Leaf Miner,Aphids,Medium
KR_00422,2026-007-21,Satara,Karad,20.79663,74.43136,Rice,Phule Samruddhi,Fruiting,Loamy,7.07,26.2,Rust,Moderate,24.0,Leaf Miner,Pheromone Trap,0,37.0,89.0,33.7,2.1,25.0,Too Dark,0.475,0.833,No,Yes,Leaf Mold,Stem Borer,Medium
KR_00423,2026-002-12,Nashik,Niphad,18.66328,77.27012,Rice,Phule Samruddhi,Vegetative,Clay Loam,7.47,44.4,Powdery Mildew,Moderate,37.9,Fruit Fly,Light Trap,5,19.9,42.1,39.6,17.1,41.5,Blurry,0.346,0.808,No,Yes,Rust,Fruit Fly,Medium
KR_00424,2026-005-15,Ahmednagar,Sangamner,20.25525,76.1443,Grapes,Sharad Seedless,Fruiting,Loamy,6.06,31.1,Early Blight,Moderate,21.8,Aphids,Pheromone Trap,5,31.5,60.9,36.4,10.5,39.6,Good,0.817,0.843,Yes,No,Leaf Miner,Aphids,Medium
KR_00425,2026-005-26,Ahmednagar,Sangamner,19.14878,74.08248,Rice,Basmati,Seedling,Clay Loam,6.28,47.4,Leaf Mold,Mild,17.0,Bollworm,Pheromone Trap,15,25.1,83.3,2.9,3.0,35.8,Too Dark,0.289,0.535,Yes,Yes,Leaf Miner,Whitefly,Medium
KR_00426,2026-005-28,Satara,Wai,17.82326,74.4015,Cotton,Bt Cotton,Seedling,Black Soil,7.86,60.3,Blast,Mild,12.5,Aphids,Light Trap,1,21.1,54.0,10.4,17.4,38.5,Good,0.937,0.889,Yes,No,Downy Mildew,Thrips,Low
KR_00427,2026-007-10,Pune,Daund,16.4064,77.69373,Cotton,RCH-659,Seedling,Black Soil,7.63,47.5,Bollworm,Mild,6.4,Fruit Fly,Light Trap,4,34.6,89.1,35.3,10.5,75.8,Good,0.819,0.559,No,Yes,Powdery Mildew,Aphids,Medium
KR_00428,2026-002-18,Ahmednagar,Kopargaon,17.22239,75.64115,Tomato,Arka Rakshak,Flowering,Loamy,6.84,74.6,Leaf Mold,Moderate,48.5,Aphids,Pheromone Trap,0,27.0,71.4,1.1,17.4,53.5,Blurry,0.453,0.797,Yes,Yes,Brown Spot,Bollworm,Medium
KR_00429,2026-008-11,Satara,Koregaon,20.75655,76.18377,Rice,Indrayani,Vegetative,Sandy Loam,7.36,43.4,Leaf Mold,Severe,76.6,Bollworm,Light Trap,5,26.2,81.7,37.5,2.7,71.7,Too Dark,0.383,0.453,Yes,Yes,Brown Spot,Aphids,High
KR_00430,2026-007-01,Nashik,Niphad,18.53755,76.13948,Potato,Kufri Pukhraj,Seedling,Black Soil,6.94,19.7,Stem Borer,Mild,7.4,Leaf Miner,Pheromone Trap,0,21.3,62.6,43.7,2.8,51.8,Good,0.907,0.733,No,Yes,Leaf Miner,Leaf Miner,Medium
KR_00431,2026-008-01,Kolhapur,Shirol,18.39514,74.91245,Cotton,RCH-659,Maturity,Clay Loam,7.35,37.3,Powdery Mildew,Mild,7.1,Fruit Fly,Sticky Trap,13,30.3,80.0,23.4,7.0,54.7,Good,0.982,0.839,Yes,No,Stem Borer,Thrips,Medium
KR_00432,2026-006-20,Sangli,Kavathe Mahankal,16.98574,76.05821,Soybean,JS-335,Vegetative,Loamy,7.53,47.3,Thrips,Mild,5.9,Stem Borer,Sticky Trap,2,25.0,70.2,10.2,14.6,89.6,Good,0.821,0.942,Yes,No,Leaf Mold,Stem Borer,Medium
KR_00433,2026-004-03,Ahmednagar,Rahata,19.08612,77.1704,Rice,Indrayani,Maturity,Loamy,6.23,28.0,Stem Borer,Moderate,36.9,Thrips,Light Trap,6,29.5,88.8,27.2,21.3,75.3,Too Dark,0.501,0.706,No,Yes,Brown Spot,Whitefly,Medium
KR_00434,2026-003-21,Satara,Koregaon,16.9065,78.68499,Tomato,Hybrid-T1,Seedling,Loamy,7.13,41.4,Powdery Mildew,Moderate,29.8,Fruit Fly,Pheromone Trap,0,22.8,59.8,34.8,16.1,46.6,Too Bright,0.435,0.737,Yes,Yes,Leaf Miner,Whitefly,Medium
KR_00435,2026-008-12,Kolhapur,Kagal,20.61932,76.64316,Grapes,Sharad Seedless,Flowering,Black Soil,7.23,41.1,Thrips,Mild,5.4,Whitefly,Light Trap,13,31.4,80.9,9.6,13.2,94.8,Good,0.846,0.547,Yes,Yes,Rust,Whitefly,Medium
KR_00436,2026-001-12,Nashik,Dindori,19.22404,75.13494,Tomato,Arka Rakshak,Maturity,Black Soil,7.33,17.0,Late Blight,Severe,66.8,Bollworm,Pheromone Trap,5,30.5,96.2,37.0,19.3,89.6,Too Dark,0.485,0.715,Yes,Yes,Leaf Miner,Bollworm,High
KR_00437,2026-001-22,Solapur,Pandharpur,19.88102,74.1499,Rice,Indrayani,Fruiting,Black Soil,6.12,53.2,Healthy,Mild,1.6,Bollworm,Pheromone Trap,14,21.9,73.7,0.8,18.7,83.6,Good,0.974,0.541,Yes,Yes,Leaf Mold,Fruit Fly,Medium
KR_00438,2026-002-04,Ahmednagar,Shrigonda,20.60744,77.35267,Soybean,MACS-1188,Maturity,Loamy,7.6,20.0,Rust,Mild,9.1,Thrips,Light Trap,3,30.7,88.1,42.3,8.2,62.0,Good,0.835,0.757,Yes,No,Bacterial Blight,Aphids,Medium
KR_00439,2026-006-14,Pune,Shirur,20.01253,74.20678,Potato,Kufri Pukhraj,Seedling,Loamy,7.74,28.1,Thrips,Moderate,22.4,Leaf Miner,Sticky Trap,5,34.7,75.5,40.6,5.8,76.7,Good,0.828,0.655,No,Yes,Late Blight,Thrips,Medium
KR_00440,2026-004-11,Nashik,Malegaon,17.5004,74.29496,Tomato,Arka Rakshak,Fruiting,Clay Loam,6.2,36.3,Thrips,Moderate,43.2,Fruit Fly,Light Trap,14,30.6,87.4,1.7,18.7,48.9,Too Dark,0.456,0.987,Yes,Yes,Powdery Mildew,Stem Borer,High
KR_00441,2026-002-06,Kolhapur,Shirol,18.823,74.36969,Rice,Phule Samruddhi,Flowering,Black Soil,8.03,46.0,Powdery Mildew,Mild,12.1,Stem Borer,Pheromone Trap,6,29.3,76.5,40.6,8.4,27.8,Good,0.967,0.454,Yes,Yes,Thrips,Fruit Fly,Medium
KR_00442,2026-005-19,Sangli,Miraj,16.8951,76.55406,Soybean,JS-335,Maturity,Sandy Loam,7.31,56.7,Leaf Mold,Moderate,34.2,Thrips,Pheromone Trap,12,25.5,56.3,30.5,8.0,92.8,Good,0.941,0.936,Yes,No,Downy Mildew,Leaf Miner,Medium
KR_00443,2026-005-03,Ahmednagar,Kopargaon,16.90214,74.0815,Tomato,Abhinav,Maturity,Loamy,8.09,49.1,Stem Borer,Mild,15.0,Aphids,Pheromone Trap,0,37.4,54.5,34.5,18.0,54.4,Good,0.865,0.806,No,No,Stem Borer,Stem Borer,Low
KR_00444,2026-005-27,Satara,Koregaon,20.71769,75.83757,Cotton,Bt Cotton,Vegetative,Clay Loam,6.01,24.6,Leaf Spot,Moderate,36.5,Stem Borer,Sticky Trap,15,27.4,58.7,20.9,6.9,88.8,Blurry,0.258,0.862,No,Yes,Brown Spot,Fruit Fly,Medium
KR_00445,2026-007-05,Ahmednagar,Shrigonda,18.93763,75.25464,Cotton,Bunny Bt,Maturity,Black Soil,6.49,51.5,Brown Spot,Mild,10.5,Whitefly,Pheromone Trap,0,30.2,82.4,41.2,14.9,30.4,Good,0.761,0.613,No,Yes,Downy Mildew,Thrips,Medium
KR_00446,2026-007-25,Kolhapur,Hatkanangale,18.12749,78.33829,Soybean,JS-335,Fruiting,Loamy,6.36,55.9,Leaf Miner,Mild,12.0,Bollworm,Pheromone Trap,11,32.7,76.3,18.2,18.1,32.1,Good,0.894,0.657,Yes,Yes,Rust,Leaf Miner,Medium
KR_00447,2026-007-02,Solapur,Malshiras,18.3374,77.82342,Soybean,MAUS-71,Fruiting,Clay Loam,7.72,57.7,Leaf Miner,Severe,84.0,Bollworm,Sticky Trap,7,28.6,59.2,30.4,5.0,45.3,Poor Framing,0.466,0.557,Yes,Yes,Leaf Mold,Aphids,Medium
KR_00448,2026-003-24,Nanded,Deglur,16.21914,78.64133,Grapes,Thompson Seedless,Seedling,Clay Loam,6.56,35.2,Late Blight,Mild,13.1,Thrips,Pheromone Trap,6,26.3,63.1,13.4,2.7,28.4,Poor Framing,0.216,0.849,No,Yes,Leaf Spot,Bollworm,Medium
KR_00449,2026-007-13,Satara,Karad,18.37105,74.78553,Grapes,Sharad Seedless,Maturity,Loamy,8.02,69.2,Bollworm,Severe,78.7,Fruit Fly,Light Trap,1,19.5,58.5,6.6,21.5,67.8,Good,0.845,0.979,No,No,Bollworm,Stem Borer,Medium
KR_00450,2026-003-22,Solapur,Pandharpur,21.22697,74.66958,Cotton,Bunny Bt,Seedling,Sandy Loam,8.12,62.6,Bacterial Blight,Moderate,49.8,Fruit Fly,Sticky Trap,12,34.0,58.6,21.3,17.2,52.8,Poor Framing,0.51,0.55,Yes,Yes,Rust,Leaf Miner,Medium
KR_00451,2026-001-11,Kolhapur,Hatkanangale,16.02778,74.34639,Grapes,Sharad Seedless,Vegetative,Clay Loam,6.59,50.9,Powdery Mildew,Moderate,22.9,Thrips,Pheromone Trap,0,32.2,48.9,27.5,16.6,65.7,Blurry,0.465,0.793,Yes,Yes,Downy Mildew,Aphids,Medium
KR_00452,2026-003-20,Sangli,Miraj,17.90501,75.88849,Grapes,Sharad Seedless,Fruiting,Loamy,7.17,25.2,Downy Mildew,Moderate,32.1,Leaf Miner,Pheromone Trap,0,30.6,70.4,15.5,6.2,93.9,Good,0.826,0.855,Yes,No,Rust,Aphids,Medium
KR_00453,2026-006-25,Satara,Wai,19.10691,75.70005,Soybean,JS-335,Maturity,Sandy Loam,8.18,37.5,Blast,Mild,10.7,Aphids,Pheromone Trap,0,19.9,48.8,44.6,13.4,33.4,Good,0.942,0.982,Yes,No,Blast,Leaf Miner,Low
KR_00454,2026-007-19,Nashik,Sinnar,20.95252,74.81272,Tomato,Abhinav,Seedling,Clay Loam,7.11,47.0,Early Blight,Moderate,34.8,Stem Borer,Pheromone Trap,14,36.5,44.9,39.3,10.0,20.3,Too Bright,0.35,0.701,No,Yes,Bollworm,Bollworm,Medium
KR_00455,2026-008-12,Ahmednagar,Shrigonda,18.25662,77.13671,Potato,Local-P1,Vegetative,Black Soil,7.32,58.9,Healthy,Mild,1.6,Bollworm,Sticky Trap,3,29.4,64.7,4.1,9.4,75.7,Too Bright,0.494,0.748,Yes,Yes,Leaf Miner,Thrips,Medium
KR_00456,2026-001-24,Nashik,Malegaon,18.59693,77.63315,Rice,Phule Samruddhi,Vegetative,Clay Loam,6.14,16.9,Bacterial Blight,Moderate,33.8,Leaf Miner,Light Trap,4,33.9,96.3,22.5,4.2,65.3,Good,0.968,0.941,No,No,Leaf Mold,Bollworm,Medium
KR_00457,2026-007-26,Solapur,Akkalkot,20.76884,79.47097,Grapes,Sonaka,Fruiting,Clay Loam,7.94,47.2,Leaf Mold,Severe,72.6,Fruit Fly,Pheromone Trap,0,26.8,87.1,2.7,18.2,82.1,Poor Framing,0.546,0.646,Yes,Yes,Blast,Aphids,High
KR_00458,2026-005-19,Pune,Daund,16.80291,74.70624,Potato,Local-P1,Vegetative,Clay Loam,6.91,35.4,Bollworm,Mild,16.9,Thrips,Pheromone Trap,2,24.6,78.7,20.6,16.2,76.4,Too Bright,0.317,0.609,Yes,Yes,Brown Spot,Aphids,Medium
KR_00459,2026-005-05,Kolhapur,Shirol,20.18728,73.96216,Tomato,Hybrid-T1,Vegetative,Clay Loam,7.24,57.8,Late Blight,Severe,55.5,Leaf Miner,Pheromone Trap,8,32.3,77.4,6.9,18.1,29.6,Too Dark,0.332,0.657,Yes,Yes,Rust,Whitefly,Medium
KR_00460,2026-004-05,Solapur,Malshiras,18.00289,76.30585,Potato,Kufri Jyoti,Fruiting,Loamy,8.14,53.6,Bacterial Blight,Severe,61.0,Whitefly,Light Trap,14,36.5,75.8,39.2,11.6,56.3,Blurry,0.206,0.961,Yes,Yes,Late Blight,Whitefly,Medium
KR_00461,2026-004-09,Kolhapur,Shirol,19.57498,75.31726,Grapes,Sharad Seedless,Seedling,Loamy,7.63,36.8,Healthy,Mild,2.0,Bollworm,Pheromone Trap,0,37.0,67.0,12.2,21.2,83.5,Too Dark,0.593,0.974,No,Yes,Bacterial Blight,Whitefly,Medium
KR_00462,2026-004-16,Satara,Koregaon,17.25587,77.66297,Rice,Indrayani,Maturity,Clay Loam,7.21,20.5,Early Blight,Severe,79.1,Bollworm,Sticky Trap,9,24.1,48.1,11.0,17.2,55.8,Good,0.884,0.872,Yes,No,Powdery Mildew,Bollworm,Medium
KR_00463,2026-005-09,Pune,Baramati,16.45862,74.28308,Potato,Kufri Pukhraj,Vegetative,Sandy Loam,6.66,15.6,Downy Mildew,Mild,15.8,Stem Borer,Sticky Trap,10,34.1,73.7,20.5,2.0,76.6,Too Dark,0.322,0.791,Yes,Yes,Rust,Stem Borer,Medium
KR_00464,2026-004-07,Nashik,Niphad,17.51409,76.64822,Tomato,Abhinav,Fruiting,Black Soil,8.15,71.7,Rust,Mild,9.8,Fruit Fly,Light Trap,8,21.3,39.1,19.4,8.1,89.4,Blurry,0.354,0.821,Yes,Yes,Early Blight,Bollworm,Low
KR_00465,2026-008-28,Kolhapur,Hatkanangale,17.76009,76.4476,Soybean,MAUS-71,Flowering,Loamy,7.26,24.3,Stem Borer,Mild,16.5,Aphids,Sticky Trap,14,21.2,76.7,14.7,12.3,55.5,Too Dark,0.555,0.871,No,Yes,Bollworm,Stem Borer,Medium
KR_00466,2026-006-01,Kolhapur,Hatkanangale,16.79743,75.16919,Tomato,Abhinav,Flowering,Sandy Loam,6.68,48.8,Brown Spot,Moderate,20.2,Stem Borer,Pheromone Trap,0,37.4,57.3,36.2,21.5,77.5,Good,0.955,0.559,Yes,Yes,Late Blight,Stem Borer,Medium
KR_00467,2026-007-02,Sangli,Kavathe Mahankal,20.35006,75.11695,Potato,Kufri Pukhraj,Vegetative,Loamy,7.36,41.4,Late Blight,Mild,6.1,Thrips,Pheromone Trap,12,27.6,80.4,21.1,21.4,23.4,Poor Framing,0.376,0.968,Yes,Yes,Early Blight,Stem Borer,Medium
KR_00468,2026-001-05,Pune,Daund,19.51796,74.7943,Tomato,Arka Rakshak,Flowering,Black Soil,7.04,67.9,Leaf Spot,Moderate,49.3,Leaf Miner,Light Trap,14,21.0,44.5,13.4,6.0,26.6,Good,0.832,0.745,Yes,Yes,Blast,Stem Borer,Medium
KR_00469,2026-001-19,Pune,Indapur,21.2646,75.34799,Grapes,Sharad Seedless,Vegetative,Loamy,6.71,28.7,Thrips,Moderate,26.0,Leaf Miner,Pheromone Trap,5,30.1,93.8,6.3,14.8,52.0,Too Bright,0.419,0.476,Yes,Yes,Bollworm,Fruit Fly,Medium
KR_00470,2026-005-15,Ahmednagar,Kopargaon,21.27884,78.67503,Tomato,Abhinav,Fruiting,Clay Loam,7.26,53.1,Leaf Mold,Mild,13.5,Fruit Fly,Pheromone Trap,0,28.6,85.3,38.1,3.8,89.2,Too Dark,0.493,0.553,No,Yes,Powdery Mildew,Leaf Miner,Medium
KR_00471,2026-006-23,Nanded,Biloli,19.57744,73.47467,Cotton,Bunny Bt,Flowering,Sandy Loam,7.16,56.6,Leaf Miner,Moderate,46.7,Stem Borer,Pheromone Trap,1,30.5,59.6,0.4,8.4,31.3,Too Bright,0.3,0.814,Yes,Yes,Rust,Whitefly,Medium
KR_00472,2026-001-15,Satara,Koregaon,20.25146,74.33994,Rice,Indrayani,Seedling,Black Soil,7.71,47.4,Leaf Spot,Moderate,46.1,Thrips,Sticky Trap,4,24.1,61.7,12.2,20.7,36.3,Good,0.757,0.924,Yes,No,Leaf Spot,Leaf Miner,Medium
KR_00473,2026-005-17,Nashik,Sinnar,16.27068,75.85055,Rice,Indrayani,Fruiting,Black Soil,6.2,25.5,Bollworm,Severe,75.4,Bollworm,Sticky Trap,13,22.2,94.3,33.3,9.2,94.7,Blurry,0.286,0.982,Yes,Yes,Thrips,Aphids,High
KR_00474,2026-003-19,Pune,Baramati,16.0888,75.47019,Grapes,Thompson Seedless,Seedling,Clay Loam,6.79,33.6,Leaf Spot,Moderate,48.4,Leaf Miner,Pheromone Trap,4,38.0,40.3,29.0,9.8,55.4,Good,0.932,0.935,No,No,Leaf Miner,Whitefly,Medium
KR_00475,2026-005-13,Solapur,Pandharpur,18.85242,73.91143,Grapes,Sonaka,Seedling,Loamy,7.91,54.7,Thrips,Severe,64.5,Thrips,Light Trap,3,21.5,67.7,6.8,18.2,70.2,Good,0.97,0.509,No,Yes,Rust,Whitefly,Medium
KR_00476,2026-001-10,Sangli,Miraj,19.42052,73.18511,Soybean,JS-335,Seedling,Sandy Loam,6.08,67.3,Bollworm,Moderate,21.4,Stem Borer,Sticky Trap,3,20.0,57.0,10.0,10.4,25.0,Blurry,0.409,0.674,Yes,Yes,Rust,Thrips,Medium
KR_00477,2026-005-06,Nanded,Loha,20.94752,74.6696,Tomato,Abhinav,Maturity,Clay Loam,8.11,55.1,Leaf Spot,Moderate,34.8,Aphids,Sticky Trap,3,22.4,43.2,42.4,6.5,26.2,Good,0.929,0.602,Yes,Yes,Early Blight,Whitefly,Medium
KR_00478,2026-006-01,Kolhapur,Hatkanangale,19.90753,76.00397,Potato,Kufri Pukhraj,Maturity,Clay Loam,7.67,22.9,Downy Mildew,Moderate,39.8,Fruit Fly,Pheromone Trap,0,33.0,85.4,28.4,17.9,93.5,Good,0.786,0.468,Yes,Yes,Stem Borer,Leaf Miner,Medium
KR_00479,2026-002-26,Nanded,Loha,20.71724,74.22036,Potato,Kufri Jyoti,Fruiting,Loamy,7.0,30.8,Rust,Mild,16.2,Leaf Miner,Pheromone Trap,6,37.9,46.7,15.3,19.4,77.9,Blurry,0.498,0.811,Yes,Yes,Blast,Stem Borer,Medium
KR_00480,2026-001-07,Sangli,Kavathe Mahankal,19.53261,79.2709,Rice,Indrayani,Vegetative,Sandy Loam,7.83,22.2,Leaf Mold,Moderate,23.8,Whitefly,Pheromone Trap,8,26.7,97.0,3.7,19.3,57.9,Blurry,0.569,0.928,Yes,Yes,Stem Borer,Whitefly,Medium
KR_00481,2026-007-17,Sangli,Tasgaon,19.09586,76.44865,Soybean,MAUS-71,Flowering,Loamy,7.53,74.8,Stem Borer,Moderate,24.8,Leaf Miner,Sticky Trap,11,30.7,73.9,37.9,17.0,31.4,Too Dark,0.391,0.559,No,Yes,Downy Mildew,Stem Borer,Medium
KR_00482,2026-004-27,Ahmednagar,Shrigonda,18.57402,73.88478,Tomato,Hybrid-T1,Seedling,Clay Loam,7.56,55.1,Early Blight,Severe,71.5,Bollworm,Pheromone Trap,0,33.1,43.8,21.6,5.2,92.9,Good,0.848,0.536,Yes,Yes,Bacterial Blight,Whitefly,Medium
KR_00483,2026-005-02,Sangli,Jat,17.24468,79.16883,Rice,Phule Samruddhi,Seedling,Loamy,6.45,23.5,Late Blight,Moderate,20.3,Bollworm,Pheromone Trap,9,20.1,74.6,21.2,15.2,42.4,Good,0.885,0.779,No,No,Bollworm,Fruit Fly,Medium
KR_00484,2026-005-21,Ahmednagar,Rahata,16.62061,76.03242,Potato,Local-P1,Fruiting,Clay Loam,6.49,21.2,Leaf Mold,Severe,83.6,Aphids,Pheromone Trap,4,35.4,76.9,37.7,21.3,51.6,Poor Framing,0.247,0.866,Yes,Yes,Leaf Mold,Stem Borer,Medium
KR_00485,2026-002-19,Sangli,Kavathe Mahankal,19.66838,74.63312,Tomato,Hybrid-T1,Seedling,Black Soil,7.57,44.1,Bacterial Blight,Moderate,26.6,Stem Borer,Pheromone Trap,2,37.9,87.1,22.0,14.1,62.4,Too Dark,0.434,0.95,Yes,Yes,Bacterial Blight,Bollworm,Medium
KR_00486,2026-001-21,Pune,Daund,21.31701,74.55099,Potato,Kufri Pukhraj,Maturity,Sandy Loam,7.79,58.1,Healthy,Mild,1.7,Bollworm,Light Trap,14,27.2,89.4,1.7,10.0,80.4,Poor Framing,0.55,0.811,No,Yes,Bacterial Blight,Thrips,Medium
KR_00487,2026-003-28,Sangli,Jat,17.60752,75.67894,Soybean,MAUS-71,Fruiting,Clay Loam,6.79,56.0,Thrips,Mild,9.1,Aphids,Pheromone Trap,0,24.5,79.0,28.6,17.4,32.0,Too Dark,0.547,0.746,Yes,Yes,Downy Mildew,Fruit Fly,Medium
KR_00488,2026-005-17,Nanded,Hadgaon,17.8357,77.00662,Cotton,Bt Cotton,Flowering,Clay Loam,6.22,58.3,Powdery Mildew,Moderate,29.4,Stem Borer,Sticky Trap,13,25.7,51.7,31.8,9.0,80.4,Good,0.939,0.968,Yes,No,Leaf Spot,Whitefly,Medium
KR_00489,2026-005-01,Kolhapur,Kagal,18.18884,77.52163,Rice,Indrayani,Seedling,Sandy Loam,7.87,23.7,Thrips,Severe,62.4,Thrips,Light Trap,2,34.9,81.4,39.4,18.0,66.0,Good,0.831,0.571,Yes,Yes,Early Blight,Thrips,High
KR_00490,2026-006-26,Nanded,Biloli,20.58286,79.3912,Rice,Indrayani,Fruiting,Loamy,6.32,32.8,Healthy,Mild,4.3,Bollworm,Light Trap,14,26.8,70.0,44.9,5.8,34.0,Too Dark,0.461,0.789,Yes,Yes,Downy Mildew,Stem Borer,Medium
KR_00491,2026-008-09,Kolhapur,Karveer,18.03626,78.85034,Rice,Phule Samruddhi,Maturity,Clay Loam,6.17,56.6,Thrips,Severe,58.6,Fruit Fly,Sticky Trap,2,37.6,84.4,22.8,11.5,43.5,Too Bright,0.572,0.573,Yes,Yes,Leaf Mold,Whitefly,High
KR_00492,2026-003-13,Solapur,Akkalkot,19.40343,76.23136,Grapes,Sonaka,Vegetative,Black Soil,7.23,48.5,Healthy,Mild,4.5,Bollworm,Light Trap,14,32.1,39.0,15.9,21.1,40.7,Good,0.987,0.843,Yes,No,Rust,Leaf Miner,Low
KR_00493,2026-003-01,Nashik,Sinnar,17.70404,77.53184,Tomato,Arka Rakshak,Vegetative,Sandy Loam,6.32,47.4,Powdery Mildew,Severe,61.0,Bollworm,Pheromone Trap,0,32.2,57.6,5.4,21.5,66.0,Too Dark,0.386,0.537,No,Yes,Bacterial Blight,Thrips,Medium
KR_00494,2026-005-01,Nanded,Hadgaon,17.82485,73.61205,Grapes,Sharad Seedless,Fruiting,Sandy Loam,6.84,43.5,Leaf Miner,Moderate,25.5,Whitefly,Pheromone Trap,3,32.1,90.4,22.5,5.7,50.1,Good,0.838,0.8,No,No,Rust,Bollworm,Medium
KR_00495,2026-008-23,Solapur,Mangalwedhe,19.75491,73.62069,Soybean,MAUS-71,Seedling,Black Soil,6.72,33.4,Brown Spot,Severe,69.7,Aphids,Pheromone Trap,0,37.1,46.9,27.9,5.6,36.4,Good,0.774,0.819,No,No,Thrips,Thrips,Medium
KR_00496,2026-002-11,Satara,Koregaon,20.47899,75.89319,Potato,Local-P1,Maturity,Black Soil,7.78,33.7,Late Blight,Mild,10.2,Thrips,Sticky Trap,15,20.0,47.2,7.0,14.3,45.3,Blurry,0.618,0.746,Yes,Yes,Rust,Bollworm,Low
KR_00497,2026-006-05,Nashik,Niphad,16.7776,79.24252,Grapes,Sonaka,Fruiting,Black Soil,6.79,70.0,Bollworm,Moderate,44.3,Leaf Miner,Pheromone Trap,0,35.0,40.7,29.5,20.2,62.2,Poor Framing,0.439,0.663,Yes,Yes,Early Blight,Stem Borer,Medium
KR_00498,2026-006-24,Nanded,Biloli,17.61128,77.07121,Grapes,Thompson Seedless,Fruiting,Black Soil,7.08,44.5,Thrips,Severe,66.9,Stem Borer,Pheromone Trap,8,37.8,83.6,34.7,16.0,59.6,Good,0.797,0.498,Yes,Yes,Leaf Mold,Thrips,High
KR_00499,2026-001-13,Solapur,Mangalwedhe,16.25964,74.96915,Rice,Phule Samruddhi,Maturity,Black Soil,7.81,56.0,Downy Mildew,Severe,67.8,Aphids,Sticky Trap,9,25.4,79.0,41.0,4.0,91.2,Good,0.928,0.489,No,Yes,Early Blight,Aphids,Medium
KR_00500,2026-007-23,Nashik,Dindori,21.08372,73.0308,Rice,Basmati,Flowering,Loamy,8.17,64.6,Thrips,Moderate,21.3,Thrips,Sticky Trap,10,31.4,90.6,19.0,13.4,84.8,Poor Framing,0.339,0.958,Yes,Yes,Bollworm,Stem Borer,Medium
KR_00501,2026-005-18,Solapur,Akkalkot,20.52955,75.45136,Rice,Phule Samruddhi,Flowering,Black Soil,7.38,38.7,Leaf Mold,Moderate,23.9,Leaf Miner,Sticky Trap,2,30.8,42.3,40.6,11.8,33.8,Good,0.792,0.85,Yes,No,Leaf Mold,Leaf Miner,Medium
KR_00502,2026-001-22,Kolhapur,Hatkanangale,20.70529,74.69974,Soybean,JS-335,Vegetative,Black Soil,7.22,44.9,Stem Borer,Severe,84.8,Stem Borer,Light Trap,2,20.2,37.4,17.5,3.7,72.0,Good,0.81,0.782,Yes,No,Stem Borer,Aphids,Medium
KR_00503,2026-003-05,Nashik,Malegaon,19.98701,73.28443,Soybean,MACS-1188,Flowering,Clay Loam,8.03,36.0,Early Blight,Severe,52.0,Stem Borer,Sticky Trap,5,28.1,49.2,28.2,8.7,74.1,Good,0.968,0.487,No,Yes,Blast,Stem Borer,Medium
KR_00504,2026-001-21,Sangli,Jat,16.61251,73.42335,Potato,Kufri Pukhraj,Seedling,Loamy,7.59,34.3,Healthy,Mild,0.7,Bollworm,Pheromone Trap,0,31.7,35.4,0.2,3.2,49.1,Too Dark,0.254,0.571,Yes,Yes,Bacterial Blight,Bollworm,Low
KR_00505,2026-005-05,Nanded,Loha,17.55358,77.00432,Grapes,Sharad Seedless,Vegetative,Sandy Loam,7.35,35.7,Powdery Mildew,Moderate,34.4,Thrips,Light Trap,9,35.6,49.1,12.9,16.6,92.2,Blurry,0.65,0.926,Yes,Yes,Rust,Leaf Miner,Medium
KR_00506,2026-008-18,Solapur,Akkalkot,18.25704,78.71873,Rice,Phule Samruddhi,Vegetative,Clay Loam,6.46,39.3,Bollworm,Moderate,33.8,Stem Borer,Light Trap,7,27.3,56.3,29.9,4.7,59.7,Good,0.804,0.553,No,Yes,Leaf Miner,Fruit Fly,Medium
KR_00507,2026-003-21,Ahmednagar,Rahata,19.542,74.38784,Rice,Phule Samruddhi,Seedling,Sandy Loam,6.66,65.0,Brown Spot,Severe,64.4,Thrips,Sticky Trap,6,29.0,44.9,17.3,12.4,33.5,Blurry,0.211,0.561,Yes,Yes,Stem Borer,Stem Borer,Medium
KR_00508,2026-004-10,Ahmednagar,Sangamner,16.82876,75.05719,Rice,Basmati,Vegetative,Sandy Loam,6.7,71.0,Bacterial Blight,Severe,75.7,Bollworm,Pheromone Trap,0,33.7,40.4,0.4,19.2,24.0,Too Bright,0.24,0.953,Yes,Yes,Leaf Mold,Thrips,Medium
KR_00509,2026-008-04,Pune,Indapur,19.42777,75.05075,Grapes,Thompson Seedless,Flowering,Loamy,6.64,21.1,Blast,Mild,18.5,Thrips,Sticky Trap,7,20.4,92.3,18.4,13.2,67.2,Poor Framing,0.642,0.823,Yes,Yes,Leaf Spot,Thrips,Medium
KR_00510,2026-006-10,Solapur,Pandharpur,20.84127,76.07329,Grapes,Sonaka,Seedling,Clay Loam,8.05,50.1,Stem Borer,Moderate,46.8,Stem Borer,Pheromone Trap,15,24.8,40.4,16.6,5.5,66.8,Poor Framing,0.377,0.531,Yes,Yes,Brown Spot,Whitefly,Medium
KR_00511,2026-002-11,Pune,Indapur,19.31547,78.19556,Soybean,MAUS-71,Maturity,Sandy Loam,8.18,36.9,Late Blight,Mild,12.7,Fruit Fly,Pheromone Trap,0,27.8,92.1,2.3,6.8,43.0,Blurry,0.648,0.632,No,Yes,Brown Spot,Aphids,Medium
KR_00512,2026-008-10,Solapur,Pandharpur,20.79622,79.02254,Soybean,MAUS-71,Maturity,Black Soil,6.67,27.0,Rust,Moderate,31.7,Leaf Miner,Pheromone Trap,12,25.5,58.1,23.1,21.9,51.8,Poor Framing,0.354,0.959,Yes,Yes,Blast,Whitefly,Medium
KR_00513,2026-008-21,Kolhapur,Shirol,21.02347,78.97204,Soybean,MAUS-71,Flowering,Black Soil,6.05,22.7,Brown Spot,Mild,8.6,Thrips,Pheromone Trap,2,21.1,85.5,35.0,19.3,20.7,Good,0.934,0.634,Yes,Yes,Leaf Spot,Thrips,Medium
KR_00514,2026-001-15,Sangli,Jat,19.36911,73.36508,Rice,Indrayani,Seedling,Loamy,6.2,72.1,Healthy,Mild,2.2,Bollworm,Sticky Trap,4,19.0,40.0,14.4,12.6,55.7,Good,0.927,0.717,Yes,Yes,Rust,Stem Borer,Low
KR_00515,2026-005-10,Satara,Phaltan,16.43757,79.33224,Tomato,Hybrid-T1,Maturity,Loamy,7.54,57.2,Leaf Spot,Mild,7.8,Whitefly,Sticky Trap,3,25.9,87.7,13.4,10.2,68.0,Good,0.857,0.895,Yes,No,Blast,Aphids,Medium
KR_00516,2026-006-16,Satara,Phaltan,16.33891,76.2105,Cotton,Bt Cotton,Maturity,Sandy Loam,6.18,60.9,Leaf Mold,Moderate,20.4,Leaf Miner,Pheromone Trap,0,24.4,83.6,41.2,16.0,65.4,Good,0.892,0.843,Yes,No,Thrips,Aphids,Medium
KR_00517,2026-007-12,Kolhapur,Karveer,17.72411,79.49413,Rice,Indrayani,Maturity,Loamy,6.09,36.2,Rust,Moderate,29.7,Aphids,Light Trap,8,35.4,64.3,6.9,16.8,48.9,Good,0.968,0.876,Yes,No,Leaf Miner,Thrips,Medium
KR_00518,2026-008-22,Solapur,Akkalkot,20.35256,77.30152,Rice,Indrayani,Maturity,Loamy,6.48,16.0,Rust,Mild,9.1,Thrips,Pheromone Trap,0,27.9,45.0,37.3,19.1,40.8,Good,0.872,0.841,Yes,No,Leaf Miner,Thrips,Low
KR_00519,2026-006-19,Solapur,Malshiras,21.28792,73.43489,Tomato,Abhinav,Fruiting,Clay Loam,6.31,46.1,Rust,Mild,11.2,Bollworm,Pheromone Trap,11,21.2,74.7,30.8,10.6,29.1,Good,0.882,0.634,Yes,Yes,Leaf Mold,Thrips,Medium
KR_00520,2026-008-19,Nanded,Hadgaon,16.0974,75.40506,Rice,Indrayani,Flowering,Loamy,8.0,69.2,Powdery Mildew,Moderate,43.6,Fruit Fly,Pheromone Trap,10,33.9,79.0,40.6,21.3,78.6,Too Dark,0.637,0.574,Yes,Yes,Early Blight,Whitefly,Medium
KR_00521,2026-003-26,Nanded,Hadgaon,17.72403,78.72473,Grapes,Sonaka,Maturity,Clay Loam,6.18,44.5,Bacterial Blight,Severe,59.3,Stem Borer,Light Trap,13,21.9,83.5,32.0,9.3,78.3,Blurry,0.311,0.792,Yes,Yes,Leaf Miner,Aphids,High
KR_00522,2026-006-15,Kolhapur,Hatkanangale,18.66584,75.04209,Potato,Local-P1,Vegetative,Black Soil,6.65,18.6,Bollworm,Mild,12.9,Fruit Fly,Pheromone Trap,4,33.8,61.6,36.8,2.2,39.6,Good,0.824,0.466,Yes,Yes,Downy Mildew,Bollworm,Medium
KR_00523,2026-006-13,Satara,Karad,19.44239,76.60922,Potato,Kufri Jyoti,Flowering,Black Soil,8.06,42.4,Early Blight,Severe,71.2,Whitefly,Sticky Trap,10,20.6,95.2,5.6,19.4,61.4,Good,0.785,0.899,Yes,No,Rust,Leaf Miner,High
KR_00524,2026-008-13,Satara,Wai,19.37195,77.94345,Cotton,RCH-659,Flowering,Black Soil,7.94,18.4,Leaf Mold,Severe,54.6,Bollworm,Pheromone Trap,0,20.8,41.4,7.4,16.3,26.9,Good,0.993,0.633,Yes,Yes,Brown Spot,Bollworm,Medium
KR_00525,2026-007-25,Solapur,Akkalkot,19.53,75.57394,Rice,Basmati,Seedling,Loamy,6.99,21.9,Bollworm,Moderate,26.8,Bollworm,Pheromone Trap,0,19.0,88.1,10.1,2.8,36.4,Good,0.987,0.965,No,No,Thrips,Fruit Fly,Medium
KR_00526,2026-006-17,Ahmednagar,Kopargaon,18.80636,74.88266,Soybean,MAUS-71,Fruiting,Black Soil,6.09,50.4,Early Blight,Mild,13.7,Bollworm,Pheromone Trap,12,19.6,90.5,22.9,18.6,49.8,Good,0.884,0.944,Yes,No,Late Blight,Stem Borer,Medium
KR_00527,2026-005-12,Ahmednagar,Sangamner,20.59152,77.90211,Tomato,Arka Rakshak,Vegetative,Clay Loam,7.98,38.6,Powdery Mildew,Moderate,33.5,Stem Borer,Light Trap,4,21.7,37.6,36.2,16.9,85.6,Good,0.94,0.847,No,No,Leaf Mold,Whitefly,Medium
KR_00528,2026-002-01,Nanded,Hadgaon,19.56307,74.49377,Tomato,Hybrid-T1,Maturity,Black Soil,6.68,28.0,Stem Borer,Moderate,26.2,Leaf Miner,Light Trap,12,24.5,97.0,27.1,5.3,56.9,Too Dark,0.469,0.879,Yes,Yes,Early Blight,Bollworm,Medium
KR_00529,2026-002-21,Solapur,Mangalwedhe,20.71441,79.15412,Soybean,JS-335,Fruiting,Sandy Loam,7.6,72.7,Leaf Spot,Mild,10.5,Leaf Miner,Sticky Trap,7,32.8,58.5,12.6,15.1,42.3,Good,0.975,0.613,No,Yes,Bollworm,Whitefly,Low
KR_00530,2026-005-24,Solapur,Akkalkot,16.9602,73.73181,Cotton,Bt Cotton,Fruiting,Clay Loam,6.59,57.2,Rust,Mild,16.0,Thrips,Sticky Trap,2,26.0,58.8,1.7,10.6,54.9,Good,0.993,0.761,No,No,Leaf Spot,Stem Borer,Medium
KR_00531,2026-006-22,Nanded,Biloli,20.41068,73.15868,Tomato,Hybrid-T1,Vegetative,Sandy Loam,7.78,74.8,Healthy,Mild,4.4,Bollworm,Light Trap,9,37.0,65.8,10.4,19.0,23.5,Good,0.772,0.648,Yes,Yes,Blast,Thrips,Medium
KR_00532,2026-001-11,Sangli,Tasgaon,17.76391,77.15554,Grapes,Sonaka,Maturity,Sandy Loam,6.82,74.0,Brown Spot,Moderate,24.4,Leaf Miner,Light Trap,11,28.8,57.7,19.4,14.0,86.4,Good,0.981,0.799,Yes,No,Blast,Thrips,Medium
KR_00533,2026-006-18,Satara,Wai,18.97116,78.40809,Rice,Basmati,Vegetative,Loamy,7.81,38.8,Leaf Miner,Moderate,46.4,Fruit Fly,Pheromone Trap,0,28.4,71.3,11.5,13.0,90.7,Poor Framing,0.302,0.833,Yes,Yes,Leaf Spot,Fruit Fly,Medium
KR_00534,2026-002-27,Ahmednagar,Shrigonda,17.20489,75.28237,Grapes,Sharad Seedless,Seedling,Loamy,7.41,42.2,Leaf Miner,Severe,81.3,Thrips,Pheromone Trap,0,35.9,96.1,36.0,11.9,88.7,Poor Framing,0.628,0.581,Yes,Yes,Leaf Miner,Whitefly,High
KR_00535,2026-006-01,Nashik,Dindori,16.08921,74.9226,Rice,Indrayani,Seedling,Black Soil,6.56,72.1,Downy Mildew,Moderate,39.8,Bollworm,Pheromone Trap,6,25.8,48.1,19.3,13.8,55.9,Too Dark,0.467,0.817,Yes,Yes,Rust,Fruit Fly,Medium
KR_00536,2026-008-02,Kolhapur,Karveer,20.73646,75.49441,Potato,Local-P1,Fruiting,Clay Loam,8.09,56.1,Healthy,Mild,1.9,Bollworm,Light Trap,13,36.1,64.9,24.5,3.7,74.3,Poor Framing,0.484,0.501,Yes,Yes,Thrips,Whitefly,Medium
KR_00537,2026-003-15,Sangli,Miraj,19.03944,77.57626,Grapes,Sonaka,Maturity,Sandy Loam,6.21,56.0,Bacterial Blight,Severe,77.3,Fruit Fly,Light Trap,2,28.0,64.2,31.4,9.8,89.4,Poor Framing,0.526,0.587,No,Yes,Blast,Aphids,Medium
KR_00538,2026-002-06,Kolhapur,Kagal,16.21899,76.90728,Grapes,Sonaka,Vegetative,Black Soil,6.44,44.2,Healthy,Mild,1.9,Bollworm,Sticky Trap,13,25.5,54.0,10.1,19.3,63.8,Blurry,0.303,0.69,Yes,Yes,Bollworm,Bollworm,Low
KR_00539,2026-007-17,Satara,Koregaon,20.07196,79.15337,Potato,Local-P1,Fruiting,Sandy Loam,6.81,56.9,Healthy,Mild,3.5,Bollworm,Pheromone Trap,11,28.9,61.4,1.5,10.7,72.7,Good,0.766,0.592,Yes,Yes,Thrips,Aphids,Medium
KR_00540,2026-005-19,Nashik,Malegaon,16.66556,74.05297,Potato,Local-P1,Vegetative,Sandy Loam,7.45,47.8,Blast,Moderate,34.3,Aphids,Sticky Trap,10,26.3,70.3,10.5,4.9,30.0,Poor Framing,0.376,0.651,Yes,Yes,Rust,Bollworm,Medium
KR_00541,2026-006-08,Solapur,Malshiras,20.84212,73.8909,Rice,Phule Samruddhi,Vegetative,Loamy,7.46,43.7,Early Blight,Mild,7.6,Fruit Fly,Pheromone Trap,0,20.9,43.0,22.9,19.2,25.1,Too Dark,0.645,0.489,No,Yes,Powdery Mildew,Leaf Miner,Low
KR_00542,2026-002-14,Kolhapur,Karveer,16.3282,75.80716,Tomato,Arka Rakshak,Seedling,Loamy,7.48,70.8,Downy Mildew,Moderate,38.2,Aphids,Sticky Trap,12,36.2,65.2,42.7,12.2,50.5,Too Bright,0.54,0.535,Yes,Yes,Late Blight,Aphids,Medium
KR_00543,2026-008-11,Solapur,Akkalkot,16.36484,73.55148,Rice,Basmati,Seedling,Clay Loam,6.61,31.9,Powdery Mildew,Moderate,29.1,Fruit Fly,Pheromone Trap,15,24.2,94.8,23.0,9.7,85.3,Poor Framing,0.465,0.753,Yes,Yes,Bacterial Blight,Thrips,Medium
KR_00544,2026-004-25,Pune,Baramati,21.36375,76.4628,Potato,Kufri Pukhraj,Seedling,Clay Loam,7.38,71.0,Leaf Miner,Moderate,37.8,Thrips,Pheromone Trap,15,36.1,92.2,25.5,9.0,43.0,Too Bright,0.351,0.815,No,Yes,Bacterial Blight,Leaf Miner,Medium
KR_00545,2026-006-05,Satara,Wai,17.04481,77.45887,Cotton,Bunny Bt,Maturity,Clay Loam,6.45,42.8,Blast,Mild,6.8,Leaf Miner,Pheromone Trap,11,22.9,72.7,28.5,8.7,86.5,Too Bright,0.424,0.583,Yes,Yes,Late Blight,Aphids,Medium
KR_00546,2026-002-12,Kolhapur,Shirol,17.38895,79.28234,Potato,Kufri Jyoti,Seedling,Black Soil,6.42,71.0,Bollworm,Moderate,33.6,Fruit Fly,Pheromone Trap,9,29.3,47.5,2.3,10.6,93.6,Too Dark,0.249,0.686,Yes,Yes,Stem Borer,Thrips,Medium
KR_00547,2026-004-05,Solapur,Mangalwedhe,20.65946,74.80281,Potato,Kufri Pukhraj,Flowering,Loamy,7.72,70.5,Powdery Mildew,Moderate,26.1,Leaf Miner,Pheromone Trap,0,18.2,56.3,28.1,7.5,52.2,Good,0.805,0.776,Yes,No,Bollworm,Fruit Fly,Medium
KR_00548,2026-007-19,Solapur,Malshiras,20.19293,74.11698,Grapes,Sonaka,Maturity,Black Soil,8.1,20.5,Leaf Mold,Severe,84.3,Whitefly,Light Trap,2,19.9,88.3,9.9,11.2,32.4,Good,0.979,0.601,No,Yes,Powdery Mildew,Stem Borer,High
KR_00549,2026-003-23,Ahmednagar,Shrigonda,17.17363,73.65238,Soybean,JS-335,Fruiting,Sandy Loam,6.33,68.3,Leaf Miner,Severe,76.3,Bollworm,Pheromone Trap,4,35.6,66.0,35.5,12.5,44.2,Blurry,0.428,0.659,Yes,Yes,Early Blight,Fruit Fly,Medium
KR_00550,2026-008-14,Pune,Baramati,16.9261,75.62604,Rice,Phule Samruddhi,Flowering,Sandy Loam,6.6,57.9,Bollworm,Mild,10.7,Stem Borer,Pheromone Trap,0,31.7,70.5,29.0,3.3,73.5,Good,0.847,0.636,Yes,Yes,Rust,Leaf Miner,Medium
KR_00551,2026-008-05,Pune,Baramati,17.40209,74.48562,Tomato,Arka Rakshak,Fruiting,Loamy,6.37,66.2,Powdery Mildew,Severe,71.0,Aphids,Sticky Trap,14,18.7,59.0,2.2,6.6,73.0,Good,0.773,0.825,No,No,Leaf Spot,Stem Borer,Medium
KR_00552,2026-002-25,Kolhapur,Kagal,20.72175,74.81034,Rice,Indrayani,Fruiting,Clay Loam,6.37,19.0,Leaf Miner,Mild,14.3,Fruit Fly,Sticky Trap,5,29.0,94.3,40.3,6.7,80.6,Good,0.901,0.492,Yes,Yes,Late Blight,Thrips,Medium
KR_00553,2026-004-06,Nanded,Deglur,19.97765,73.99267,Rice,Indrayani,Seedling,Clay Loam,7.88,61.0,Blast,Mild,12.5,Bollworm,Light Trap,3,21.3,64.6,38.1,6.8,65.7,Good,0.893,0.601,No,Yes,Stem Borer,Bollworm,Medium
KR_00554,2026-003-26,Solapur,Mangalwedhe,21.40571,73.88338,Tomato,Arka Rakshak,Maturity,Sandy Loam,7.49,38.7,Blast,Severe,64.1,Fruit Fly,Light Trap,11,36.9,57.3,27.2,16.4,76.2,Too Bright,0.313,0.956,No,Yes,Leaf Miner,Aphids,Medium
KR_00555,2026-003-01,Solapur,Pandharpur,16.40379,79.46564,Tomato,Hybrid-T1,Maturity,Sandy Loam,6.84,33.0,Healthy,Mild,1.6,Bollworm,Sticky Trap,13,18.3,62.4,28.7,4.9,84.9,Too Bright,0.541,0.526,Yes,Yes,Downy Mildew,Whitefly,Medium
KR_00556,2026-001-28,Nashik,Sinnar,17.39106,75.59505,Cotton,RCH-659,Flowering,Loamy,7.02,39.9,Healthy,Mild,1.2,Bollworm,Sticky Trap,15,30.8,41.4,16.8,9.0,88.2,Poor Framing,0.592,0.492,No,Yes,Leaf Miner,Aphids,Low
KR_00557,2026-007-25,Nanded,Hadgaon,17.93865,74.25762,Potato,Local-P1,Seedling,Black Soil,6.32,57.7,Late Blight,Mild,5.4,Thrips,Pheromone Trap,1,27.0,56.0,27.6,8.9,44.5,Good,0.763,0.729,No,Yes,Rust,Aphids,Low
KR_00558,2026-004-01,Solapur,Mangalwedhe,21.49254,73.99665,Grapes,Thompson Seedless,Fruiting,Clay Loam,6.32,60.7,Early Blight,Mild,14.3,Whitefly,Light Trap,4,18.8,54.1,42.9,5.9,62.7,Blurry,0.56,0.927,Yes,Yes,Bacterial Blight,Stem Borer,Low
KR_00559,2026-006-17,Pune,Shirur,20.72362,74.7258,Grapes,Sonaka,Vegetative,Sandy Loam,8.01,24.9,Powdery Mildew,Moderate,23.4,Leaf Miner,Light Trap,13,36.0,73.9,44.1,19.0,91.7,Good,0.894,0.746,Yes,Yes,Leaf Mold,Fruit Fly,Medium
KR_00560,2026-002-23,Satara,Wai,20.43404,78.05892,Rice,Indrayani,Seedling,Sandy Loam,7.06,34.7,Blast,Moderate,35.0,Leaf Miner,Light Trap,1,37.0,53.9,38.8,4.1,31.1,Good,0.961,0.568,Yes,Yes,Rust,Thrips,Medium
KR_00561,2026-004-13,Sangli,Kavathe Mahankal,20.08388,75.72539,Tomato,Arka Rakshak,Seedling,Loamy,6.36,43.9,Bollworm,Severe,52.3,Whitefly,Pheromone Trap,0,26.7,86.3,6.9,11.5,22.3,Good,0.78,0.577,Yes,Yes,Rust,Leaf Miner,High
KR_00562,2026-003-10,Ahmednagar,Sangamner,17.57557,76.96872,Rice,Phule Samruddhi,Vegetative,Clay Loam,7.31,66.2,Leaf Spot,Mild,6.2,Leaf Miner,Pheromone Trap,0,21.0,62.0,40.3,20.7,79.5,Poor Framing,0.492,0.986,No,Yes,Stem Borer,Aphids,Medium
KR_00563,2026-008-20,Sangli,Miraj,19.66332,73.56888,Rice,Phule Samruddhi,Flowering,Black Soil,6.09,50.0,Healthy,Mild,3.1,Bollworm,Sticky Trap,13,21.4,59.6,44.7,4.2,64.5,Too Dark,0.577,0.489,Yes,Yes,Stem Borer,Bollworm,Low
KR_00564,2026-004-08,Kolhapur,Kagal,19.53905,77.54963,Soybean,JS-335,Maturity,Loamy,7.52,16.9,Leaf Miner,Moderate,40.0,Leaf Miner,Light Trap,13,27.1,95.0,13.8,15.1,81.1,Blurry,0.563,0.577,Yes,Yes,Late Blight,Fruit Fly,Medium
KR_00565,2026-008-21,Nanded,Biloli,19.86779,73.23918,Soybean,MAUS-71,Seedling,Loamy,6.24,41.9,Stem Borer,Severe,52.6,Aphids,Pheromone Trap,12,24.4,50.1,21.7,10.2,89.7,Poor Framing,0.624,0.748,Yes,Yes,Bollworm,Whitefly,Medium
KR_00566,2026-005-14,Solapur,Malshiras,16.86092,74.24468,Soybean,MACS-1188,Seedling,Clay Loam,6.86,63.8,Rust,Severe,83.8,Aphids,Pheromone Trap,8,20.7,55.6,43.5,10.4,43.6,Too Bright,0.455,0.828,No,Yes,Brown Spot,Thrips,Medium
KR_00567,2026-005-17,Pune,Baramati,20.81537,75.17462,Soybean,MACS-1188,Vegetative,Sandy Loam,8.11,69.4,Leaf Mold,Mild,11.3,Aphids,Pheromone Trap,0,30.6,79.8,36.0,9.5,20.2,Blurry,0.547,0.973,No,Yes,Stem Borer,Fruit Fly,Medium
KR_00568,2026-008-09,Ahmednagar,Sangamner,18.39216,79.17381,Soybean,JS-335,Maturity,Clay Loam,7.19,60.3,Healthy,Mild,1.4,Bollworm,Pheromone Trap,0,26.1,74.5,35.6,11.5,85.9,Blurry,0.611,0.779,No,Yes,Thrips,Whitefly,Medium
KR_00569,2026-001-16,Kolhapur,Shirol,20.49205,77.34481,Potato,Kufri Jyoti,Fruiting,Clay Loam,6.01,28.8,Early Blight,Moderate,27.2,Bollworm,Light Trap,1,37.2,85.6,12.3,18.3,61.0,Blurry,0.207,0.919,Yes,Yes,Brown Spot,Stem Borer,Medium
KR_00570,2026-006-04,Nashik,Niphad,20.28821,78.55902,Grapes,Sharad Seedless,Flowering,Loamy,7.2,27.0,Powdery Mildew,Moderate,22.4,Leaf Miner,Sticky Trap,8,18.4,43.2,33.7,7.2,69.3,Poor Framing,0.316,0.537,Yes,Yes,Leaf Mold,Thrips,Medium
KR_00571,2026-002-16,Kolhapur,Hatkanangale,21.48837,77.49512,Cotton,Bt Cotton,Seedling,Loamy,7.92,66.2,Healthy,Mild,4.8,Bollworm,Pheromone Trap,0,33.6,85.0,42.5,21.3,28.5,Blurry,0.352,0.72,Yes,Yes,Blast,Aphids,Medium
KR_00572,2026-002-26,Kolhapur,Shirol,17.95942,73.5982,Rice,Phule Samruddhi,Vegetative,Clay Loam,7.6,69.7,Bacterial Blight,Mild,19.9,Thrips,Sticky Trap,6,21.2,86.4,24.1,11.6,89.4,Poor Framing,0.358,0.634,Yes,Yes,Brown Spot,Leaf Miner,Medium
KR_00573,2026-001-11,Ahmednagar,Sangamner,16.92138,77.03699,Grapes,Sharad Seedless,Seedling,Loamy,7.84,71.0,Brown Spot,Moderate,36.7,Stem Borer,Light Trap,6,30.9,47.5,1.9,11.1,20.3,Good,0.754,0.809,Yes,No,Thrips,Leaf Miner,Medium
KR_00574,2026-007-05,Nanded,Hadgaon,16.73744,73.62385,Potato,Kufri Pukhraj,Seedling,Loamy,7.04,48.2,Blast,Severe,76.7,Bollworm,Pheromone Trap,0,33.7,75.2,11.1,12.7,51.9,Good,0.965,0.48,Yes,Yes,Stem Borer,Stem Borer,Medium
KR_00575,2026-002-06,Kolhapur,Hatkanangale,20.67355,79.37852,Potato,Kufri Jyoti,Seedling,Sandy Loam,6.68,33.0,Healthy,Mild,0.1,Bollworm,Pheromone Trap,6,21.7,40.9,6.2,12.5,65.0,Good,0.841,0.501,No,Yes,Thrips,Fruit Fly,Low
KR_00576,2026-008-26,Nashik,Dindori,17.27336,74.79735,Potato,Kufri Pukhraj,Seedling,Clay Loam,7.99,54.5,Leaf Spot,Moderate,42.6,Bollworm,Pheromone Trap,15,35.6,40.9,15.0,16.8,30.3,Good,0.987,0.768,No,No,Rust,Aphids,Medium
KR_00577,2026-004-16,Sangli,Kavathe Mahankal,18.9808,74.71783,Potato,Kufri Pukhraj,Vegetative,Black Soil,6.73,26.1,Bollworm,Severe,74.5,Bollworm,Pheromone Trap,0,27.4,80.9,5.7,16.8,81.7,Poor Framing,0.429,0.984,No,Yes,Blast,Stem Borer,High
KR_00578,2026-003-27,Nashik,Dindori,18.36348,76.98618,Grapes,Sonaka,Maturity,Clay Loam,6.76,39.3,Bacterial Blight,Moderate,47.3,Whitefly,Pheromone Trap,4,30.3,91.0,31.8,7.1,65.4,Good,0.994,0.669,No,Yes,Late Blight,Thrips,High
KR_00579,2026-006-14,Pune,Shirur,16.72847,73.26134,Rice,Basmati,Seedling,Black Soil,7.5,23.0,Early Blight,Moderate,48.8,Fruit Fly,Pheromone Trap,0,31.0,80.2,37.3,2.3,28.0,Good,0.862,0.529,Yes,Yes,Leaf Spot,Fruit Fly,High
KR_00580,2026-003-10,Ahmednagar,Rahata,18.43876,74.31007,Cotton,Bt Cotton,Vegetative,Sandy Loam,6.78,67.2,Leaf Miner,Severe,58.5,Stem Borer,Pheromone Trap,7,19.0,35.2,20.9,3.2,86.7,Good,0.937,0.733,No,Yes,Leaf Spot,Stem Borer,Medium
KR_00581,2026-002-09,Kolhapur,Kagal,18.34384,73.08949,Potato,Local-P1,Maturity,Sandy Loam,6.77,53.7,Rust,Mild,15.3,Whitefly,Light Trap,7,23.4,65.3,19.7,4.7,78.6,Poor Framing,0.419,0.568,Yes,Yes,Blast,Thrips,Medium
KR_00582,2026-001-11,Sangli,Miraj,19.79449,74.76678,Cotton,Bunny Bt,Flowering,Sandy Loam,6.04,49.0,Bollworm,Mild,8.6,Whitefly,Pheromone Trap,13,22.9,95.3,41.9,19.1,63.1,Too Dark,0.615,0.789,Yes,Yes,Rust,Thrips,Medium
KR_00583,2026-001-23,Ahmednagar,Rahata,16.00803,74.25722,Soybean,MAUS-71,Flowering,Sandy Loam,6.55,63.3,Bacterial Blight,Mild,14.4,Leaf Miner,Pheromone Trap,2,25.6,74.4,40.1,8.5,84.3,Good,0.868,0.58,Yes,Yes,Early Blight,Leaf Miner,Medium
KR_00584,2026-004-03,Pune,Daund,19.10837,73.89047,Grapes,Sonaka,Vegetative,Sandy Loam,6.91,74.8,Leaf Spot,Mild,15.2,Fruit Fly,Light Trap,12,20.7,81.5,9.8,3.9,39.2,Too Dark,0.384,0.985,Yes,Yes,Bollworm,Aphids,Medium
KR_00585,2026-007-23,Sangli,Tasgaon,19.36476,73.60782,Tomato,Abhinav,Maturity,Loamy,6.1,56.3,Blast,Mild,14.9,Leaf Miner,Pheromone Trap,0,36.5,65.8,44.7,17.9,86.6,Good,0.772,0.765,Yes,No,Late Blight,Aphids,Medium
KR_00586,2026-005-27,Sangli,Miraj,20.1433,76.61586,Rice,Indrayani,Seedling,Black Soil,7.47,26.6,Leaf Miner,Mild,8.5,Bollworm,Sticky Trap,4,34.5,47.5,13.3,3.2,53.7,Too Dark,0.261,0.514,Yes,Yes,Early Blight,Fruit Fly,Low
KR_00587,2026-008-06,Ahmednagar,Sangamner,19.78354,78.41853,Rice,Phule Samruddhi,Fruiting,Black Soil,6.38,17.1,Stem Borer,Severe,79.5,Stem Borer,Pheromone Trap,0,19.7,44.9,3.3,10.3,52.6,Poor Framing,0.566,0.594,Yes,Yes,Blast,Fruit Fly,Medium
KR_00588,2026-007-21,Nashik,Sinnar,18.33687,76.97117,Grapes,Thompson Seedless,Flowering,Clay Loam,7.33,70.6,Brown Spot,Mild,7.9,Whitefly,Light Trap,13,28.7,93.4,39.4,4.3,72.1,Good,0.807,0.828,Yes,No,Leaf Spot,Aphids,Medium
KR_00589,2026-002-17,Satara,Phaltan,18.84875,76.50366,Rice,Indrayani,Vegetative,Black Soil,7.12,51.4,Bollworm,Mild,8.6,Fruit Fly,Pheromone Trap,0,24.8,68.9,11.7,8.6,30.2,Good,0.761,0.715,Yes,Yes,Stem Borer,Whitefly,Medium
KR_00590,2026-002-23,Satara,Karad,16.39289,77.68598,Potato,Local-P1,Flowering,Sandy Loam,6.36,31.6,Leaf Miner,Moderate,20.9,Aphids,Pheromone Trap,0,33.6,83.8,31.1,19.3,74.2,Good,0.831,0.859,Yes,No,Bacterial Blight,Bollworm,Medium
KR_00591,2026-005-16,Nashik,Sinnar,21.24199,73.63869,Potato,Kufri Pukhraj,Flowering,Black Soil,7.73,59.9,Bacterial Blight,Mild,15.8,Whitefly,Pheromone Trap,7,31.4,85.1,22.7,7.8,41.9,Good,0.771,0.889,Yes,No,Bacterial Blight,Aphids,Medium
KR_00592,2026-004-14,Pune,Shirur,16.96649,77.96099,Potato,Kufri Pukhraj,Seedling,Clay Loam,6.83,17.4,Downy Mildew,Moderate,20.8,Fruit Fly,Pheromone Trap,0,18.1,51.5,11.1,8.9,45.6,Good,0.931,0.599,No,Yes,Downy Mildew,Bollworm,Medium
KR_00593,2026-003-03,Satara,Wai,18.81425,79.43934,Tomato,Abhinav,Seedling,Clay Loam,6.68,25.2,Bacterial Blight,Moderate,41.9,Fruit Fly,Pheromone Trap,0,30.5,38.3,9.4,10.2,84.2,Too Dark,0.407,0.642,Yes,Yes,Brown Spot,Thrips,Medium
KR_00594,2026-005-08,Solapur,Malshiras,20.41097,79.0329,Grapes,Thompson Seedless,Maturity,Black Soil,7.96,69.9,Leaf Mold,Mild,8.9,Leaf Miner,Pheromone Trap,14,30.9,69.5,21.3,19.6,38.7,Good,0.845,0.862,Yes,No,Leaf Spot,Leaf Miner,Medium
KR_00595,2026-003-12,Satara,Phaltan,16.77826,75.60054,Cotton,RCH-659,Vegetative,Clay Loam,6.9,24.5,Early Blight,Moderate,42.7,Thrips,Pheromone Trap,12,32.5,68.3,9.6,8.2,78.4,Good,0.865,0.472,Yes,Yes,Powdery Mildew,Leaf Miner,Medium
KR_00596,2026-006-08,Sangli,Miraj,20.7645,73.27507,Grapes,Sonaka,Flowering,Clay Loam,7.2,26.2,Early Blight,Severe,50.8,Bollworm,Light Trap,7,24.2,84.9,38.8,12.3,92.0,Too Dark,0.427,0.946,Yes,Yes,Leaf Mold,Bollworm,High
KR_00597,2026-003-26,Satara,Wai,17.82353,79.32109,Grapes,Sharad Seedless,Seedling,Clay Loam,6.08,56.2,Healthy,Mild,5.0,Bollworm,Pheromone Trap,4,22.1,48.6,43.6,18.5,34.6,Too Dark,0.316,0.62,Yes,Yes,Downy Mildew,Whitefly,Low
KR_00598,2026-006-13,Pune,Daund,16.52016,76.89906,Potato,Kufri Jyoti,Seedling,Black Soil,7.33,26.9,Bacterial Blight,Mild,14.5,Thrips,Light Trap,4,20.7,75.6,45.0,2.8,50.5,Good,0.931,0.966,Yes,No,Bacterial Blight,Aphids,Medium
KR_00599,2026-005-24,Pune,Baramati,21.28407,78.57946,Potato,Kufri Pukhraj,Maturity,Black Soil,6.02,26.1,Leaf Miner,Mild,20.0,Bollworm,Pheromone Trap,0,24.7,61.1,24.7,18.8,59.3,Good,0.811,0.654,Yes,Yes,Leaf Mold,Aphids,Medium
KR_00600,2026-003-25,Kolhapur,Shirol,21.28203,78.90159,Soybean,MAUS-71,Vegetative,Sandy Loam,6.81,62.5,Stem Borer,Mild,6.1,Fruit Fly,Pheromone Trap,0,34.2,89.9,28.8,13.5,28.2,Good,0.806,0.664,Yes,Yes,Leaf Miner,Aphids,Medium
KR_00601,2026-004-16,Ahmednagar,Sangamner,16.9383,77.6992,Rice,Basmati,Maturity,Loamy,6.16,42.1,Thrips,Moderate,32.5,Bollworm,Pheromone Trap,15,18.7,82.0,32.9,4.6,60.2,Poor Framing,0.219,0.648,No,Yes,Brown Spot,Fruit Fly,Medium
KR_00602,2026-004-04,Ahmednagar,Shrigonda,18.39454,78.13976,Soybean,MAUS-71,Seedling,Black Soil,7.64,40.6,Leaf Miner,Mild,19.1,Thrips,Pheromone Trap,0,28.4,47.8,17.6,19.7,26.6,Too Bright,0.543,0.659,Yes,Yes,Leaf Spot,Fruit Fly,Medium
KR_00603,2026-006-10,Satara,Koregaon,17.39715,75.21347,Soybean,JS-335,Maturity,Loamy,6.96,21.5,Powdery Mildew,Moderate,32.7,Fruit Fly,Sticky Trap,10,22.2,68.0,11.9,17.0,23.0,Good,0.826,0.749,Yes,Yes,Rust,Whitefly,Medium
KR_00604,2026-003-01,Nashik,Sinnar,20.74559,78.93271,Cotton,Bunny Bt,Vegetative,Sandy Loam,6.1,29.0,Thrips,Severe,75.3,Bollworm,Pheromone Trap,0,31.3,63.4,31.2,14.1,23.6,Good,0.998,0.764,No,No,Late Blight,Stem Borer,Medium
KR_00605,2026-004-06,Nanded,Deglur,19.20595,74.07641,Potato,Kufri Pukhraj,Maturity,Sandy Loam,7.69,49.4,Downy Mildew,Severe,60.4,Fruit Fly,Light Trap,2,35.8,53.6,24.1,9.3,48.8,Too Dark,0.312,0.628,No,Yes,Rust,Stem Borer,Medium
KR_00606,2026-004-11,Nashik,Dindori,17.01725,78.07218,Rice,Phule Samruddhi,Vegetative,Sandy Loam,6.89,48.6,Healthy,Mild,2.0,Bollworm,Pheromone Trap,0,37.8,64.8,17.9,4.4,77.3,Good,0.91,0.544,No,Yes,Blast,Whitefly,Medium
KR_00607,2026-007-12,Sangli,Tasgaon,20.94187,76.38136,Cotton,Bunny Bt,Seedling,Clay Loam,7.82,68.8,Downy Mildew,Severe,54.1,Thrips,Light Trap,6,18.6,85.7,35.3,10.1,77.2,Too Dark,0.504,0.684,No,Yes,Brown Spot,Leaf Miner,High
KR_00608,2026-001-27,Ahmednagar,Kopargaon,21.07904,74.40811,Potato,Kufri Jyoti,Fruiting,Black Soil,7.48,56.1,Stem Borer,Mild,17.1,Whitefly,Pheromone Trap,15,33.0,50.9,8.6,7.3,60.6,Good,0.897,0.867,Yes,No,Late Blight,Aphids,Medium
KR_00609,2026-005-03,Satara,Karad,20.13783,73.00636,Cotton,Bunny Bt,Fruiting,Sandy Loam,8.0,38.4,Healthy,Mild,0.6,Bollworm,Light Trap,9,22.0,40.1,8.7,14.2,81.8,Too Bright,0.585,0.476,No,Yes,Blast,Aphids,Low
KR_00610,2026-007-22,Kolhapur,Shirol,20.7181,75.08905,Grapes,Thompson Seedless,Vegetative,Loamy,7.92,72.0,Powdery Mildew,Moderate,38.8,Bollworm,Pheromone Trap,4,30.8,52.0,40.3,10.8,64.9,Blurry,0.273,0.836,Yes,Yes,Stem Borer,Leaf Miner,Medium
KR_00611,2026-006-12,Satara,Koregaon,17.89503,76.61052,Soybean,MAUS-71,Fruiting,Sandy Loam,8.03,70.4,Stem Borer,Severe,74.5,Fruit Fly,Pheromone Trap,0,33.4,51.6,17.9,12.5,60.0,Good,0.993,0.557,Yes,Yes,Leaf Spot,Thrips,Medium
KR_00612,2026-002-07,Satara,Koregaon,17.89608,79.24659,Soybean,JS-335,Maturity,Black Soil,7.02,27.3,Bollworm,Mild,15.2,Bollworm,Sticky Trap,1,25.6,48.8,19.0,18.5,93.5,Good,0.783,0.718,Yes,Yes,Thrips,Leaf Miner,Medium
KR_00613,2026-002-05,Nashik,Sinnar,16.40885,77.34119,Tomato,Arka Rakshak,Flowering,Black Soil,7.6,25.1,Bacterial Blight,Moderate,21.4,Aphids,Light Trap,5,28.2,96.3,4.3,7.5,94.6,Good,0.863,0.818,Yes,No,Downy Mildew,Aphids,Medium
KR_00614,2026-004-25,Nanded,Loha,19.67002,74.10707,Rice,Indrayani,Seedling,Loamy,7.41,67.7,Bollworm,Severe,68.8,Thrips,Pheromone Trap,0,30.6,51.4,41.9,10.4,62.9,Good,0.934,0.715,Yes,Yes,Bacterial Blight,Aphids,Medium
KR_00615,2026-007-17,Ahmednagar,Sangamner,20.81103,76.50584,Soybean,MAUS-71,Vegetative,Clay Loam,6.9,35.3,Bacterial Blight,Moderate,48.8,Bollworm,Light Trap,13,32.1,69.3,28.6,10.1,89.5,Good,0.863,0.828,Yes,No,Rust,Whitefly,Medium
KR_00616,2026-002-19,Satara,Phaltan,18.00797,73.01463,Potato,Local-P1,Seedling,Loamy,6.4,52.8,Thrips,Severe,55.6,Stem Borer,Pheromone Trap,1,33.5,69.0,20.1,4.1,39.9,Too Dark,0.268,0.489,Yes,Yes,Bollworm,Thrips,Medium
KR_00617,2026-005-21,Satara,Wai,19.12327,79.29796,Potato,Local-P1,Maturity,Clay Loam,6.52,52.4,Blast,Moderate,43.5,Aphids,Pheromone Trap,0,37.1,43.0,41.3,19.0,79.9,Too Dark,0.511,0.574,Yes,Yes,Downy Mildew,Stem Borer,Medium
KR_00618,2026-001-20,Satara,Wai,20.8537,75.19519,Cotton,Bunny Bt,Maturity,Black Soil,7.42,32.0,Rust,Severe,69.1,Stem Borer,Pheromone Trap,0,31.9,62.8,16.1,5.6,87.1,Blurry,0.401,0.708,Yes,Yes,Powdery Mildew,Thrips,Medium
KR_00619,2026-001-13,Nanded,Deglur,18.09247,73.50695,Potato,Local-P1,Fruiting,Sandy Loam,7.34,44.5,Blast,Mild,17.9,Fruit Fly,Light Trap,9,27.9,88.3,37.7,4.6,58.7,Good,0.873,0.855,Yes,No,Blast,Fruit Fly,Medium
KR_00620,2026-004-05,Satara,Koregaon,18.02775,77.52076,Soybean,MAUS-71,Flowering,Sandy Loam,6.84,52.2,Powdery Mildew,Moderate,37.1,Bollworm,Pheromone Trap,0,21.4,91.7,7.9,16.9,83.9,Good,0.813,0.954,Yes,No,Bacterial Blight,Leaf Miner,Medium
KR_00621,2026-007-06,Sangli,Miraj,17.02129,74.60306,Rice,Basmati,Maturity,Clay Loam,7.74,64.8,Early Blight,Mild,13.2,Fruit Fly,Pheromone Trap,0,24.8,45.4,3.6,15.6,44.6,Too Dark,0.543,0.84,Yes,Yes,Stem Borer,Fruit Fly,Low
KR_00622,2026-005-08,Satara,Karad,21.20336,74.44074,Cotton,Bt Cotton,Flowering,Clay Loam,6.22,66.6,Blast,Mild,13.4,Stem Borer,Pheromone Trap,6,18.5,75.7,23.4,21.1,91.2,Too Dark,0.346,0.779,Yes,Yes,Brown Spot,Stem Borer,Medium
KR_00623,2026-006-27,Solapur,Pandharpur,17.68641,77.05067,Cotton,Bunny Bt,Maturity,Black Soil,8.04,21.8,Rust,Severe,66.9,Bollworm,Sticky Trap,9,34.7,56.0,10.6,17.9,26.5,Good,0.803,0.616,Yes,Yes,Rust,Bollworm,Medium
KR_00624,2026-001-25,Sangli,Tasgaon,16.58972,77.73806,Tomato,Abhinav,Vegetative,Sandy Loam,7.05,65.8,Blast,Mild,8.6,Stem Borer,Light Trap,14,24.3,36.0,27.9,21.1,31.2,Too Bright,0.489,0.509,Yes,Yes,Brown Spot,Bollworm,Low
KR_00625,2026-007-02,Sangli,Tasgaon,18.51148,77.00217,Soybean,MAUS-71,Maturity,Sandy Loam,7.24,51.3,Leaf Miner,Mild,16.4,Bollworm,Pheromone Trap,6,20.6,88.2,23.7,19.1,46.1,Good,0.973,0.955,Yes,No,Bollworm,Leaf Miner,Medium
KR_00626,2026-002-03,Sangli,Kavathe Mahankal,20.35763,75.92357,Grapes,Thompson Seedless,Flowering,Loamy,6.3,57.4,Blast,Moderate,49.5,Leaf Miner,Pheromone Trap,9,30.6,81.2,19.0,9.3,85.0,Too Bright,0.521,0.781,No,Yes,Stem Borer,Stem Borer,High
KR_00627,2026-008-02,Ahmednagar,Rahata,16.13968,79.06173,Soybean,MACS-1188,Seedling,Loamy,7.76,37.4,Early Blight,Severe,72.7,Thrips,Pheromone Trap,0,37.2,43.3,39.5,19.7,82.0,Too Bright,0.347,0.621,No,Yes,Thrips,Fruit Fly,Medium
KR_00628,2026-001-05,Nashik,Sinnar,19.0555,74.18397,Soybean,JS-335,Flowering,Clay Loam,7.87,46.5,Downy Mildew,Moderate,37.6,Leaf Miner,Light Trap,3,28.0,88.6,44.6,6.4,53.7,Poor Framing,0.555,0.838,No,Yes,Downy Mildew,Thrips,Medium
KR_00629,2026-007-09,Sangli,Tasgaon,21.05583,74.87144,Soybean,MAUS-71,Vegetative,Loamy,7.56,63.5,Leaf Spot,Severe,54.7,Aphids,Pheromone Trap,0,20.5,73.2,39.5,14.9,67.0,Too Dark,0.242,0.654,No,Yes,Leaf Spot,Whitefly,Medium
KR_00630,2026-003-20,Nanded,Biloli,17.12176,76.59285,Tomato,Hybrid-T1,Maturity,Loamy,7.69,39.2,Leaf Mold,Mild,15.0,Thrips,Sticky Trap,15,25.0,64.2,11.7,21.5,62.2,Good,0.871,0.655,Yes,Yes,Rust,Fruit Fly,Medium
KR_00631,2026-006-06,Pune,Baramati,18.10327,77.27491,Rice,Basmati,Seedling,Sandy Loam,6.12,67.1,Leaf Mold,Moderate,48.8,Leaf Miner,Light Trap,3,19.3,78.3,8.9,17.7,74.6,Too Dark,0.495,0.972,Yes,Yes,Bollworm,Aphids,Medium
KR_00632,2026-006-18,Satara,Koregaon,19.17156,76.68468,Potato,Local-P1,Fruiting,Loamy,8.1,59.0,Brown Spot,Moderate,39.7,Fruit Fly,Pheromone Trap,0,30.8,49.9,24.8,6.7,32.5,Poor Framing,0.364,0.971,Yes,Yes,Leaf Miner,Whitefly,Medium
KR_00633,2026-003-15,Kolhapur,Hatkanangale,18.29831,76.17917,Cotton,RCH-659,Fruiting,Loamy,6.36,38.6,Early Blight,Mild,13.6,Whitefly,Pheromone Trap,10,34.2,83.8,27.5,16.5,33.5,Blurry,0.472,0.908,Yes,Yes,Rust,Thrips,Medium
KR_00634,2026-001-02,Pune,Shirur,16.30491,74.60218,Potato,Kufri Jyoti,Maturity,Sandy Loam,7.58,27.9,Leaf Mold,Moderate,24.1,Fruit Fly,Sticky Trap,3,21.0,86.2,33.9,4.0,79.5,Blurry,0.528,0.842,No,Yes,Early Blight,Thrips,Medium
KR_00635,2026-004-13,Kolhapur,Karveer,19.33619,79.10822,Grapes,Sharad Seedless,Maturity,Sandy Loam,6.77,27.6,Leaf Mold,Severe,74.7,Whitefly,Pheromone Trap,3,22.7,68.7,41.6,18.0,89.2,Too Bright,0.649,0.865,No,Yes,Late Blight,Stem Borer,Medium
KR_00636,2026-008-03,Pune,Indapur,16.60214,73.43165,Rice,Indrayani,Maturity,Black Soil,6.05,24.0,Bacterial Blight,Mild,16.7,Leaf Miner,Pheromone Trap,11,18.5,54.1,21.5,15.1,75.1,Good,0.764,0.895,Yes,No,Bacterial Blight,Leaf Miner,Medium
KR_00637,2026-001-04,Nashik,Sinnar,16.51111,79.28819,Rice,Phule Samruddhi,Seedling,Loamy,7.61,21.9,Stem Borer,Mild,18.0,Leaf Miner,Light Trap,7,27.3,76.6,2.4,14.1,76.0,Good,0.779,0.657,No,Yes,Bollworm,Thrips,Medium
KR_00638,2026-003-04,Solapur,Akkalkot,16.74793,75.2291,Cotton,Bunny Bt,Fruiting,Loamy,6.44,52.4,Leaf Mold,Mild,5.6,Fruit Fly,Sticky Trap,7,25.6,48.1,0.6,5.6,68.8,Poor Framing,0.565,0.869,No,Yes,Brown Spot,Stem Borer,Low
KR_00639,2026-001-26,Pune,Indapur,16.1249,76.62951,Grapes,Sharad Seedless,Maturity,Loamy,8.03,66.6,Bacterial Blight,Severe,61.4,Thrips,Sticky Trap,10,23.7,43.1,37.8,13.8,72.5,Good,0.999,0.639,Yes,Yes,Brown Spot,Bollworm,Medium
KR_00640,2026-007-04,Nashik,Niphad,16.70512,77.51464,Grapes,Sonaka,Seedling,Loamy,8.13,22.1,Late Blight,Mild,11.4,Whitefly,Pheromone Trap,9,25.3,54.3,41.6,6.2,22.0,Good,0.972,0.87,No,No,Rust,Aphids,Low
KR_00641,2026-004-23,Sangli,Tasgaon,18.63621,76.62393,Tomato,Hybrid-T1,Vegetative,Black Soil,6.97,58.3,Leaf Spot,Moderate,32.8,Fruit Fly,Pheromone Trap,0,26.2,43.2,38.7,12.6,90.9,Good,0.836,0.591,Yes,Yes,Leaf Miner,Aphids,Medium
KR_00642,2026-003-27,Kolhapur,Shirol,17.37334,73.81052,Potato,Kufri Jyoti,Fruiting,Sandy Loam,7.24,61.1,Rust,Moderate,32.7,Aphids,Pheromone Trap,10,19.3,62.9,30.5,22.0,47.9,Blurry,0.58,0.961,No,Yes,Leaf Miner,Bollworm,Medium
KR_00643,2026-008-04,Kolhapur,Karveer,18.38802,73.71864,Potato,Local-P1,Seedling,Black Soil,6.09,16.6,Bollworm,Severe,77.7,Fruit Fly,Sticky Trap,2,27.0,52.4,42.4,11.8,51.8,Good,0.886,0.729,Yes,Yes,Powdery Mildew,Fruit Fly,Medium
KR_00644,2026-002-23,Satara,Phaltan,20.77638,73.70318,Tomato,Abhinav,Seedling,Sandy Loam,6.19,45.5,Downy Mildew,Moderate,23.0,Bollworm,Light Trap,12,22.6,40.0,2.2,19.4,47.1,Too Dark,0.629,0.716,No,Yes,Downy Mildew,Thrips,Medium
KR_00645,2026-007-13,Nashik,Dindori,16.09586,75.82812,Tomato,Abhinav,Maturity,Clay Loam,6.98,57.2,Bacterial Blight,Moderate,34.9,Thrips,Pheromone Trap,0,29.2,56.0,45.0,18.1,78.3,Too Dark,0.381,0.894,Yes,Yes,Rust,Stem Borer,Medium
KR_00646,2026-004-18,Ahmednagar,Sangamner,16.43413,76.80346,Potato,Local-P1,Vegetative,Sandy Loam,6.04,18.5,Late Blight,Moderate,32.4,Bollworm,Pheromone Trap,6,30.5,36.6,3.1,4.3,53.5,Blurry,0.5,0.517,No,Yes,Rust,Stem Borer,Medium
KR_00647,2026-002-27,Pune,Indapur,19.15793,75.04781,Cotton,Bunny Bt,Seedling,Clay Loam,7.73,17.5,Bacterial Blight,Severe,67.6,Aphids,Pheromone Trap,11,34.6,86.8,41.8,9.9,65.5,Blurry,0.487,0.8,No,Yes,Bacterial Blight,Aphids,High
KR_00648,2026-008-26,Ahmednagar,Shrigonda,19.31643,77.87439,Soybean,JS-335,Fruiting,Black Soil,6.33,44.1,Healthy,Mild,2.4,Bollworm,Pheromone Trap,4,22.7,46.0,14.5,5.7,75.3,Too Dark,0.501,0.771,Yes,Yes,Bollworm,Bollworm,Low
KR_00649,2026-004-12,Solapur,Mangalwedhe,19.91318,78.92196,Rice,Phule Samruddhi,Vegetative,Black Soil,6.47,18.1,Rust,Severe,79.5,Bollworm,Pheromone Trap,0,26.2,88.0,29.7,15.2,67.3,Poor Framing,0.482,0.501,Yes,Yes,Bollworm,Bollworm,High
KR_00650,2026-008-01,Nanded,Biloli,20.93596,73.54276,Grapes,Sonaka,Maturity,Clay Loam,8.04,45.5,Leaf Miner,Mild,19.6,Stem Borer,Pheromone Trap,5,28.7,45.1,5.4,20.9,86.3,Too Dark,0.431,0.951,Yes,Yes,Rust,Fruit Fly,Medium
KR_00651,2026-007-18,Satara,Phaltan,20.46529,74.68675,Soybean,JS-335,Fruiting,Clay Loam,7.04,20.6,Leaf Miner,Mild,17.6,Stem Borer,Pheromone Trap,0,24.0,60.4,34.4,15.4,90.1,Too Dark,0.601,0.814,Yes,Yes,Brown Spot,Thrips,Medium
KR_00652,2026-006-24,Satara,Karad,19.99413,75.54868,Cotton,RCH-659,Seedling,Clay Loam,6.09,36.3,Leaf Mold,Mild,8.9,Aphids,Pheromone Trap,0,33.8,61.7,16.0,2.9,87.5,Poor Framing,0.312,0.713,Yes,Yes,Brown Spot,Whitefly,Medium
KR_00653,2026-002-13,Ahmednagar,Rahata,16.58855,79.05157,Potato,Kufri Pukhraj,Fruiting,Loamy,6.64,17.7,Bacterial Blight,Moderate,41.1,Whitefly,Light Trap,7,28.9,80.4,42.1,10.6,39.9,Too Dark,0.341,0.485,No,Yes,Blast,Fruit Fly,High
KR_00654,2026-002-14,Satara,Koregaon,21.39674,75.31121,Rice,Basmati,Fruiting,Clay Loam,7.19,22.5,Blast,Severe,83.6,Aphids,Sticky Trap,5,28.7,68.6,22.6,14.3,86.0,Good,0.996,0.663,No,Yes,Brown Spot,Aphids,Medium
KR_00655,2026-007-11,Solapur,Mangalwedhe,16.4905,73.48004,Soybean,MAUS-71,Vegetative,Clay Loam,7.45,74.2,Powdery Mildew,Mild,20.0,Aphids,Sticky Trap,12,26.1,49.7,21.4,10.2,20.0,Good,0.995,0.474,No,Yes,Blast,Bollworm,Medium
KR_00656,2026-005-20,Solapur,Pandharpur,17.98174,79.21496,Tomato,Arka Rakshak,Vegetative,Clay Loam,6.27,20.8,Thrips,Severe,51.1,Thrips,Pheromone Trap,5,18.6,70.7,18.1,3.3,76.7,Blurry,0.603,0.953,No,Yes,Blast,Thrips,Medium
KR_00657,2026-008-10,Solapur,Mangalwedhe,20.76464,76.00121,Potato,Local-P1,Seedling,Clay Loam,6.18,31.3,Blast,Mild,16.8,Aphids,Pheromone Trap,10,21.7,59.9,16.9,7.3,51.7,Poor Framing,0.442,0.885,No,Yes,Bacterial Blight,Leaf Miner,Medium
KR_00658,2026-002-16,Ahmednagar,Rahata,19.78779,78.63376,Tomato,Arka Rakshak,Maturity,Clay Loam,8.15,63.2,Healthy,Mild,0.6,Bollworm,Sticky Trap,12,30.0,46.4,38.0,17.6,94.6,Good,0.924,0.656,Yes,Yes,Thrips,Bollworm,Low
KR_00659,2026-003-02,Pune,Baramati,19.75521,73.40214,Potato,Kufri Pukhraj,Maturity,Sandy Loam,6.46,33.9,Downy Mildew,Severe,72.7,Bollworm,Pheromone Trap,6,25.4,38.5,21.8,3.0,64.6,Poor Framing,0.458,0.886,No,Yes,Bacterial Blight,Stem Borer,Medium
KR_00660,2026-001-14,Kolhapur,Karveer,21.49252,77.43565,Tomato,Abhinav,Maturity,Sandy Loam,6.95,39.6,Thrips,Moderate,27.9,Bollworm,Pheromone Trap,6,26.5,57.9,34.0,8.8,86.9,Too Dark,0.403,0.965,Yes,Yes,Early Blight,Whitefly,Medium
KR_00661,2026-007-16,Satara,Koregaon,20.71371,75.40194,Grapes,Thompson Seedless,Vegetative,Loamy,7.69,35.2,Late Blight,Mild,6.6,Leaf Miner,Pheromone Trap,10,30.2,49.4,2.4,15.9,70.6,Good,0.964,0.514,No,Yes,Stem Borer,Aphids,Low
KR_00662,2026-008-18,Nanded,Deglur,18.2068,77.96476,Potato,Local-P1,Fruiting,Black Soil,6.23,25.6,Leaf Mold,Mild,6.4,Aphids,Pheromone Trap,9,33.9,75.3,44.7,2.1,87.8,Too Dark,0.207,0.706,Yes,Yes,Downy Mildew,Aphids,Medium
KR_00663,2026-007-12,Satara,Koregaon,20.8104,74.12378,Potato,Kufri Jyoti,Fruiting,Black Soil,8.05,31.4,Stem Borer,Severe,64.3,Whitefly,Sticky Trap,11,34.2,39.8,32.9,20.4,24.0,Too Dark,0.313,0.847,Yes,Yes,Thrips,Whitefly,Medium
KR_00664,2026-008-11,Ahmednagar,Kopargaon,18.53662,75.2773,Cotton,Bt Cotton,Flowering,Clay Loam,8.09,25.5,Stem Borer,Mild,15.1,Leaf Miner,Sticky Trap,9,24.5,51.0,35.9,21.6,40.1,Good,0.919,0.682,Yes,Yes,Thrips,Stem Borer,Medium
KR_00665,2026-007-22,Satara,Koregaon,20.6503,73.49857,Rice,Indrayani,Vegetative,Sandy Loam,6.63,47.2,Brown Spot,Severe,75.6,Stem Borer,Pheromone Trap,0,27.0,91.8,17.9,6.1,69.8,Poor Framing,0.489,0.851,Yes,Yes,Rust,Whitefly,High
KR_00666,2026-006-28,Satara,Phaltan,20.93757,75.2986,Soybean,MAUS-71,Maturity,Black Soil,7.76,19.0,Brown Spot,Moderate,48.9,Aphids,Pheromone Trap,0,23.1,80.0,8.7,9.7,94.6,Good,0.831,0.744,Yes,Yes,Late Blight,Whitefly,Medium
KR_00667,2026-002-16,Nashik,Niphad,16.06498,78.57595,Cotton,Bunny Bt,Seedling,Black Soil,7.57,38.8,Rust,Severe,60.0,Bollworm,Light Trap,6,37.8,52.6,11.4,15.4,47.0,Good,0.857,0.896,No,No,Blast,Fruit Fly,Medium
KR_00668,2026-005-11,Nashik,Sinnar,19.87517,76.59106,Soybean,MAUS-71,Flowering,Loamy,7.42,22.4,Blast,Moderate,48.8,Fruit Fly,Pheromone Trap,14,28.8,59.3,28.0,13.6,94.1,Too Dark,0.432,0.534,Yes,Yes,Leaf Mold,Aphids,Medium
KR_00669,2026-003-04,Nanded,Biloli,20.60631,73.68025,Grapes,Sharad Seedless,Vegetative,Clay Loam,6.83,17.2,Leaf Spot,Severe,84.5,Fruit Fly,Light Trap,12,23.1,51.9,40.7,18.6,68.7,Too Dark,0.402,0.732,No,Yes,Brown Spot,Bollworm,Medium
KR_00670,2026-007-04,Nanded,Hadgaon,18.15543,78.30992,Potato,Local-P1,Vegetative,Black Soil,7.57,48.4,Early Blight,Mild,7.2,Bollworm,Pheromone Trap,0,18.3,49.5,40.0,2.3,71.9,Blurry,0.408,0.655,No,Yes,Rust,Aphids,Low
KR_00671,2026-005-14,Solapur,Mangalwedhe,20.49806,74.23078,Grapes,Sonaka,Flowering,Black Soil,8.02,29.1,Blast,Moderate,47.9,Leaf Miner,Sticky Trap,11,36.9,72.1,34.0,17.7,40.7,Too Bright,0.538,0.912,Yes,Yes,Early Blight,Fruit Fly,Medium
KR_00672,2026-006-10,Sangli,Jat,16.19178,74.29061,Soybean,JS-335,Fruiting,Loamy,6.01,64.0,Late Blight,Moderate,48.6,Fruit Fly,Light Trap,8,34.7,55.9,40.6,2.9,52.5,Poor Framing,0.375,0.595,No,Yes,Bollworm,Leaf Miner,Medium
KR_00673,2026-003-13,Pune,Daund,19.87244,78.79676,Rice,Phule Samruddhi,Seedling,Sandy Loam,7.19,21.0,Bacterial Blight,Severe,59.4,Fruit Fly,Light Trap,1,28.5,35.9,34.8,17.2,52.2,Too Dark,0.291,0.749,Yes,Yes,Leaf Mold,Leaf Miner,Medium
KR_00674,2026-003-01,Nanded,Hadgaon,18.90375,76.50958,Potato,Kufri Pukhraj,Maturity,Black Soil,7.04,74.7,Powdery Mildew,Severe,67.0,Fruit Fly,Pheromone Trap,0,25.3,58.4,26.6,5.6,54.0,Good,0.892,0.934,No,No,Bacterial Blight,Whitefly,Medium
KR_00675,2026-008-10,Pune,Shirur,18.37387,77.56002,Tomato,Arka Rakshak,Maturity,Loamy,6.84,33.2,Leaf Spot,Severe,79.9,Aphids,Pheromone Trap,15,20.8,39.6,20.7,8.7,43.6,Good,0.865,0.697,Yes,Yes,Powdery Mildew,Thrips,Medium
KR_00676,2026-005-05,Ahmednagar,Sangamner,20.31232,73.62772,Cotton,Bunny Bt,Maturity,Loamy,6.62,51.5,Bacterial Blight,Moderate,48.2,Stem Borer,Pheromone Trap,3,21.3,73.0,21.5,12.2,25.6,Good,0.953,0.926,Yes,No,Late Blight,Fruit Fly,Medium
KR_00677,2026-005-28,Pune,Indapur,19.74558,75.42351,Soybean,JS-335,Fruiting,Loamy,6.01,49.7,Stem Borer,Moderate,34.9,Bollworm,Pheromone Trap,0,36.8,38.1,28.4,6.4,72.8,Good,0.853,0.963,Yes,No,Early Blight,Thrips,Medium
KR_00678,2026-001-26,Nanded,Biloli,18.76704,78.97703,Potato,Kufri Jyoti,Flowering,Black Soil,6.13,44.1,Powdery Mildew,Severe,56.4,Leaf Miner,Pheromone Trap,12,27.1,40.7,44.7,3.4,90.6,Too Dark,0.616,0.879,Yes,Yes,Rust,Bollworm,Medium
KR_00679,2026-002-26,Sangli,Jat,16.50307,76.73335,Soybean,MAUS-71,Vegetative,Sandy Loam,7.95,21.6,Leaf Miner,Severe,53.0,Thrips,Light Trap,2,33.0,37.7,16.3,20.9,84.7,Blurry,0.224,0.758,No,Yes,Rust,Aphids,Medium
KR_00680,2026-003-16,Ahmednagar,Rahata,19.74267,73.02992,Grapes,Thompson Seedless,Seedling,Clay Loam,7.24,34.6,Late Blight,Mild,17.2,Thrips,Light Trap,7,29.9,71.1,38.9,10.2,29.9,Good,0.82,0.705,No,Yes,Leaf Miner,Bollworm,Medium
KR_00681,2026-006-28,Nashik,Niphad,20.46015,73.53718,Cotton,Bt Cotton,Seedling,Clay Loam,6.73,24.2,Brown Spot,Severe,73.2,Stem Borer,Sticky Trap,11,21.7,64.5,13.4,21.4,78.8,Poor Framing,0.362,0.588,Yes,Yes,Leaf Miner,Whitefly,Medium
KR_00682,2026-007-05,Satara,Karad,18.91467,75.63661,Tomato,Abhinav,Fruiting,Black Soil,7.64,41.9,Bacterial Blight,Severe,57.7,Leaf Miner,Pheromone Trap,15,24.0,69.1,8.8,8.1,33.3,Too Bright,0.303,0.947,Yes,Yes,Powdery Mildew,Stem Borer,Medium
KR_00683,2026-002-08,Solapur,Malshiras,17.83696,75.89585,Grapes,Thompson Seedless,Seedling,Sandy Loam,6.79,52.2,Thrips,Mild,10.5,Stem Borer,Sticky Trap,4,29.3,80.9,0.4,2.7,90.3,Too Bright,0.346,0.473,Yes,Yes,Late Blight,Aphids,Medium
KR_00684,2026-003-06,Pune,Daund,21.4823,76.00755,Potato,Kufri Jyoti,Seedling,Black Soil,6.31,63.3,Leaf Mold,Moderate,40.5,Bollworm,Sticky Trap,3,30.7,60.6,27.9,20.4,43.6,Good,0.925,0.495,No,Yes,Rust,Bollworm,Medium
KR_00685,2026-001-15,Nanded,Deglur,20.31713,78.85064,Tomato,Hybrid-T1,Seedling,Loamy,7.89,60.6,Leaf Mold,Mild,6.2,Bollworm,Pheromone Trap,4,35.3,93.6,40.8,8.9,79.8,Poor Framing,0.509,0.59,Yes,Yes,Bacterial Blight,Fruit Fly,Medium
KR_00686,2026-004-23,Kolhapur,Shirol,21.25724,76.20003,Grapes,Sharad Seedless,Vegetative,Loamy,7.02,48.0,Bollworm,Moderate,41.2,Fruit Fly,Pheromone Trap,11,18.6,49.5,33.8,3.3,20.7,Blurry,0.33,0.816,No,Yes,Late Blight,Aphids,Medium
KR_00687,2026-006-22,Pune,Daund,17.52589,73.81937,Soybean,MACS-1188,Fruiting,Black Soil,7.11,56.9,Brown Spot,Moderate,21.9,Fruit Fly,Pheromone Trap,11,30.3,40.9,10.0,15.1,86.0,Too Dark,0.601,0.968,Yes,Yes,Brown Spot,Whitefly,Medium
KR_00688,2026-004-19,Sangli,Tasgaon,16.25138,75.5215,Soybean,MACS-1188,Fruiting,Sandy Loam,7.25,49.7,Powdery Mildew,Mild,11.0,Stem Borer,Pheromone Trap,0,19.5,59.4,19.8,7.3,78.4,Good,0.999,0.721,Yes,Yes,Stem Borer,Whitefly,Low
KR_00689,2026-003-19,Kolhapur,Hatkanangale,19.19579,79.26067,Tomato,Hybrid-T1,Seedling,Black Soil,6.86,42.5,Brown Spot,Mild,10.0,Bollworm,Sticky Trap,3,30.7,87.2,3.3,6.3,48.5,Good,0.783,0.661,No,Yes,Rust,Stem Borer,Medium
KR_00690,2026-005-08,Solapur,Pandharpur,19.6382,76.72243,Rice,Indrayani,Vegetative,Clay Loam,6.73,20.7,Healthy,Mild,3.7,Bollworm,Pheromone Trap,0,29.4,75.5,40.2,18.8,23.5,Good,0.751,0.863,Yes,No,Bollworm,Leaf Miner,Medium
KR_00691,2026-007-10,Solapur,Pandharpur,20.87519,73.75821,Grapes,Thompson Seedless,Fruiting,Loamy,7.75,52.0,Healthy,Mild,1.4,Bollworm,Pheromone Trap,15,36.2,56.0,39.4,13.3,79.2,Too Dark,0.403,0.913,Yes,Yes,Leaf Spot,Thrips,Low
KR_00692,2026-003-07,Satara,Karad,16.25534,79.19613,Rice,Phule Samruddhi,Vegetative,Black Soil,7.95,23.5,Thrips,Moderate,35.6,Bollworm,Pheromone Trap,8,37.7,91.1,31.3,4.5,88.0,Good,0.773,0.636,No,Yes,Leaf Mold,Aphids,Medium
KR_00693,2026-008-23,Ahmednagar,Sangamner,16.54436,78.1692,Cotton,Bunny Bt,Vegetative,Black Soil,6.78,69.6,Brown Spot,Mild,12.8,Stem Borer,Pheromone Trap,0,31.7,70.6,19.5,17.5,57.7,Good,0.884,0.629,Yes,Yes,Leaf Mold,Fruit Fly,Medium
KR_00694,2026-002-17,Nanded,Biloli,19.87188,73.61228,Potato,Kufri Pukhraj,Seedling,Black Soil,7.65,61.4,Bollworm,Mild,12.2,Aphids,Sticky Trap,2,28.9,58.7,42.4,12.2,63.6,Good,0.951,0.599,Yes,Yes,Late Blight,Aphids,Low
KR_00695,2026-006-19,Satara,Koregaon,19.9731,76.09902,Soybean,MACS-1188,Vegetative,Loamy,7.35,47.2,Powdery Mildew,Mild,7.0,Thrips,Pheromone Trap,0,23.0,52.5,21.9,7.6,35.9,Good,0.981,0.915,Yes,No,Leaf Spot,Leaf Miner,Low
KR_00696,2026-002-14,Nashik,Dindori,19.70219,77.78218,Cotton,Bt Cotton,Vegetative,Black Soil,7.39,73.7,Late Blight,Severe,74.4,Thrips,Sticky Trap,3,32.3,66.4,38.3,4.5,85.7,Good,0.843,0.555,Yes,Yes,Brown Spot,Thrips,Medium
KR_00697,2026-008-10,Sangli,Jat,18.23937,75.57317,Soybean,MAUS-71,Seedling,Clay Loam,7.57,50.7,Bollworm,Moderate,33.7,Whitefly,Light Trap,15,29.7,73.5,10.1,17.4,71.3,Poor Framing,0.273,0.773,Yes,Yes,Bollworm,Bollworm,Medium
KR_00698,2026-007-27,Ahmednagar,Kopargaon,20.7333,74.03429,Cotton,Bunny Bt,Vegetative,Black Soil,8.08,16.8,Early Blight,Severe,68.9,Whitefly,Pheromone Trap,0,30.4,59.7,6.8,3.6,85.1,Good,0.855,0.458,No,Yes,Downy Mildew,Fruit Fly,Medium
KR_00699,2026-004-19,Ahmednagar,Shrigonda,21.24726,78.70058,Soybean,JS-335,Vegetative,Sandy Loam,8.05,20.0,Blast,Moderate,30.9,Bollworm,Pheromone Trap,10,23.7,83.1,11.5,15.1,53.1,Blurry,0.376,0.556,Yes,Yes,Brown Spot,Whitefly,Medium
KR_00700,2026-003-04,Ahmednagar,Rahata,16.04695,77.20695,Grapes,Sonaka,Fruiting,Loamy,6.28,25.1,Stem Borer,Moderate,46.5,Bollworm,Pheromone Trap,0,23.9,44.3,9.7,10.2,30.3,Too Bright,0.532,0.958,Yes,Yes,Thrips,Stem Borer,Medium
KR_00701,2026-006-18,Solapur,Akkalkot,21.22029,76.86177,Cotton,Bunny Bt,Seedling,Sandy Loam,6.32,29.4,Late Blight,Severe,53.0,Fruit Fly,Light Trap,5,22.4,70.3,36.2,19.7,74.0,Good,0.987,0.976,No,No,Thrips,Aphids,Medium
KR_00702,2026-005-24,Nashik,Malegaon,17.35037,79.17003,Soybean,MAUS-71,Vegetative,Black Soil,6.17,65.1,Leaf Miner,Severe,68.5,Stem Borer,Pheromone Trap,0,25.5,80.3,16.6,11.3,74.6,Poor Framing,0.454,0.595,Yes,Yes,Rust,Leaf Miner,High
KR_00703,2026-002-27,Sangli,Tasgaon,17.98271,74.55954,Tomato,Abhinav,Fruiting,Clay Loam,6.86,70.9,Bacterial Blight,Severe,63.4,Aphids,Pheromone Trap,0,26.6,92.1,5.7,5.5,41.4,Good,0.884,0.94,Yes,No,Bollworm,Stem Borer,High
KR_00704,2026-005-21,Sangli,Tasgaon,20.1823,76.87364,Tomato,Arka Rakshak,Maturity,Sandy Loam,6.87,65.7,Stem Borer,Mild,17.8,Thrips,Pheromone Trap,0,27.1,96.8,6.2,9.4,73.8,Good,0.816,0.658,Yes,Yes,Late Blight,Aphids,Medium
KR_00705,2026-003-05,Nashik,Malegaon,20.35951,74.02319,Grapes,Sonaka,Flowering,Clay Loam,7.95,27.8,Brown Spot,Mild,11.8,Stem Borer,Sticky Trap,11,33.4,49.2,43.2,15.6,21.4,Too Dark,0.491,0.845,Yes,Yes,Blast,Fruit Fly,Low
KR_00706,2026-007-26,Pune,Daund,18.02598,76.56839,Soybean,MAUS-71,Flowering,Clay Loam,6.34,36.8,Powdery Mildew,Moderate,42.2,Thrips,Light Trap,15,36.1,85.2,11.7,18.9,68.8,Poor Framing,0.424,0.511,No,Yes,Stem Borer,Aphids,High
KR_00707,2026-006-21,Sangli,Tasgaon,17.2241,75.89061,Grapes,Sonaka,Maturity,Sandy Loam,6.88,34.4,Early Blight,Mild,12.0,Bollworm,Pheromone Trap,15,19.2,87.1,41.6,14.6,46.8,Good,0.953,0.954,No,No,Bollworm,Fruit Fly,Medium
KR_00708,2026-004-04,Solapur,Mangalwedhe,16.13924,73.98789,Cotton,Bt Cotton,Vegetative,Black Soil,6.68,34.2,Powdery Mildew,Mild,6.8,Bollworm,Pheromone Trap,4,37.4,78.6,5.6,20.4,77.2,Too Dark,0.563,0.825,Yes,Yes,Stem Borer,Aphids,Medium
KR_00709,2026-008-08,Nashik,Sinnar,19.42339,75.28192,Rice,Basmati,Fruiting,Loamy,7.99,16.6,Powdery Mildew,Mild,13.6,Leaf Miner,Light Trap,13,22.9,43.1,16.8,14.3,82.0,Too Bright,0.497,0.565,No,Yes,Stem Borer,Thrips,Low
KR_00710,2026-004-13,Nashik,Malegaon,16.00783,75.36334,Grapes,Sharad Seedless,Vegetative,Clay Loam,6.5,28.6,Downy Mildew,Mild,12.6,Bollworm,Light Trap,7,19.8,38.1,43.9,2.9,34.1,Too Dark,0.424,0.968,Yes,Yes,Brown Spot,Thrips,Low
KR_00711,2026-006-15,Solapur,Mangalwedhe,16.07788,73.81043,Grapes,Sonaka,Flowering,Loamy,7.96,48.5,Blast,Severe,83.7,Leaf Miner,Pheromone Trap,0,37.3,66.1,35.7,14.6,89.2,Too Bright,0.318,0.914,Yes,Yes,Rust,Whitefly,Medium
KR_00712,2026-006-13,Kolhapur,Kagal,16.79832,79.36791,Rice,Basmati,Vegetative,Loamy,8.1,70.2,Blast,Mild,14.5,Aphids,Pheromone Trap,5,37.9,56.8,44.6,19.2,62.5,Poor Framing,0.567,0.985,Yes,Yes,Stem Borer,Thrips,Low
KR_00713,2026-005-25,Solapur,Akkalkot,17.00672,78.77478,Tomato,Hybrid-T1,Flowering,Black Soil,7.98,29.5,Bollworm,Severe,77.7,Stem Borer,Sticky Trap,2,35.1,42.2,2.5,9.9,79.5,Good,0.776,0.578,Yes,Yes,Thrips,Whitefly,Medium
KR_00714,2026-006-03,Pune,Indapur,16.81673,78.77511,Soybean,MACS-1188,Fruiting,Loamy,6.88,18.4,Brown Spot,Moderate,39.9,Thrips,Light Trap,11,25.3,39.0,32.9,17.8,23.4,Good,0.813,0.489,No,Yes,Powdery Mildew,Bollworm,Medium
KR_00715,2026-002-20,Ahmednagar,Rahata,16.39611,76.68047,Cotton,RCH-659,Flowering,Sandy Loam,6.6,49.2,Powdery Mildew,Mild,13.6,Stem Borer,Sticky Trap,10,24.4,69.5,16.1,5.7,55.8,Good,0.953,0.46,No,Yes,Stem Borer,Aphids,Medium
KR_00716,2026-008-21,Nanded,Hadgaon,16.74775,77.30061,Rice,Phule Samruddhi,Seedling,Loamy,7.26,60.1,Downy Mildew,Severe,64.1,Fruit Fly,Light Trap,7,18.7,95.2,21.4,3.5,52.0,Blurry,0.304,0.881,Yes,Yes,Stem Borer,Thrips,High
KR_00717,2026-002-05,Ahmednagar,Kopargaon,18.5321,75.20427,Potato,Kufri Pukhraj,Maturity,Sandy Loam,7.43,40.2,Early Blight,Severe,82.8,Leaf Miner,Pheromone Trap,4,20.3,40.8,34.6,8.6,34.1,Too Dark,0.502,0.874,Yes,Yes,Stem Borer,Whitefly,Medium
KR_00718,2026-008-10,Solapur,Pandharpur,16.66578,73.45015,Soybean,JS-335,Fruiting,Sandy Loam,6.6,32.0,Powdery Mildew,Moderate,44.0,Whitefly,Light Trap,1,32.2,35.1,18.9,13.2,49.7,Good,0.886,0.862,Yes,No,Late Blight,Aphids,Medium
KR_00719,2026-003-19,Pune,Baramati,20.48919,75.50677,Tomato,Arka Rakshak,Seedling,Clay Loam,7.89,17.0,Downy Mildew,Mild,10.3,Leaf Miner,Sticky Trap,8,22.0,72.1,17.4,7.4,52.0,Good,0.991,0.688,No,Yes,Powdery Mildew,Fruit Fly,Medium
KR_00720,2026-006-10,Ahmednagar,Sangamner,17.76603,73.32204,Tomato,Abhinav,Fruiting,Black Soil,6.39,36.0,Stem Borer,Severe,55.6,Stem Borer,Sticky Trap,7,24.0,97.2,38.4,14.3,88.7,Too Dark,0.582,0.904,Yes,Yes,Bacterial Blight,Leaf Miner,High
KR_00721,2026-003-05,Ahmednagar,Shrigonda,17.36408,79.32044,Tomato,Arka Rakshak,Vegetative,Clay Loam,7.56,62.1,Brown Spot,Moderate,38.4,Stem Borer,Sticky Trap,13,30.1,87.5,42.5,7.2,63.4,Good,0.807,0.926,Yes,No,Late Blight,Aphids,Medium
KR_00722,2026-008-11,Nashik,Dindori,19.26327,76.25328,Rice,Basmati,Fruiting,Loamy,8.17,55.1,Blast,Severe,77.0,Fruit Fly,Pheromone Trap,2,23.0,41.5,0.4,19.9,62.8,Good,0.765,0.544,Yes,Yes,Brown Spot,Aphids,Medium
KR_00723,2026-002-05,Kolhapur,Hatkanangale,17.05994,77.09693,Grapes,Thompson Seedless,Flowering,Sandy Loam,7.76,22.9,Brown Spot,Mild,5.6,Bollworm,Pheromone Trap,0,24.0,70.7,38.2,9.6,24.8,Poor Framing,0.475,0.756,Yes,Yes,Stem Borer,Fruit Fly,Medium
KR_00724,2026-002-03,Pune,Shirur,20.03611,75.99956,Grapes,Thompson Seedless,Maturity,Sandy Loam,6.42,49.9,Powdery Mildew,Severe,79.4,Bollworm,Light Trap,13,19.6,71.1,9.8,3.4,72.9,Too Dark,0.334,0.59,Yes,Yes,Downy Mildew,Whitefly,Medium
KR_00725,2026-001-02,Nashik,Niphad,16.26432,74.33057,Rice,Indrayani,Fruiting,Loamy,8.05,59.5,Healthy,Mild,4.3,Bollworm,Sticky Trap,5,27.2,46.5,18.3,15.1,21.4,Good,0.916,0.836,Yes,No,Leaf Mold,Leaf Miner,Low
KR_00726,2026-007-13,Sangli,Tasgaon,19.12994,74.82377,Potato,Local-P1,Vegetative,Black Soil,7.42,73.3,Rust,Moderate,21.9,Whitefly,Sticky Trap,1,24.0,88.0,2.6,6.6,79.5,Too Bright,0.365,0.475,No,Yes,Blast,Stem Borer,Medium
KR_00727,2026-007-26,Sangli,Tasgaon,18.46651,75.18903,Rice,Indrayani,Vegetative,Loamy,7.14,24.2,Brown Spot,Mild,5.1,Bollworm,Sticky Trap,6,26.0,97.5,9.7,19.6,37.2,Good,0.799,0.67,Yes,Yes,Leaf Mold,Bollworm,Medium
KR_00728,2026-003-02,Nanded,Deglur,21.13048,73.06959,Grapes,Sonaka,Fruiting,Clay Loam,7.65,33.9,Bollworm,Severe,52.0,Whitefly,Pheromone Trap,4,19.1,94.3,7.8,6.6,63.6,Too Bright,0.316,0.713,No,Yes,Early Blight,Stem Borer,High
KR_00729,2026-008-11,Satara,Wai,18.52149,79.15256,Potato,Kufri Pukhraj,Seedling,Black Soil,7.0,24.8,Stem Borer,Severe,77.9,Whitefly,Pheromone Trap,0,35.6,38.7,36.6,16.4,88.7,Good,0.915,0.745,Yes,Yes,Leaf Spot,Aphids,Medium
KR_00730,2026-007-13,Kolhapur,Karveer,16.58229,78.11329,Potato,Local-P1,Flowering,Black Soil,6.85,53.4,Early Blight,Severe,80.5,Stem Borer,Sticky Trap,13,31.6,74.6,15.3,19.4,24.8,Good,0.829,0.472,Yes,Yes,Brown Spot,Fruit Fly,Medium
KR_00731,2026-002-15,Kolhapur,Hatkanangale,21.03172,77.7106,Rice,Indrayani,Fruiting,Loamy,7.38,42.1,Brown Spot,Mild,16.9,Bollworm,Sticky Trap,2,19.7,38.0,23.9,21.3,23.1,Poor Framing,0.356,0.822,Yes,Yes,Bollworm,Aphids,Medium
KR_00732,2026-008-06,Solapur,Akkalkot,17.60241,73.23435,Cotton,Bt Cotton,Maturity,Loamy,6.78,50.3,Bacterial Blight,Severe,58.8,Whitefly,Sticky Trap,10,24.4,90.8,34.4,11.9,32.9,Good,0.976,0.96,Yes,No,Early Blight,Whitefly,High
KR_00733,2026-005-17,Satara,Phaltan,17.98394,74.8802,Rice,Indrayani,Fruiting,Loamy,6.83,34.2,Brown Spot,Moderate,37.7,Leaf Miner,Light Trap,14,37.2,92.3,33.3,2.0,60.5,Good,0.801,0.607,Yes,Yes,Bollworm,Aphids,Medium
KR_00734,2026-007-08,Nanded,Deglur,16.06459,76.02006,Rice,Indrayani,Flowering,Sandy Loam,7.69,56.1,Leaf Spot,Severe,76.8,Whitefly,Sticky Trap,13,31.6,66.3,28.1,20.1,49.8,Poor Framing,0.496,0.536,Yes,Yes,Leaf Mold,Fruit Fly,Medium
KR_00735,2026-004-02,Kolhapur,Kagal,18.48793,76.23705,Tomato,Hybrid-T1,Vegetative,Clay Loam,7.25,16.1,Leaf Spot,Moderate,30.5,Bollworm,Sticky Trap,13,30.1,36.7,16.6,16.5,31.8,Too Dark,0.329,0.489,Yes,Yes,Bollworm,Leaf Miner,Medium
KR_00736,2026-004-24,Satara,Wai,17.73693,77.32146,Potato,Kufri Jyoti,Vegetative,Sandy Loam,6.54,55.1,Brown Spot,Mild,14.7,Thrips,Pheromone Trap,11,33.3,46.3,19.4,3.5,69.7,Too Dark,0.431,0.799,Yes,Yes,Leaf Spot,Whitefly,Low
KR_00737,2026-008-13,Pune,Shirur,19.60086,77.94184,Soybean,MACS-1188,Flowering,Loamy,7.55,24.4,Leaf Miner,Severe,52.9,Aphids,Sticky Trap,2,37.0,45.9,3.4,17.0,58.4,Good,0.928,0.741,Yes,Yes,Blast,Leaf Miner,Medium
KR_00738,2026-007-21,Kolhapur,Shirol,16.5719,76.78852,Potato,Kufri Jyoti,Flowering,Black Soil,6.86,74.3,Brown Spot,Mild,17.6,Leaf Miner,Pheromone Trap,0,18.9,59.5,25.7,12.0,89.9,Blurry,0.487,0.709,Yes,Yes,Blast,Fruit Fly,Medium
KR_00739,2026-008-17,Ahmednagar,Rahata,21.20152,75.59542,Tomato,Abhinav,Seedling,Sandy Loam,7.59,28.1,Powdery Mildew,Mild,6.7,Thrips,Light Trap,13,20.9,39.7,8.2,8.1,24.8,Good,0.791,0.587,No,Yes,Leaf Spot,Stem Borer,Low
KR_00740,2026-004-24,Pune,Daund,18.59083,76.99748,Rice,Phule Samruddhi,Maturity,Clay Loam,7.27,46.6,Powdery Mildew,Mild,12.7,Thrips,Pheromone Trap,0,32.7,36.3,9.9,10.6,50.7,Poor Framing,0.51,0.541,No,Yes,Rust,Fruit Fly,Low
KR_00741,2026-007-18,Satara,Wai,17.06365,75.57419,Soybean,MACS-1188,Flowering,Black Soil,6.72,25.8,Early Blight,Severe,81.5,Fruit Fly,Pheromone Trap,0,36.7,69.8,7.3,10.4,80.8,Good,0.915,0.755,Yes,No,Rust,Aphids,Medium
KR_00742,2026-003-13,Ahmednagar,Sangamner,20.52449,77.91586,Rice,Indrayani,Vegetative,Loamy,7.94,45.1,Bollworm,Moderate,40.2,Thrips,Sticky Trap,14,27.7,91.7,3.7,8.7,28.6,Poor Framing,0.634,0.943,Yes,Yes,Brown Spot,Leaf Miner,High
KR_00743,2026-001-13,Nanded,Hadgaon,17.36308,76.58897,Soybean,MACS-1188,Seedling,Loamy,6.34,45.4,Stem Borer,Mild,18.5,Leaf Miner,Sticky Trap,2,31.5,88.5,32.9,6.5,87.3,Blurry,0.532,0.843,No,Yes,Rust,Fruit Fly,Medium
KR_00744,2026-004-18,Nanded,Loha,18.12104,77.22918,Grapes,Sharad Seedless,Flowering,Loamy,6.01,68.9,Blast,Severe,53.5,Leaf Miner,Pheromone Trap,4,33.4,74.1,21.0,10.9,50.7,Blurry,0.613,0.825,Yes,Yes,Bacterial Blight,Leaf Miner,Medium
KR_00745,2026-004-20,Kolhapur,Hatkanangale,19.63408,74.15827,Cotton,Bt Cotton,Vegetative,Sandy Loam,6.83,56.8,Leaf Miner,Moderate,36.0,Aphids,Sticky Trap,10,35.4,71.2,4.2,8.5,35.3,Too Dark,0.428,0.755,Yes,Yes,Thrips,Fruit Fly,Medium
KR_00746,2026-008-09,Kolhapur,Karveer,19.45551,73.05871,Grapes,Sharad Seedless,Flowering,Loamy,7.27,51.5,Rust,Moderate,38.8,Thrips,Light Trap,7,29.8,97.8,2.8,10.8,66.4,Blurry,0.21,0.452,Yes,Yes,Rust,Stem Borer,Medium
KR_00747,2026-007-01,Sangli,Miraj,18.23095,73.48924,Potato,Local-P1,Maturity,Clay Loam,6.25,42.7,Late Blight,Moderate,35.6,Leaf Miner,Pheromone Trap,4,26.0,71.6,36.4,4.1,48.6,Too Bright,0.463,0.465,No,Yes,Rust,Thrips,Medium
KR_00748,2026-001-11,Sangli,Tasgaon,16.65047,78.76959,Soybean,MACS-1188,Fruiting,Loamy,8.11,17.3,Downy Mildew,Moderate,36.6,Bollworm,Pheromone Trap,0,34.8,46.3,24.1,7.1,59.0,Too Bright,0.3,0.75,Yes,Yes,Blast,Whitefly,Medium
KR_00749,2026-002-19,Nanded,Deglur,19.66717,76.51557,Rice,Basmati,Maturity,Sandy Loam,6.58,66.3,Leaf Spot,Severe,62.2,Aphids,Sticky Trap,1,21.0,95.5,35.5,20.3,23.5,Good,0.761,0.636,Yes,Yes,Powdery Mildew,Leaf Miner,High
KR_00750,2026-001-04,Sangli,Tasgaon,16.09508,79.29357,Tomato,Arka Rakshak,Flowering,Black Soil,7.23,61.0,Early Blight,Moderate,49.4,Leaf Miner,Pheromone Trap,7,27.0,38.3,34.3,20.3,88.4,Poor Framing,0.253,0.705,Yes,Yes,Powdery Mildew,Aphids,Medium
KR_00751,2026-002-11,Nashik,Sinnar,18.04799,77.47156,Soybean,MACS-1188,Flowering,Clay Loam,6.67,73.1,Stem Borer,Severe,70.8,Bollworm,Light Trap,8,23.5,56.6,19.0,20.0,50.1,Good,0.791,0.958,Yes,No,Brown Spot,Thrips,Medium
KR_00752,2026-006-06,Sangli,Kavathe Mahankal,20.79733,73.89003,Grapes,Sonaka,Vegetative,Loamy,6.27,15.5,Early Blight,Mild,19.0,Leaf Miner,Pheromone Trap,8,33.9,51.3,13.8,20.0,42.8,Good,0.921,0.626,Yes,Yes,Bacterial Blight,Leaf Miner,Medium
KR_00753,2026-008-16,Pune,Shirur,18.93908,75.03151,Grapes,Sonaka,Vegetative,Clay Loam,6.73,35.9,Leaf Spot,Mild,15.5,Aphids,Pheromone Trap,0,18.1,50.7,5.7,5.7,26.9,Too Bright,0.231,0.837,Yes,Yes,Bollworm,Thrips,Medium
KR_00754,2026-006-02,Satara,Karad,20.2482,76.48447,Potato,Kufri Pukhraj,Vegetative,Clay Loam,7.22,57.7,Thrips,Severe,61.4,Thrips,Pheromone Trap,3,31.6,56.8,32.1,8.3,50.5,Too Dark,0.347,0.649,No,Yes,Leaf Spot,Aphids,Medium
KR_00755,2026-004-09,Solapur,Malshiras,17.69683,73.60285,Grapes,Thompson Seedless,Flowering,Clay Loam,7.04,60.9,Powdery Mildew,Mild,10.3,Thrips,Pheromone Trap,8,35.5,81.1,38.4,7.9,82.5,Too Bright,0.408,0.642,Yes,Yes,Brown Spot,Aphids,Medium
KR_00756,2026-006-26,Kolhapur,Kagal,16.20156,74.50389,Potato,Kufri Pukhraj,Seedling,Loamy,6.43,46.8,Downy Mildew,Mild,18.1,Bollworm,Sticky Trap,4,34.5,67.8,27.0,5.6,90.2,Too Dark,0.413,0.739,No,Yes,Bollworm,Bollworm,Medium
KR_00757,2026-007-22,Satara,Karad,18.98818,74.27595,Tomato,Abhinav,Fruiting,Loamy,6.7,18.8,Stem Borer,Mild,11.7,Whitefly,Light Trap,6,34.6,48.4,14.7,6.5,80.9,Too Bright,0.43,0.505,Yes,Yes,Leaf Spot,Fruit Fly,Low
KR_00758,2026-001-04,Nanded,Biloli,17.60896,78.65082,Grapes,Sonaka,Fruiting,Sandy Loam,7.63,71.0,Bacterial Blight,Moderate,37.7,Bollworm,Pheromone Trap,4,22.2,60.0,26.4,13.5,86.6,Poor Framing,0.557,0.591,Yes,Yes,Rust,Aphids,Medium
KR_00759,2026-006-15,Solapur,Malshiras,18.6383,76.75336,Potato,Local-P1,Flowering,Loamy,6.21,20.1,Bacterial Blight,Moderate,39.9,Whitefly,Pheromone Trap,3,31.0,59.6,33.1,12.3,58.8,Too Dark,0.538,0.937,Yes,Yes,Leaf Mold,Aphids,Medium
KR_00760,2026-005-17,Satara,Wai,20.53137,78.78391,Tomato,Abhinav,Maturity,Clay Loam,7.66,22.6,Blast,Severe,53.9,Fruit Fly,Pheromone Trap,0,21.6,39.5,33.5,11.3,60.4,Poor Framing,0.604,0.907,Yes,Yes,Leaf Miner,Thrips,Medium
KR_00761,2026-007-28,Nashik,Sinnar,20.94293,76.00379,Tomato,Abhinav,Maturity,Clay Loam,8.01,30.8,Thrips,Mild,16.8,Aphids,Sticky Trap,7,27.9,90.1,23.5,9.8,59.3,Good,0.796,0.568,No,Yes,Blast,Fruit Fly,Medium
KR_00762,2026-006-11,Pune,Daund,19.17967,76.9634,Grapes,Sharad Seedless,Seedling,Clay Loam,8.08,35.2,Healthy,Mild,4.4,Bollworm,Pheromone Trap,0,32.8,73.9,41.3,21.3,74.0,Poor Framing,0.581,0.9,Yes,Yes,Bacterial Blight,Aphids,Medium
KR_00763,2026-001-08,Satara,Karad,21.08536,76.80381,Rice,Phule Samruddhi,Seedling,Clay Loam,7.64,47.3,Healthy,Mild,3.8,Bollworm,Light Trap,12,18.2,87.7,14.3,4.5,49.6,Poor Framing,0.535,0.516,No,Yes,Bacterial Blight,Bollworm,Medium
KR_00764,2026-002-11,Satara,Karad,17.69056,77.20107,Tomato,Arka Rakshak,Seedling,Loamy,7.59,17.5,Healthy,Mild,3.5,Bollworm,Pheromone Trap,14,28.7,41.4,22.6,4.5,41.3,Good,0.97,0.612,Yes,Yes,Early Blight,Leaf Miner,Low
KR_00765,2026-004-03,Nanded,Biloli,18.08513,75.61337,Grapes,Sonaka,Vegetative,Clay Loam,7.12,51.0,Bacterial Blight,Mild,8.1,Thrips,Pheromone Trap,0,32.1,74.5,24.5,21.5,93.2,Too Bright,0.637,0.499,Yes,Yes,Late Blight,Aphids,Medium
KR_00766,2026-007-01,Sangli,Kavathe Mahankal,20.51226,74.55616,Grapes,Sharad Seedless,Vegetative,Clay Loam,6.76,67.6,Leaf Spot,Moderate,28.7,Stem Borer,Pheromone Trap,0,31.2,87.8,41.0,11.4,33.6,Good,0.964,0.744,Yes,Yes,Brown Spot,Leaf Miner,Medium
KR_00767,2026-004-22,Sangli,Tasgaon,17.62242,76.38806,Grapes,Thompson Seedless,Flowering,Black Soil,7.8,56.0,Leaf Spot,Mild,18.4,Fruit Fly,Light Trap,6,30.7,47.9,24.1,18.4,88.9,Blurry,0.573,0.473,Yes,Yes,Leaf Spot,Aphids,Medium
KR_00768,2026-008-13,Solapur,Pandharpur,18.69728,74.39096,Tomato,Hybrid-T1,Fruiting,Sandy Loam,6.46,23.1,Leaf Miner,Severe,80.5,Whitefly,Pheromone Trap,11,23.4,42.3,34.0,6.6,43.8,Good,0.982,0.761,Yes,No,Rust,Leaf Miner,Medium
KR_00769,2026-002-25,Kolhapur,Shirol,19.13317,74.12537,Potato,Kufri Jyoti,Maturity,Sandy Loam,7.68,67.3,Brown Spot,Moderate,23.4,Leaf Miner,Sticky Trap,14,34.6,55.7,33.7,11.1,83.4,Good,0.863,0.93,No,No,Downy Mildew,Bollworm,Medium
KR_00770,2026-001-20,Ahmednagar,Rahata,20.26613,77.97683,Soybean,MACS-1188,Flowering,Loamy,7.3,60.6,Bollworm,Mild,12.6,Thrips,Light Trap,8,31.0,57.6,23.0,16.6,36.1,Good,0.94,0.693,Yes,Yes,Leaf Spot,Whitefly,Low
KR_00771,2026-001-09,Solapur,Mangalwedhe,21.18144,75.26919,Potato,Kufri Pukhraj,Fruiting,Black Soil,6.41,22.7,Stem Borer,Moderate,27.9,Thrips,Pheromone Trap,0,36.5,39.3,38.1,19.2,37.4,Good,0.903,0.841,Yes,No,Rust,Thrips,Medium
KR_00772,2026-003-24,Kolhapur,Shirol,16.10824,77.59729,Grapes,Sharad Seedless,Maturity,Clay Loam,6.22,27.9,Late Blight,Moderate,49.9,Thrips,Pheromone Trap,0,19.2,65.4,27.7,4.0,67.6,Good,0.786,0.6,Yes,Yes,Rust,Aphids,Medium
KR_00773,2026-002-23,Ahmednagar,Rahata,20.76053,76.73319,Rice,Indrayani,Vegetative,Clay Loam,6.17,44.8,Late Blight,Mild,7.8,Bollworm,Pheromone Trap,14,35.8,75.7,9.6,10.4,28.1,Too Bright,0.48,0.469,Yes,Yes,Blast,Leaf Miner,Medium
KR_00774,2026-001-02,Ahmednagar,Sangamner,16.27643,73.07799,Potato,Kufri Jyoti,Fruiting,Loamy,6.12,70.8,Brown Spot,Mild,5.5,Whitefly,Sticky Trap,7,35.9,61.1,6.1,13.4,34.7,Too Dark,0.463,0.455,Yes,Yes,Bacterial Blight,Fruit Fly,Medium
KR_00775,2026-006-28,Pune,Baramati,17.33867,75.168,Potato,Local-P1,Seedling,Sandy Loam,6.48,42.7,Early Blight,Mild,14.8,Thrips,Sticky Trap,2,20.2,69.1,17.1,2.8,58.2,Good,0.914,0.718,No,Yes,Rust,Stem Borer,Medium
KR_00776,2026-004-19,Kolhapur,Karveer,20.35791,79.49216,Soybean,MAUS-71,Vegetative,Black Soil,7.04,15.4,Late Blight,Moderate,27.3,Bollworm,Sticky Trap,14,22.5,54.0,38.6,20.6,29.9,Good,0.786,0.8,No,No,Thrips,Thrips,Medium
KR_00777,2026-001-22,Kolhapur,Shirol,16.78054,77.76169,Cotton,Bunny Bt,Seedling,Clay Loam,6.67,64.4,Brown Spot,Moderate,46.5,Stem Borer,Pheromone Trap,0,22.2,46.5,28.9,9.1,27.1,Good,0.868,0.493,Yes,Yes,Leaf Miner,Stem Borer,Medium
KR_00778,2026-005-16,Satara,Wai,21.2141,78.37655,Tomato,Abhinav,Maturity,Clay Loam,6.25,17.2,Leaf Spot,Mild,13.6,Bollworm,Pheromone Trap,15,28.7,93.1,4.1,18.1,60.5,Blurry,0.647,0.83,Yes,Yes,Brown Spot,Leaf Miner,Medium
KR_00779,2026-007-20,Ahmednagar,Shrigonda,16.69796,76.01346,Soybean,MACS-1188,Maturity,Clay Loam,6.69,30.5,Blast,Severe,58.1,Aphids,Pheromone Trap,0,37.5,41.9,1.5,7.8,83.5,Good,0.771,0.612,No,Yes,Bacterial Blight,Whitefly,Medium
KR_00780,2026-003-28,Satara,Koregaon,20.31983,79.36771,Tomato,Abhinav,Flowering,Sandy Loam,6.59,71.7,Healthy,Mild,2.5,Bollworm,Pheromone Trap,0,22.5,95.8,18.5,7.5,34.1,Poor Framing,0.585,0.541,Yes,Yes,Early Blight,Aphids,Medium
KR_00781,2026-001-19,Solapur,Malshiras,20.96464,73.00969,Rice,Indrayani,Seedling,Black Soil,6.05,47.9,Downy Mildew,Mild,16.9,Leaf Miner,Light Trap,8,22.8,42.0,0.2,12.3,62.9,Too Bright,0.456,0.499,No,Yes,Downy Mildew,Aphids,Medium
KR_00782,2026-008-09,Pune,Baramati,19.12245,77.81899,Rice,Indrayani,Vegetative,Sandy Loam,6.44,42.4,Leaf Miner,Severe,73.6,Aphids,Light Trap,12,32.3,37.8,0.4,17.9,45.3,Too Dark,0.645,0.964,Yes,Yes,Leaf Miner,Leaf Miner,Medium
KR_00783,2026-003-01,Ahmednagar,Sangamner,16.22347,73.14987,Potato,Kufri Pukhraj,Maturity,Clay Loam,7.51,29.9,Leaf Spot,Mild,15.8,Thrips,Light Trap,2,36.6,68.0,3.8,3.8,65.3,Poor Framing,0.366,0.59,Yes,Yes,Brown Spot,Stem Borer,Medium
KR_00784,2026-003-23,Nashik,Niphad,20.42706,77.32075,Soybean,JS-335,Vegetative,Clay Loam,7.68,31.7,Downy Mildew,Mild,11.7,Stem Borer,Pheromone Trap,5,29.6,79.4,38.8,10.6,31.1,Good,0.774,0.747,No,Yes,Powdery Mildew,Aphids,Medium
KR_00785,2026-004-12,Pune,Shirur,21.06358,77.24202,Potato,Kufri Jyoti,Maturity,Clay Loam,8.13,24.0,Bollworm,Moderate,24.2,Fruit Fly,Pheromone Trap,9,35.7,66.3,31.0,20.1,55.1,Too Bright,0.611,0.794,No,Yes,Late Blight,Thrips,Medium
KR_00786,2026-001-09,Nanded,Hadgaon,16.04632,73.56673,Potato,Local-P1,Maturity,Loamy,7.21,34.9,Blast,Mild,15.3,Bollworm,Sticky Trap,13,30.6,55.6,25.4,7.7,85.0,Blurry,0.251,0.467,Yes,Yes,Stem Borer,Whitefly,Medium
KR_00787,2026-007-14,Ahmednagar,Shrigonda,16.12942,73.55414,Potato,Local-P1,Maturity,Loamy,7.01,16.8,Leaf Mold,Severe,81.8,Thrips,Sticky Trap,10,32.7,93.3,19.2,9.0,29.4,Poor Framing,0.607,0.961,Yes,Yes,Rust,Aphids,High
KR_00788,2026-005-16,Sangli,Tasgaon,21.25646,78.01738,Cotton,RCH-659,Flowering,Sandy Loam,7.6,73.2,Late Blight,Severe,56.2,Thrips,Light Trap,7,37.8,88.7,13.5,18.5,21.9,Too Dark,0.24,0.578,Yes,Yes,Leaf Mold,Whitefly,High
KR_00789,2026-003-28,Satara,Wai,17.29183,76.62917,Grapes,Sonaka,Fruiting,Sandy Loam,7.18,24.8,Thrips,Mild,16.2,Thrips,Light Trap,11,37.1,59.8,44.4,12.2,83.5,Poor Framing,0.564,0.955,Yes,Yes,Brown Spot,Leaf Miner,Medium
KR_00790,2026-003-08,Satara,Wai,21.40961,79.21655,Potato,Kufri Jyoti,Fruiting,Sandy Loam,7.12,65.7,Brown Spot,Severe,60.3,Stem Borer,Pheromone Trap,0,31.2,71.4,28.8,9.2,22.7,Good,0.952,0.614,Yes,Yes,Late Blight,Thrips,Medium
KR_00791,2026-002-25,Sangli,Miraj,20.46432,74.9994,Tomato,Abhinav,Fruiting,Sandy Loam,7.2,71.8,Stem Borer,Mild,10.0,Leaf Miner,Light Trap,14,23.1,81.5,16.0,9.1,63.1,Good,0.754,0.666,Yes,Yes,Brown Spot,Stem Borer,Medium
KR_00792,2026-001-13,Pune,Daund,19.68819,76.98098,Rice,Basmati,Maturity,Black Soil,7.17,42.8,Healthy,Mild,4.3,Bollworm,Light Trap,4,24.1,56.3,26.4,7.8,85.6,Too Dark,0.563,0.841,Yes,Yes,Late Blight,Leaf Miner,Low
KR_00793,2026-008-05,Ahmednagar,Rahata,20.76394,73.11886,Soybean,MACS-1188,Seedling,Loamy,6.2,63.9,Thrips,Moderate,25.9,Leaf Miner,Pheromone Trap,2,34.0,46.7,38.8,4.4,50.1,Good,0.903,0.964,Yes,No,Leaf Miner,Whitefly,Medium
KR_00794,2026-008-25,Pune,Baramati,16.29079,73.37995,Rice,Indrayani,Vegetative,Black Soil,7.31,48.0,Bacterial Blight,Severe,71.2,Bollworm,Pheromone Trap,0,19.8,52.4,42.2,6.2,88.9,Blurry,0.566,0.58,Yes,Yes,Rust,Bollworm,Medium
KR_00795,2026-006-08,Ahmednagar,Kopargaon,20.29371,73.68225,Cotton,RCH-659,Vegetative,Clay Loam,7.5,52.0,Brown Spot,Mild,15.8,Whitefly,Pheromone Trap,0,29.6,52.9,44.0,11.3,59.3,Too Bright,0.364,0.455,No,Yes,Early Blight,Aphids,Medium
KR_00796,2026-007-09,Sangli,Tasgaon,19.88393,73.14712,Rice,Basmati,Maturity,Sandy Loam,7.15,15.2,Stem Borer,Moderate,38.0,Bollworm,Sticky Trap,8,20.2,61.2,19.2,13.1,58.4,Too Bright,0.477,0.977,No,Yes,Bollworm,Whitefly,Medium
KR_00797,2026-005-07,Nanded,Loha,20.26192,76.48058,Grapes,Thompson Seedless,Vegetative,Black Soil,6.98,40.2,Leaf Miner,Mild,18.5,Bollworm,Sticky Trap,13,23.7,35.9,32.5,13.0,78.8,Blurry,0.59,0.72,No,Yes,Powdery Mildew,Stem Borer,Medium
KR_00798,2026-003-03,Satara,Koregaon,20.81986,79.26606,Rice,Indrayani,Fruiting,Black Soil,7.74,38.1,Powdery Mildew,Moderate,36.5,Aphids,Light Trap,5,26.0,64.7,17.5,10.8,71.2,Good,0.859,0.823,No,No,Leaf Miner,Fruit Fly,Medium
KR_00799,2026-002-08,Sangli,Jat,20.0469,78.45174,Tomato,Hybrid-T1,Fruiting,Black Soil,6.01,70.7,Early Blight,Mild,10.5,Aphids,Pheromone Trap,15,33.6,52.8,9.5,17.0,28.4,Too Dark,0.59,0.762,No,Yes,Leaf Miner,Stem Borer,Low
KR_00800,2026-004-10,Solapur,Mangalwedhe,17.65785,73.69639,Grapes,Sharad Seedless,Seedling,Black Soil,6.7,28.7,Stem Borer,Mild,10.5,Bollworm,Light Trap,8,32.4,83.1,32.1,21.8,72.4,Blurry,0.521,0.582,Yes,Yes,Bollworm,Fruit Fly,Medium
KR_00801,2026-006-26,Pune,Daund,16.01727,73.11099,Soybean,JS-335,Fruiting,Sandy Loam,6.57,74.6,Rust,Severe,78.7,Fruit Fly,Light Trap,14,37.2,55.2,11.1,8.7,75.8,Too Bright,0.25,0.745,No,Yes,Rust,Aphids,Medium
KR_00802,2026-008-05,Pune,Shirur,17.28816,75.41875,Potato,Kufri Jyoti,Maturity,Black Soil,6.75,30.6,Downy Mildew,Severe,51.6,Leaf Miner,Light Trap,3,22.5,59.2,6.9,17.7,52.6,Poor Framing,0.579,0.65,No,Yes,Brown Spot,Aphids,Medium
KR_00803,2026-005-17,Solapur,Malshiras,16.35562,73.66135,Grapes,Sonaka,Seedling,Sandy Loam,6.27,38.1,Late Blight,Severe,66.8,Leaf Miner,Sticky Trap,8,31.3,38.9,4.4,8.4,93.4,Too Dark,0.207,0.55,Yes,Yes,Leaf Miner,Bollworm,Medium
KR_00804,2026-008-03,Sangli,Kavathe Mahankal,19.69445,75.4916,Rice,Basmati,Vegetative,Clay Loam,6.57,60.1,Powdery Mildew,Severe,64.1,Thrips,Light Trap,3,29.1,87.5,44.9,11.0,52.1,Good,0.753,0.802,Yes,No,Early Blight,Thrips,High
KR_00805,2026-006-25,Nashik,Niphad,17.14535,76.56518,Grapes,Thompson Seedless,Fruiting,Loamy,6.79,22.5,Bollworm,Severe,65.1,Fruit Fly,Light Trap,10,19.0,91.4,31.2,17.9,58.8,Too Dark,0.647,0.769,No,Yes,Rust,Fruit Fly,High
KR_00806,2026-008-23,Nashik,Niphad,16.03315,78.12334,Cotton,Bunny Bt,Maturity,Loamy,7.04,49.7,Leaf Mold,Mild,19.4,Whitefly,Light Trap,7,37.0,83.9,14.1,15.6,75.3,Blurry,0.403,0.848,Yes,Yes,Bollworm,Aphids,Medium
KR_00807,2026-006-21,Sangli,Miraj,17.4008,75.83617,Soybean,MAUS-71,Seedling,Loamy,7.83,46.6,Stem Borer,Mild,12.2,Aphids,Light Trap,12,34.7,63.7,9.3,3.2,33.2,Poor Framing,0.266,0.506,Yes,Yes,Leaf Miner,Aphids,Medium
KR_00808,2026-003-01,Nanded,Loha,19.33711,79.29663,Soybean,JS-335,Vegetative,Black Soil,7.71,24.5,Bollworm,Severe,63.0,Whitefly,Pheromone Trap,14,29.0,71.4,10.5,9.5,90.5,Too Bright,0.391,0.762,No,Yes,Leaf Miner,Thrips,Medium
KR_00809,2026-006-22,Satara,Karad,21.47196,79.39566,Potato,Local-P1,Seedling,Clay Loam,6.41,38.9,Rust,Mild,5.9,Fruit Fly,Pheromone Trap,0,35.4,63.4,39.8,17.2,89.1,Too Bright,0.649,0.666,No,Yes,Bollworm,Aphids,Medium
KR_00810,2026-005-02,Solapur,Mangalwedhe,17.60163,74.28885,Rice,Phule Samruddhi,Fruiting,Loamy,6.56,31.8,Bacterial Blight,Mild,17.8,Aphids,Light Trap,3,29.3,84.3,19.5,6.8,61.6,Too Dark,0.3,0.754,Yes,Yes,Brown Spot,Fruit Fly,Medium
KR_00811,2026-001-05,Satara,Wai,19.3868,76.98286,Potato,Kufri Jyoti,Seedling,Loamy,7.62,28.5,Rust,Severe,55.5,Aphids,Light Trap,3,28.8,40.5,40.3,4.4,49.1,Good,0.913,0.611,Yes,Yes,Leaf Miner,Leaf Miner,Medium
KR_00812,2026-003-02,Ahmednagar,Shrigonda,18.48909,77.19823,Rice,Phule Samruddhi,Vegetative,Clay Loam,6.78,27.3,Rust,Moderate,38.7,Leaf Miner,Pheromone Trap,1,27.1,35.0,38.7,10.7,81.2,Blurry,0.537,0.987,Yes,Yes,Leaf Miner,Aphids,Medium
KR_00813,2026-004-12,Solapur,Mangalwedhe,19.10775,78.47563,Rice,Basmati,Seedling,Loamy,6.41,19.7,Thrips,Moderate,46.5,Thrips,Pheromone Trap,0,23.6,69.2,41.1,13.7,33.0,Good,0.837,0.554,No,Yes,Rust,Thrips,Medium
KR_00814,2026-003-10,Pune,Daund,16.8468,75.43256,Cotton,RCH-659,Flowering,Black Soil,6.25,68.1,Early Blight,Moderate,28.5,Aphids,Pheromone Trap,0,22.5,60.5,22.7,13.1,62.0,Poor Framing,0.553,0.787,Yes,Yes,Early Blight,Whitefly,Medium
KR_00815,2026-001-04,Nashik,Sinnar,21.05525,76.84862,Rice,Indrayani,Maturity,Black Soil,6.76,59.8,Blast,Severe,58.1,Thrips,Pheromone Trap,13,23.4,45.2,26.1,10.9,45.0,Too Dark,0.377,0.94,Yes,Yes,Bacterial Blight,Thrips,Medium
KR_00816,2026-008-12,Satara,Koregaon,21.31839,75.60968,Soybean,JS-335,Fruiting,Clay Loam,7.29,31.7,Leaf Spot,Mild,10.8,Fruit Fly,Pheromone Trap,11,19.9,47.8,20.2,14.4,79.8,Too Dark,0.26,0.664,No,Yes,Early Blight,Bollworm,Low
KR_00817,2026-006-28,Nashik,Sinnar,16.7046,75.75309,Tomato,Arka Rakshak,Flowering,Loamy,7.47,45.5,Bollworm,Moderate,27.6,Bollworm,Sticky Trap,12,18.5,74.1,5.4,18.2,37.1,Good,0.893,0.536,Yes,Yes,Blast,Stem Borer,Medium
KR_00818,2026-003-12,Satara,Wai,16.33596,74.0804,Soybean,MACS-1188,Flowering,Loamy,7.89,36.3,Thrips,Mild,9.1,Leaf Miner,Sticky Trap,2,29.6,41.6,10.7,18.8,58.8,Blurry,0.418,0.769,Yes,Yes,Late Blight,Aphids,Low
KR_00819,2026-006-04,Kolhapur,Kagal,16.84329,73.60726,Potato,Local-P1,Flowering,Clay Loam,7.54,47.4,Leaf Spot,Severe,56.3,Bollworm,Pheromone Trap,13,28.9,66.0,19.4,14.7,82.2,Good,0.99,0.926,Yes,No,Bacterial Blight,Leaf Miner,Medium
KR_00820,2026-001-24,Sangli,Jat,16.91261,76.03725,Potato,Kufri Pukhraj,Flowering,Sandy Loam,6.6,68.0,Thrips,Severe,67.6,Aphids,Pheromone Trap,12,28.5,47.1,33.2,5.4,78.1,Poor Framing,0.397,0.879,No,Yes,Brown Spot,Thrips,Medium
KR_00821,2026-005-15,Kolhapur,Karveer,18.6524,77.28,Rice,Phule Samruddhi,Flowering,Loamy,7.9,53.3,Thrips,Severe,63.1,Aphids,Light Trap,3,29.1,45.9,39.1,2.2,28.0,Good,0.838,0.88,Yes,No,Downy Mildew,Thrips,Medium
KR_00822,2026-001-09,Satara,Karad,17.03787,77.94311,Rice,Basmati,Seedling,Black Soil,7.87,25.2,Stem Borer,Mild,18.8,Bollworm,Pheromone Trap,10,29.5,72.4,35.5,14.1,69.1,Blurry,0.277,0.825,No,Yes,Downy Mildew,Leaf Miner,Medium
KR_00823,2026-002-19,Sangli,Jat,21.2958,75.34849,Rice,Indrayani,Seedling,Sandy Loam,7.84,53.8,Healthy,Mild,3.6,Bollworm,Pheromone Trap,0,19.0,82.9,25.9,6.9,77.2,Too Dark,0.479,0.523,No,Yes,Rust,Bollworm,Medium
KR_00824,2026-004-15,Nashik,Sinnar,20.68698,77.51638,Grapes,Sonaka,Maturity,Loamy,7.02,54.5,Thrips,Moderate,28.4,Bollworm,Light Trap,14,34.8,64.9,19.6,4.6,41.1,Poor Framing,0.437,0.957,No,Yes,Bacterial Blight,Fruit Fly,Medium
KR_00825,2026-005-04,Satara,Koregaon,17.49257,73.58586,Grapes,Sharad Seedless,Vegetative,Loamy,7.48,27.3,Leaf Miner,Mild,16.8,Bollworm,Pheromone Trap,0,30.9,84.9,11.7,16.3,92.4,Good,0.784,0.558,No,Yes,Thrips,Stem Borer,Medium
KR_00826,2026-001-03,Nashik,Sinnar,16.98272,76.05414,Grapes,Sharad Seedless,Flowering,Sandy Loam,8.09,68.7,Brown Spot,Mild,11.3,Leaf Miner,Sticky Trap,13,23.0,53.4,28.1,2.9,40.8,Blurry,0.564,0.706,Yes,Yes,Leaf Spot,Aphids,Low
KR_00827,2026-006-24,Nanded,Biloli,16.9484,77.53267,Soybean,MACS-1188,Flowering,Loamy,6.98,31.0,Late Blight,Mild,16.5,Thrips,Sticky Trap,5,24.9,84.2,35.8,12.0,49.2,Good,0.862,0.861,No,No,Thrips,Stem Borer,Medium
KR_00828,2026-002-13,Nashik,Sinnar,20.63137,73.8893,Potato,Kufri Pukhraj,Seedling,Clay Loam,7.51,25.4,Blast,Moderate,42.0,Whitefly,Pheromone Trap,0,31.1,96.7,0.1,8.8,57.6,Good,0.906,0.619,Yes,Yes,Late Blight,Thrips,High
KR_00829,2026-006-14,Kolhapur,Kagal,17.76708,76.83478,Soybean,MACS-1188,Maturity,Loamy,7.05,19.7,Powdery Mildew,Moderate,21.5,Stem Borer,Light Trap,12,19.9,49.0,22.7,20.1,39.6,Good,0.864,0.664,Yes,Yes,Blast,Aphids,Medium
KR_00830,2026-007-01,Kolhapur,Karveer,20.66994,73.85393,Grapes,Sonaka,Fruiting,Black Soil,6.81,32.8,Leaf Mold,Mild,12.8,Aphids,Pheromone Trap,0,36.8,44.4,21.4,15.9,63.3,Good,0.753,0.729,Yes,Yes,Leaf Mold,Aphids,Low
KR_00831,2026-003-14,Kolhapur,Kagal,17.99838,77.89384,Grapes,Sonaka,Flowering,Black Soil,6.5,29.9,Late Blight,Moderate,37.8,Thrips,Sticky Trap,1,25.9,75.6,30.0,2.4,50.3,Poor Framing,0.556,0.939,Yes,Yes,Stem Borer,Thrips,Medium
KR_00832,2026-007-01,Ahmednagar,Shrigonda,21.01174,77.17543,Soybean,MAUS-71,Seedling,Sandy Loam,7.12,45.4,Thrips,Mild,12.5,Whitefly,Pheromone Trap,0,25.7,82.3,25.8,6.1,71.0,Good,0.924,0.825,Yes,No,Blast,Aphids,Medium
KR_00833,2026-003-19,Sangli,Miraj,20.66488,78.48498,Cotton,RCH-659,Maturity,Loamy,6.31,22.1,Rust,Mild,8.9,Aphids,Light Trap,13,32.0,39.9,38.9,15.7,53.2,Blurry,0.376,0.551,No,Yes,Leaf Spot,Leaf Miner,Low
KR_00834,2026-005-06,Solapur,Akkalkot,17.05412,78.2623,Potato,Local-P1,Maturity,Black Soil,7.48,49.0,Blast,Mild,12.4,Fruit Fly,Sticky Trap,7,32.0,95.8,34.6,17.5,37.5,Good,0.864,0.944,No,No,Downy Mildew,Stem Borer,Medium
KR_00835,2026-004-01,Ahmednagar,Rahata,16.86754,74.3406,Cotton,Bunny Bt,Maturity,Loamy,8.14,20.2,Brown Spot,Mild,19.4,Whitefly,Pheromone Trap,0,20.3,57.6,25.5,21.6,53.7,Blurry,0.469,0.484,Yes,Yes,Blast,Aphids,Medium
KR_00836,2026-006-21,Sangli,Miraj,21.47929,76.44826,Tomato,Hybrid-T1,Maturity,Clay Loam,7.45,29.7,Healthy,Mild,3.5,Bollworm,Pheromone Trap,0,27.3,68.9,18.6,12.0,89.6,Blurry,0.485,0.965,No,Yes,Early Blight,Bollworm,Medium
KR_00837,2026-008-06,Solapur,Mangalwedhe,18.08788,78.53094,Potato,Kufri Pukhraj,Vegetative,Black Soil,6.72,27.0,Rust,Mild,6.7,Bollworm,Sticky Trap,7,30.6,37.7,39.6,6.1,58.5,Too Dark,0.214,0.796,Yes,Yes,Leaf Miner,Bollworm,Low
KR_00838,2026-007-19,Ahmednagar,Sangamner,18.90781,76.90415,Grapes,Sharad Seedless,Vegetative,Clay Loam,7.83,65.5,Thrips,Mild,14.9,Bollworm,Light Trap,3,28.3,76.6,43.5,21.0,33.8,Poor Framing,0.41,0.599,No,Yes,Blast,Aphids,Medium
KR_00839,2026-005-11,Pune,Baramati,20.72219,74.11469,Grapes,Thompson Seedless,Fruiting,Loamy,6.03,17.0,Stem Borer,Mild,8.6,Bollworm,Light Trap,1,30.7,85.7,44.7,10.4,70.4,Good,0.82,0.568,Yes,Yes,Downy Mildew,Thrips,Medium
KR_00840,2026-004-20,Nanded,Hadgaon,16.44673,73.07119,Cotton,RCH-659,Vegetative,Clay Loam,6.36,67.6,Early Blight,Moderate,37.9,Fruit Fly,Pheromone Trap,0,36.8,44.8,10.0,9.3,20.7,Too Dark,0.609,0.758,Yes,Yes,Leaf Miner,Aphids,Medium
KR_00841,2026-005-27,Ahmednagar,Shrigonda,16.00423,78.96889,Tomato,Hybrid-T1,Fruiting,Clay Loam,6.29,60.9,Leaf Mold,Moderate,21.3,Whitefly,Sticky Trap,12,33.3,51.1,33.9,16.0,81.1,Too Bright,0.365,0.958,Yes,Yes,Early Blight,Leaf Miner,Medium
KR_00842,2026-003-05,Satara,Phaltan,17.93753,77.65952,Grapes,Thompson Seedless,Vegetative,Clay Loam,6.61,57.7,Downy Mildew,Mild,20.0,Thrips,Sticky Trap,7,18.8,60.4,20.9,17.5,92.8,Blurry,0.328,0.49,Yes,Yes,Late Blight,Aphids,Medium
KR_00843,2026-004-11,Solapur,Malshiras,17.02297,76.40883,Rice,Indrayani,Fruiting,Loamy,6.02,40.0,Leaf Spot,Moderate,48.5,Fruit Fly,Light Trap,3,21.8,56.7,27.5,13.8,86.7,Too Dark,0.496,0.533,Yes,Yes,Bacterial Blight,Whitefly,Medium
KR_00844,2026-002-05,Nanded,Loha,19.05788,76.01594,Grapes,Thompson Seedless,Maturity,Loamy,6.82,61.9,Healthy,Mild,1.5,Bollworm,Sticky Trap,5,28.5,38.1,42.6,18.1,87.1,Too Bright,0.311,0.627,Yes,Yes,Leaf Mold,Whitefly,Low
KR_00845,2026-004-17,Satara,Karad,16.05414,73.02872,Soybean,JS-335,Flowering,Black Soil,7.44,54.5,Rust,Moderate,24.4,Fruit Fly,Pheromone Trap,0,37.1,54.2,29.3,6.5,22.5,Good,0.933,0.755,No,No,Leaf Spot,Aphids,Medium
KR_00846,2026-006-27,Nanded,Deglur,16.83768,77.13119,Potato,Kufri Jyoti,Vegetative,Black Soil,7.3,47.4,Powdery Mildew,Moderate,45.0,Stem Borer,Pheromone Trap,3,32.8,77.0,31.4,7.9,20.9,Too Dark,0.636,0.8,No,Yes,Stem Borer,Whitefly,Medium
KR_00847,2026-007-04,Nashik,Dindori,19.13625,76.14912,Grapes,Thompson Seedless,Maturity,Black Soil,7.37,30.7,Bollworm,Severe,64.0,Fruit Fly,Pheromone Trap,0,31.0,89.0,18.1,4.6,20.3,Blurry,0.496,0.583,Yes,Yes,Rust,Leaf Miner,High
KR_00848,2026-002-16,Ahmednagar,Rahata,21.37994,73.99408,Cotton,Bunny Bt,Flowering,Black Soil,6.68,62.7,Late Blight,Moderate,27.7,Leaf Miner,Sticky Trap,6,22.5,39.6,8.7,15.2,43.7,Blurry,0.244,0.478,Yes,Yes,Early Blight,Thrips,Medium
KR_00849,2026-005-18,Sangli,Jat,17.24166,73.56005,Potato,Kufri Pukhraj,Vegetative,Black Soil,6.32,35.0,Bacterial Blight,Severe,79.3,Fruit Fly,Pheromone Trap,0,29.8,67.5,8.7,11.2,34.2,Poor Framing,0.283,0.609,Yes,Yes,Late Blight,Aphids,Medium
KR_00850,2026-003-28,Solapur,Malshiras,18.7136,73.16687,Cotton,Bunny Bt,Fruiting,Loamy,7.7,33.9,Leaf Spot,Mild,15.4,Stem Borer,Light Trap,6,19.5,82.7,3.2,11.4,22.6,Poor Framing,0.451,0.872,Yes,Yes,Rust,Whitefly,Medium
KR_00851,2026-007-02,Sangli,Jat,17.47391,75.49292,Tomato,Hybrid-T1,Maturity,Black Soil,7.23,36.2,Healthy,Mild,1.7,Bollworm,Pheromone Trap,0,32.6,85.9,14.4,18.7,39.5,Poor Framing,0.56,0.662,Yes,Yes,Bacterial Blight,Bollworm,Medium
KR_00852,2026-004-17,Nanded,Loha,16.01481,74.85287,Potato,Local-P1,Seedling,Clay Loam,6.7,33.7,Blast,Moderate,49.5,Aphids,Sticky Trap,10,36.5,79.8,6.7,3.6,60.5,Poor Framing,0.294,0.657,Yes,Yes,Brown Spot,Aphids,Medium
KR_00853,2026-004-20,Sangli,Kavathe Mahankal,19.76471,74.81156,Cotton,Bunny Bt,Seedling,Sandy Loam,7.18,15.7,Downy Mildew,Moderate,24.7,Leaf Miner,Pheromone Trap,2,37.4,59.1,31.1,16.2,35.5,Good,0.931,0.635,Yes,Yes,Early Blight,Aphids,Medium
KR_00854,2026-002-03,Nanded,Deglur,17.45006,73.13432,Potato,Local-P1,Fruiting,Sandy Loam,6.09,58.2,Bacterial Blight,Severe,66.9,Bollworm,Sticky Trap,1,37.6,80.1,27.0,14.3,60.6,Poor Framing,0.57,0.79,Yes,Yes,Leaf Miner,Whitefly,High
KR_00855,2026-001-16,Nashik,Malegaon,20.45916,75.46072,Soybean,JS-335,Maturity,Clay Loam,7.22,48.7,Thrips,Mild,17.0,Thrips,Sticky Trap,11,20.4,72.4,18.1,7.9,54.1,Poor Framing,0.503,0.536,No,Yes,Early Blight,Aphids,Medium
KR_00856,2026-003-08,Nanded,Deglur,17.99847,74.81035,Grapes,Sharad Seedless,Seedling,Loamy,8.02,68.7,Leaf Spot,Moderate,42.5,Whitefly,Light Trap,12,19.5,73.9,15.3,6.9,40.4,Too Bright,0.419,0.659,Yes,Yes,Leaf Miner,Leaf Miner,Medium
KR_00857,2026-006-02,Sangli,Kavathe Mahankal,21.07567,75.36146,Soybean,MACS-1188,Fruiting,Black Soil,7.63,33.1,Stem Borer,Moderate,34.6,Fruit Fly,Light Trap,1,22.3,59.5,18.1,8.6,80.9,Blurry,0.306,0.664,No,Yes,Leaf Miner,Aphids,Medium
KR_00858,2026-008-23,Satara,Phaltan,19.55839,75.78808,Soybean,MAUS-71,Maturity,Black Soil,6.02,28.0,Healthy,Mild,3.0,Bollworm,Sticky Trap,1,34.1,49.9,1.3,9.3,21.7,Good,0.835,0.822,Yes,No,Rust,Fruit Fly,Low
KR_00859,2026-005-23,Sangli,Tasgaon,20.71607,76.73411,Rice,Phule Samruddhi,Seedling,Black Soil,7.37,47.0,Healthy,Mild,0.7,Bollworm,Light Trap,6,36.3,94.7,42.1,15.2,39.3,Good,0.995,0.769,No,No,Thrips,Stem Borer,Medium
KR_00860,2026-001-11,Kolhapur,Hatkanangale,17.23821,73.58866,Potato,Local-P1,Maturity,Black Soil,7.58,50.7,Thrips,Severe,62.3,Thrips,Pheromone Trap,15,34.8,52.8,14.9,21.6,31.8,Good,0.899,0.82,No,No,Rust,Aphids,Medium
KR_00861,2026-002-15,Ahmednagar,Shrigonda,16.06639,79.3018,Grapes,Sonaka,Fruiting,Loamy,6.68,40.4,Rust,Mild,9.4,Aphids,Sticky Trap,13,26.4,93.1,0.7,5.9,80.0,Good,0.841,0.647,No,Yes,Early Blight,Aphids,Medium
KR_00862,2026-008-19,Nashik,Dindori,18.32738,78.25826,Tomato,Arka Rakshak,Seedling,Clay Loam,7.16,49.3,Thrips,Mild,7.7,Whitefly,Pheromone Trap,0,22.2,72.2,13.8,13.3,24.2,Blurry,0.636,0.845,Yes,Yes,Leaf Spot,Fruit Fly,Medium
KR_00863,2026-006-22,Solapur,Malshiras,19.97475,73.8002,Cotton,Bt Cotton,Maturity,Sandy Loam,6.96,59.6,Late Blight,Severe,64.2,Thrips,Light Trap,6,25.8,42.8,10.6,19.6,73.5,Blurry,0.319,0.812,Yes,Yes,Blast,Aphids,Medium
KR_00864,2026-004-26,Nanded,Hadgaon,20.24598,79.3087,Cotton,Bunny Bt,Fruiting,Sandy Loam,7.76,20.3,Late Blight,Mild,17.8,Aphids,Pheromone Trap,0,29.3,45.3,27.2,10.6,38.1,Good,0.963,0.528,Yes,Yes,Leaf Mold,Aphids,Medium
KR_00865,2026-004-24,Satara,Koregaon,19.11037,78.59397,Tomato,Arka Rakshak,Seedling,Loamy,7.91,70.3,Thrips,Mild,16.4,Aphids,Light Trap,15,34.1,95.7,16.9,19.2,69.0,Good,0.791,0.706,No,Yes,Bollworm,Thrips,Medium
KR_00866,2026-006-27,Sangli,Tasgaon,16.25704,74.54894,Rice,Indrayani,Maturity,Black Soil,6.55,74.5,Leaf Spot,Moderate,38.5,Thrips,Sticky Trap,9,23.6,43.7,43.3,11.9,25.3,Too Dark,0.436,0.93,No,Yes,Powdery Mildew,Aphids,Medium
KR_00867,2026-003-05,Sangli,Jat,17.80541,74.74674,Tomato,Hybrid-T1,Fruiting,Black Soil,8.01,41.6,Downy Mildew,Severe,74.1,Fruit Fly,Pheromone Trap,0,22.0,95.4,5.6,2.1,82.4,Too Bright,0.328,0.583,Yes,Yes,Stem Borer,Leaf Miner,High
KR_00868,2026-002-24,Nanded,Loha,18.57092,74.41924,Soybean,JS-335,Maturity,Black Soil,8.1,39.1,Late Blight,Severe,66.7,Aphids,Light Trap,1,22.1,57.8,10.7,18.0,45.1,Good,0.792,0.722,Yes,Yes,Powdery Mildew,Stem Borer,Medium
KR_00869,2026-006-21,Solapur,Akkalkot,20.35097,74.93382,Soybean,MACS-1188,Fruiting,Clay Loam,6.04,53.9,Downy Mildew,Moderate,43.4,Whitefly,Sticky Trap,7,27.1,43.7,25.6,2.0,89.4,Too Bright,0.272,0.905,No,Yes,Downy Mildew,Whitefly,Medium
KR_00870,2026-006-01,Ahmednagar,Rahata,21.20225,77.73804,Tomato,Abhinav,Fruiting,Clay Loam,6.69,44.1,Bacterial Blight,Mild,6.6,Thrips,Light Trap,12,29.5,69.1,12.5,21.9,79.2,Good,0.9,0.831,Yes,No,Bacterial Blight,Fruit Fly,Medium
KR_00871,2026-004-09,Kolhapur,Kagal,16.78607,75.71015,Grapes,Thompson Seedless,Vegetative,Loamy,6.29,28.3,Bacterial Blight,Moderate,46.8,Bollworm,Sticky Trap,2,21.1,69.5,31.7,19.6,80.4,Good,0.915,0.942,Yes,No,Late Blight,Fruit Fly,Medium
KR_00872,2026-003-07,Solapur,Mangalwedhe,19.84892,74.18594,Grapes,Thompson Seedless,Vegetative,Loamy,8.0,64.0,Blast,Severe,82.0,Stem Borer,Pheromone Trap,3,34.5,93.5,7.3,10.0,54.6,Too Dark,0.513,0.485,Yes,Yes,Blast,Thrips,High
KR_00873,2026-005-19,Nanded,Loha,16.31795,77.27222,Tomato,Hybrid-T1,Fruiting,Black Soil,6.85,19.6,Leaf Mold,Mild,15.5,Whitefly,Pheromone Trap,7,24.1,82.1,25.9,12.7,85.2,Good,0.848,0.857,Yes,No,Downy Mildew,Aphids,Medium
KR_00874,2026-005-11,Ahmednagar,Sangamner,20.85977,76.52025,Soybean,MAUS-71,Fruiting,Loamy,6.44,63.2,Healthy,Mild,4.2,Bollworm,Pheromone Trap,0,29.5,43.9,3.8,10.0,20.6,Blurry,0.345,0.936,Yes,Yes,Powdery Mildew,Leaf Miner,Low
KR_00875,2026-006-09,Nanded,Loha,17.77361,77.88545,Tomato,Arka Rakshak,Flowering,Black Soil,8.18,25.3,Rust,Moderate,28.2,Bollworm,Pheromone Trap,0,25.7,63.1,23.4,18.2,80.6,Too Bright,0.26,0.819,Yes,Yes,Downy Mildew,Leaf Miner,Medium
KR_00876,2026-005-05,Sangli,Jat,16.84648,78.79653,Tomato,Arka Rakshak,Seedling,Sandy Loam,8.05,15.3,Brown Spot,Mild,8.0,Stem Borer,Light Trap,1,28.3,49.7,14.3,11.4,23.1,Good,0.863,0.967,Yes,No,Rust,Stem Borer,Low
KR_00877,2026-003-27,Nashik,Sinnar,16.3342,73.29394,Cotton,RCH-659,Seedling,Loamy,6.07,51.5,Leaf Miner,Moderate,42.4,Thrips,Pheromone Trap,11,29.6,71.8,19.5,3.3,65.6,Too Dark,0.418,0.906,Yes,Yes,Bacterial Blight,Aphids,Medium
KR_00878,2026-001-11,Kolhapur,Hatkanangale,21.44518,76.60905,Soybean,MACS-1188,Flowering,Sandy Loam,7.34,46.6,Late Blight,Moderate,47.4,Stem Borer,Sticky Trap,6,33.1,58.8,31.1,8.0,58.2,Good,0.893,0.719,Yes,Yes,Early Blight,Stem Borer,Medium
KR_00879,2026-002-19,Solapur,Pandharpur,19.61824,75.80928,Rice,Basmati,Maturity,Clay Loam,6.59,54.0,Brown Spot,Mild,17.0,Bollworm,Pheromone Trap,15,28.6,96.4,6.3,12.4,65.8,Too Bright,0.208,0.553,Yes,Yes,Rust,Whitefly,Medium
KR_00880,2026-005-04,Nanded,Loha,18.59141,76.46184,Grapes,Thompson Seedless,Maturity,Clay Loam,8.1,21.8,Late Blight,Mild,12.7,Stem Borer,Pheromone Trap,15,31.7,80.5,9.1,12.0,76.6,Good,0.96,0.623,Yes,Yes,Leaf Miner,Leaf Miner,Medium
KR_00881,2026-006-03,Ahmednagar,Sangamner,17.34581,77.98195,Rice,Phule Samruddhi,Seedling,Clay Loam,7.59,37.6,Bacterial Blight,Moderate,25.0,Stem Borer,Light Trap,5,36.6,48.2,38.2,10.9,72.5,Blurry,0.381,0.905,No,Yes,Powdery Mildew,Bollworm,Medium
KR_00882,2026-008-22,Pune,Baramati,18.97485,73.97228,Rice,Phule Samruddhi,Flowering,Clay Loam,7.24,39.9,Blast,Severe,79.3,Stem Borer,Sticky Trap,4,20.7,80.7,9.9,11.5,53.8,Too Dark,0.626,0.465,No,Yes,Stem Borer,Whitefly,High
KR_00883,2026-008-24,Solapur,Mangalwedhe,19.89636,78.17774,Grapes,Thompson Seedless,Flowering,Sandy Loam,6.12,68.3,Late Blight,Moderate,49.5,Fruit Fly,Pheromone Trap,12,23.2,74.5,20.0,11.9,43.5,Too Dark,0.436,0.984,Yes,Yes,Blast,Aphids,Medium
KR_00884,2026-007-03,Nashik,Sinnar,18.82804,75.29283,Soybean,JS-335,Fruiting,Black Soil,7.23,33.1,Blast,Severe,76.7,Leaf Miner,Light Trap,3,26.1,69.6,22.7,13.0,53.2,Good,0.881,0.915,Yes,No,Powdery Mildew,Aphids,Medium
KR_00885,2026-008-01,Satara,Koregaon,19.26523,77.42818,Rice,Indrayani,Maturity,Black Soil,7.39,35.0,Leaf Spot,Severe,80.7,Fruit Fly,Pheromone Trap,0,21.1,70.7,35.5,12.5,49.0,Poor Framing,0.553,0.503,Yes,Yes,Leaf Miner,Aphids,Medium
KR_00886,2026-004-23,Ahmednagar,Shrigonda,19.93398,78.52376,Potato,Local-P1,Seedling,Black Soil,7.0,22.9,Rust,Mild,13.8,Thrips,Light Trap,9,30.1,49.6,12.4,16.1,69.7,Too Bright,0.396,0.614,Yes,Yes,Bollworm,Aphids,Low
KR_00887,2026-008-22,Sangli,Jat,18.31398,75.13137,Potato,Kufri Pukhraj,Fruiting,Loamy,8.19,26.5,Thrips,Severe,65.6,Aphids,Light Trap,8,22.7,41.4,7.7,18.1,87.4,Good,0.775,0.628,Yes,Yes,Powdery Mildew,Fruit Fly,Medium
KR_00888,2026-001-07,Solapur,Malshiras,16.69838,73.60849,Grapes,Sharad Seedless,Maturity,Loamy,7.14,57.7,Late Blight,Moderate,21.3,Whitefly,Sticky Trap,2,37.4,54.6,13.9,11.7,23.9,Poor Framing,0.246,0.532,No,Yes,Powdery Mildew,Fruit Fly,Medium
KR_00889,2026-001-25,Ahmednagar,Shrigonda,16.62607,77.0806,Grapes,Sharad Seedless,Maturity,Black Soil,7.64,50.0,Rust,Moderate,38.5,Fruit Fly,Pheromone Trap,0,35.5,44.0,28.7,8.1,78.3,Good,0.839,0.727,No,Yes,Rust,Stem Borer,Medium
KR_00890,2026-007-18,Nashik,Sinnar,19.99096,75.77727,Tomato,Hybrid-T1,Seedling,Sandy Loam,6.48,23.1,Thrips,Moderate,26.6,Stem Borer,Sticky Trap,14,20.4,71.7,22.4,11.1,88.8,Too Dark,0.61,0.811,Yes,Yes,Early Blight,Bollworm,Medium
KR_00891,2026-005-10,Nashik,Dindori,16.75188,78.39413,Tomato,Abhinav,Flowering,Clay Loam,7.41,74.8,Early Blight,Mild,7.6,Bollworm,Light Trap,14,37.9,58.5,24.7,14.5,39.1,Good,0.896,0.88,No,No,Rust,Whitefly,Low
KR_00892,2026-002-08,Ahmednagar,Shrigonda,19.8996,75.52705,Cotton,Bt Cotton,Flowering,Clay Loam,7.2,54.0,Bollworm,Severe,67.0,Leaf Miner,Pheromone Trap,0,26.5,62.8,15.2,21.0,87.3,Good,0.878,0.501,Yes,Yes,Leaf Spot,Stem Borer,Medium
KR_00893,2026-006-24,Kolhapur,Hatkanangale,19.67205,75.51293,Soybean,MAUS-71,Maturity,Clay Loam,7.8,27.2,Rust,Moderate,28.6,Leaf Miner,Sticky Trap,10,34.2,89.1,24.1,7.8,67.8,Good,0.993,0.866,No,No,Stem Borer,Leaf Miner,Medium
KR_00894,2026-003-22,Solapur,Akkalkot,19.88894,74.21657,Potato,Local-P1,Fruiting,Sandy Loam,7.0,22.4,Leaf Mold,Moderate,49.7,Stem Borer,Light Trap,2,18.0,97.8,33.6,20.3,40.8,Too Bright,0.628,0.467,Yes,Yes,Leaf Miner,Thrips,High
KR_00895,2026-004-25,Nashik,Niphad,19.37545,76.53742,Soybean,MACS-1188,Fruiting,Sandy Loam,7.22,68.5,Rust,Moderate,38.5,Bollworm,Pheromone Trap,0,27.5,63.5,3.2,5.0,42.8,Too Bright,0.382,0.598,No,Yes,Stem Borer,Whitefly,Medium
KR_00896,2026-006-19,Sangli,Jat,18.51857,78.53453,Tomato,Arka Rakshak,Flowering,Loamy,7.91,37.6,Healthy,Mild,0.6,Bollworm,Light Trap,4,27.8,43.1,9.8,13.4,78.7,Good,0.934,0.797,Yes,No,Powdery Mildew,Fruit Fly,Low
KR_00897,2026-003-06,Satara,Koregaon,18.67282,75.85137,Tomato,Hybrid-T1,Flowering,Black Soil,6.06,70.6,Brown Spot,Severe,61.3,Thrips,Pheromone Trap,6,19.3,80.5,9.4,20.7,92.6,Too Bright,0.33,0.819,Yes,Yes,Downy Mildew,Aphids,High
KR_00898,2026-003-28,Nashik,Dindori,17.6538,77.90768,Rice,Indrayani,Flowering,Clay Loam,6.61,58.9,Leaf Mold,Mild,10.6,Stem Borer,Pheromone Trap,10,34.6,44.4,4.2,7.2,78.6,Blurry,0.437,0.702,Yes,Yes,Early Blight,Bollworm,Low
KR_00899,2026-004-14,Solapur,Malshiras,16.0768,75.0945,Rice,Phule Samruddhi,Fruiting,Sandy Loam,6.93,45.8,Healthy,Mild,3.5,Bollworm,Pheromone Trap,9,19.0,41.3,31.4,11.6,38.2,Good,0.802,0.496,No,Yes,Leaf Spot,Stem Borer,Low
KR_00900,2026-004-26,Nanded,Loha,16.93957,73.67525,Soybean,JS-335,Maturity,Black Soil,7.21,20.8,Bacterial Blight,Severe,64.2,Fruit Fly,Pheromone Trap,7,24.0,55.8,20.4,3.1,68.2,Poor Framing,0.577,0.527,Yes,Yes,Bacterial Blight,Whitefly,Medium
KR_00901,2026-005-26,Pune,Indapur,21.18136,74.16484,Cotton,Bt Cotton,Seedling,Sandy Loam,6.07,26.1,Healthy,Mild,0.9,Bollworm,Light Trap,14,24.7,75.8,42.4,20.2,21.4,Good,0.979,0.525,No,Yes,Leaf Spot,Bollworm,Medium
KR_00902,2026-003-22,Satara,Phaltan,18.22044,76.1226,Soybean,JS-335,Seedling,Clay Loam,6.7,50.3,Stem Borer,Mild,6.4,Aphids,Light Trap,7,35.9,48.0,33.3,4.8,30.2,Good,0.819,0.467,Yes,Yes,Leaf Miner,Thrips,Low
KR_00903,2026-007-22,Satara,Phaltan,18.04841,73.90895,Soybean,MACS-1188,Maturity,Black Soil,7.87,21.8,Early Blight,Moderate,36.0,Thrips,Sticky Trap,10,20.0,49.4,7.8,5.6,48.4,Good,0.949,0.535,Yes,Yes,Late Blight,Fruit Fly,Medium
KR_00904,2026-005-22,Kolhapur,Hatkanangale,16.69432,74.97782,Potato,Kufri Jyoti,Flowering,Clay Loam,7.34,40.7,Healthy,Mild,0.9,Bollworm,Light Trap,7,21.9,46.0,2.5,18.2,91.3,Good,0.859,0.695,Yes,Yes,Powdery Mildew,Whitefly,Low
KR_00905,2026-002-09,Sangli,Tasgaon,19.42007,78.39745,Tomato,Arka Rakshak,Seedling,Clay Loam,7.51,74.8,Downy Mildew,Moderate,44.4,Fruit Fly,Pheromone Trap,0,23.4,83.1,17.6,5.2,79.1,Too Bright,0.488,0.483,Yes,Yes,Downy Mildew,Stem Borer,High
KR_00906,2026-003-10,Nanded,Deglur,17.20547,75.62808,Potato,Kufri Pukhraj,Flowering,Loamy,6.63,41.5,Late Blight,Moderate,33.0,Whitefly,Sticky Trap,6,22.2,71.6,31.0,20.5,29.5,Poor Framing,0.596,0.761,Yes,Yes,Leaf Mold,Whitefly,Medium
KR_00907,2026-007-26,Nashik,Sinnar,18.7162,76.85054,Tomato,Hybrid-T1,Flowering,Sandy Loam,6.18,53.5,Leaf Miner,Severe,74.4,Stem Borer,Sticky Trap,12,30.5,93.7,14.6,6.3,69.5,Blurry,0.447,0.72,Yes,Yes,Powdery Mildew,Aphids,High
KR_00908,2026-001-16,Pune,Baramati,20.01901,73.95625,Potato,Kufri Jyoti,Maturity,Loamy,7.36,60.1,Brown Spot,Severe,77.6,Bollworm,Light Trap,2,25.1,49.2,42.6,3.7,49.5,Too Bright,0.432,0.556,Yes,Yes,Rust,Whitefly,Medium
KR_00909,2026-008-13,Nashik,Sinnar,16.71939,73.38305,Cotton,Bt Cotton,Seedling,Black Soil,6.6,51.8,Leaf Miner,Moderate,48.8,Leaf Miner,Pheromone Trap,0,29.1,43.8,32.9,13.5,28.8,Good,0.995,0.665,No,Yes,Brown Spot,Stem Borer,Medium
KR_00910,2026-002-06,Satara,Wai,19.53344,78.44914,Cotton,Bunny Bt,Vegetative,Sandy Loam,7.85,32.8,Brown Spot,Moderate,26.2,Aphids,Sticky Trap,10,20.2,43.7,41.9,19.2,64.1,Good,0.753,0.664,Yes,Yes,Blast,Bollworm,Medium
KR_00911,2026-001-25,Ahmednagar,Shrigonda,19.95233,76.68652,Soybean,MAUS-71,Fruiting,Sandy Loam,8.18,16.5,Powdery Mildew,Severe,57.8,Whitefly,Sticky Trap,10,20.2,41.6,17.5,5.4,78.9,Too Dark,0.212,0.667,Yes,Yes,Bacterial Blight,Stem Borer,Medium
KR_00912,2026-002-09,Pune,Shirur,17.24532,74.76914,Tomato,Hybrid-T1,Fruiting,Sandy Loam,7.83,54.4,Early Blight,Severe,59.6,Aphids,Pheromone Trap,0,23.6,87.0,24.5,15.8,26.6,Good,0.989,0.917,Yes,No,Early Blight,Aphids,High
KR_00913,2026-004-10,Pune,Daund,18.20251,79.33958,Potato,Kufri Pukhraj,Maturity,Black Soil,7.7,17.9,Late Blight,Severe,81.5,Thrips,Pheromone Trap,0,21.0,70.4,39.7,19.1,89.4,Blurry,0.612,0.99,Yes,Yes,Leaf Spot,Aphids,Medium
KR_00914,2026-008-04,Satara,Phaltan,21.25125,78.0031,Tomato,Abhinav,Flowering,Clay Loam,7.22,68.3,Healthy,Mild,1.0,Bollworm,Sticky Trap,2,26.5,78.8,25.4,15.4,56.4,Too Dark,0.245,0.947,Yes,Yes,Leaf Spot,Fruit Fly,Medium
KR_00915,2026-003-16,Pune,Baramati,16.63803,78.69988,Cotton,Bt Cotton,Maturity,Clay Loam,8.04,64.0,Stem Borer,Moderate,47.2,Leaf Miner,Pheromone Trap,0,21.2,93.8,25.0,15.1,41.7,Good,0.783,0.738,Yes,Yes,Late Blight,Fruit Fly,High
KR_00916,2026-002-12,Pune,Shirur,21.33364,76.09684,Potato,Kufri Jyoti,Fruiting,Sandy Loam,6.65,40.7,Bacterial Blight,Mild,8.6,Aphids,Pheromone Trap,0,18.8,75.1,13.6,21.4,69.3,Blurry,0.255,0.762,No,Yes,Early Blight,Thrips,Medium
KR_00917,2026-002-23,Kolhapur,Shirol,16.41874,74.54355,Tomato,Hybrid-T1,Flowering,Black Soil,6.9,54.8,Powdery Mildew,Mild,10.8,Stem Borer,Pheromone Trap,14,24.9,45.5,14.5,17.2,57.3,Good,0.973,0.451,Yes,Yes,Late Blight,Aphids,Low
KR_00918,2026-003-28,Nanded,Deglur,18.86328,78.94686,Tomato,Arka Rakshak,Fruiting,Clay Loam,7.11,73.9,Bacterial Blight,Mild,19.7,Bollworm,Pheromone Trap,2,29.8,74.6,32.9,10.7,46.1,Poor Framing,0.613,0.562,Yes,Yes,Blast,Stem Borer,Medium
KR_00919,2026-003-09,Satara,Karad,19.50983,73.56174,Rice,Phule Samruddhi,Fruiting,Loamy,7.67,36.7,Thrips,Mild,8.9,Aphids,Pheromone Trap,0,27.5,76.8,3.7,19.2,69.0,Good,0.778,0.57,Yes,Yes,Downy Mildew,Leaf Miner,Medium
KR_00920,2026-003-18,Solapur,Akkalkot,20.27916,73.66695,Soybean,MACS-1188,Fruiting,Sandy Loam,7.19,18.5,Late Blight,Mild,12.3,Fruit Fly,Sticky Trap,1,27.4,45.6,22.6,4.2,46.3,Too Bright,0.497,0.526,No,Yes,Stem Borer,Thrips,Low
KR_00921,2026-001-27,Satara,Wai,16.07244,74.80517,Tomato,Hybrid-T1,Maturity,Loamy,6.79,51.4,Bacterial Blight,Moderate,21.0,Whitefly,Pheromone Trap,0,18.8,82.3,12.1,14.1,28.7,Good,0.972,0.505,No,Yes,Early Blight,Fruit Fly,Medium
KR_00922,2026-006-08,Sangli,Tasgaon,17.75276,78.0685,Grapes,Sonaka,Vegetative,Loamy,8.03,15.5,Bollworm,Moderate,28.7,Leaf Miner,Pheromone Trap,8,29.1,37.6,34.2,12.5,22.2,Too Dark,0.208,0.489,Yes,Yes,Leaf Spot,Stem Borer,Medium
KR_00923,2026-004-15,Kolhapur,Shirol,19.37295,78.66532,Rice,Basmati,Seedling,Clay Loam,6.63,48.3,Brown Spot,Moderate,28.6,Leaf Miner,Sticky Trap,9,18.7,40.4,22.9,13.1,65.8,Good,0.846,0.858,Yes,No,Bollworm,Aphids,Medium
KR_00924,2026-003-19,Pune,Shirur,16.53541,78.3554,Potato,Kufri Pukhraj,Fruiting,Clay Loam,8.05,69.2,Leaf Miner,Severe,64.1,Fruit Fly,Pheromone Trap,0,24.4,55.9,14.5,8.9,57.0,Good,0.898,0.615,Yes,Yes,Blast,Stem Borer,Medium
KR_00925,2026-008-14,Solapur,Akkalkot,19.31509,75.79452,Cotton,Bt Cotton,Flowering,Clay Loam,7.97,46.2,Brown Spot,Severe,65.0,Stem Borer,Pheromone Trap,0,32.6,59.5,18.9,6.8,53.9,Good,0.843,0.933,No,No,Thrips,Thrips,Medium
KR_00926,2026-006-26,Pune,Shirur,18.3004,76.6409,Tomato,Abhinav,Maturity,Black Soil,6.31,28.2,Healthy,Mild,2.6,Bollworm,Sticky Trap,8,32.5,73.8,7.2,14.3,49.8,Good,0.825,0.868,Yes,No,Bollworm,Thrips,Medium
KR_00927,2026-007-06,Solapur,Malshiras,19.71422,74.56252,Rice,Phule Samruddhi,Vegetative,Loamy,6.66,15.3,Healthy,Mild,1.4,Bollworm,Light Trap,12,20.5,42.0,14.9,6.9,85.5,Too Dark,0.249,0.739,Yes,Yes,Late Blight,Aphids,Low
KR_00928,2026-007-13,Nanded,Loha,16.0822,74.80408,Tomato,Arka Rakshak,Seedling,Loamy,8.19,27.8,Powdery Mildew,Mild,14.3,Whitefly,Pheromone Trap,6,21.6,49.0,3.7,14.8,89.1,Good,0.881,0.572,No,Yes,Bollworm,Thrips,Low
KR_00929,2026-006-25,Satara,Phaltan,18.43442,73.64486,Tomato,Hybrid-T1,Maturity,Loamy,7.82,16.6,Leaf Spot,Moderate,33.9,Aphids,Sticky Trap,15,20.4,78.1,26.6,20.0,48.7,Good,0.869,0.985,No,No,Early Blight,Thrips,Medium
KR_00930,2026-001-21,Solapur,Pandharpur,16.6661,74.49908,Rice,Basmati,Seedling,Clay Loam,7.17,71.3,Thrips,Mild,7.8,Bollworm,Light Trap,2,31.4,38.1,25.9,14.9,35.9,Too Dark,0.302,0.776,No,Yes,Rust,Aphids,Low
KR_00931,2026-006-24,Solapur,Pandharpur,19.89803,77.2122,Grapes,Sonaka,Fruiting,Loamy,6.41,35.4,Leaf Mold,Severe,73.7,Leaf Miner,Light Trap,2,28.3,58.2,43.6,8.2,74.5,Too Dark,0.649,0.888,No,Yes,Rust,Stem Borer,Medium
KR_00932,2026-008-16,Nashik,Malegaon,20.08595,73.53848,Grapes,Sharad Seedless,Fruiting,Sandy Loam,8.02,47.1,Leaf Spot,Moderate,29.9,Whitefly,Light Trap,12,23.8,50.4,0.6,16.8,66.1,Too Bright,0.359,0.816,Yes,Yes,Leaf Spot,Bollworm,Medium
KR_00933,2026-001-13,Ahmednagar,Shrigonda,19.91324,75.20988,Tomato,Hybrid-T1,Fruiting,Sandy Loam,6.15,16.6,Bacterial Blight,Mild,13.3,Aphids,Pheromone Trap,8,28.9,60.6,3.3,16.4,24.5,Good,0.811,0.815,Yes,No,Powdery Mildew,Aphids,Medium
KR_00934,2026-008-27,Nanded,Loha,17.12474,74.59948,Rice,Indrayani,Fruiting,Black Soil,7.19,50.1,Leaf Spot,Mild,10.7,Leaf Miner,Pheromone Trap,11,28.3,61.1,41.0,3.7,41.5,Good,0.902,0.554,No,Yes,Leaf Mold,Whitefly,Medium
KR_00935,2026-006-19,Sangli,Tasgaon,19.13389,76.49618,Cotton,Bt Cotton,Vegetative,Black Soil,6.46,30.6,Thrips,Severe,73.1,Fruit Fly,Light Trap,7,30.3,43.0,21.5,21.3,73.5,Good,0.873,0.749,Yes,Yes,Rust,Leaf Miner,Medium
KR_00936,2026-005-11,Pune,Indapur,20.92534,78.97577,Rice,Indrayani,Seedling,Black Soil,7.71,55.0,Healthy,Mild,4.1,Bollworm,Pheromone Trap,3,32.0,59.8,8.3,10.9,79.5,Good,0.968,0.649,Yes,Yes,Rust,Thrips,Low
KR_00937,2026-007-19,Sangli,Tasgaon,21.2923,78.91232,Grapes,Thompson Seedless,Fruiting,Clay Loam,8.05,38.2,Rust,Moderate,27.8,Stem Borer,Pheromone Trap,10,26.5,45.4,36.6,13.6,73.1,Too Bright,0.254,0.616,Yes,Yes,Thrips,Aphids,Medium
KR_00938,2026-003-19,Satara,Karad,17.79845,76.46991,Tomato,Hybrid-T1,Vegetative,Black Soil,7.91,61.0,Brown Spot,Moderate,46.3,Leaf Miner,Light Trap,3,29.9,49.6,14.4,2.4,53.1,Too Bright,0.297,0.82,No,Yes,Stem Borer,Bollworm,Medium
KR_00939,2026-008-01,Pune,Indapur,18.40397,78.08677,Tomato,Hybrid-T1,Vegetative,Loamy,7.73,32.6,Rust,Moderate,36.5,Aphids,Pheromone Trap,0,23.7,56.7,22.2,13.3,84.3,Good,0.843,0.917,No,No,Powdery Mildew,Aphids,Medium
KR_00940,2026-004-22,Nashik,Malegaon,19.57352,76.44305,Soybean,JS-335,Fruiting,Loamy,7.7,26.6,Powdery Mildew,Severe,80.8,Leaf Miner,Pheromone Trap,0,36.5,79.0,12.1,3.3,89.2,Blurry,0.38,0.844,No,Yes,Early Blight,Leaf Miner,Medium
KR_00941,2026-007-16,Satara,Karad,17.10254,73.73335,Rice,Indrayani,Seedling,Black Soil,7.96,58.2,Blast,Moderate,35.1,Whitefly,Sticky Trap,7,34.3,83.7,39.1,6.1,94.5,Good,0.856,0.694,Yes,Yes,Rust,Thrips,Medium
KR_00942,2026-001-27,Pune,Shirur,18.09655,78.53684,Cotton,Bunny Bt,Flowering,Clay Loam,7.96,67.6,Bacterial Blight,Mild,5.4,Whitefly,Light Trap,5,29.4,87.5,5.1,5.8,39.6,Good,0.941,0.501,Yes,Yes,Early Blight,Fruit Fly,Medium
KR_00943,2026-004-03,Solapur,Mangalwedhe,16.59555,75.15671,Grapes,Sonaka,Fruiting,Clay Loam,7.73,46.8,Leaf Mold,Severe,72.5,Fruit Fly,Pheromone Trap,0,22.3,68.0,22.9,14.8,74.6,Good,0.821,0.795,No,No,Rust,Stem Borer,Medium
KR_00944,2026-002-16,Sangli,Kavathe Mahankal,18.11729,76.30831,Soybean,MAUS-71,Vegetative,Clay Loam,6.42,53.1,Leaf Spot,Moderate,35.5,Thrips,Light Trap,5,27.2,57.2,2.2,2.8,67.9,Good,0.981,0.729,Yes,Yes,Late Blight,Aphids,Medium
KR_00945,2026-007-15,Nanded,Deglur,16.1985,79.25343,Potato,Local-P1,Vegetative,Sandy Loam,7.74,54.4,Downy Mildew,Severe,68.4,Fruit Fly,Sticky Trap,8,32.0,62.5,4.8,12.3,49.2,Too Bright,0.433,0.678,No,Yes,Bacterial Blight,Aphids,Medium
KR_00946,2026-005-06,Sangli,Tasgaon,19.65198,74.0389,Soybean,JS-335,Seedling,Clay Loam,7.9,35.0,Blast,Mild,10.6,Whitefly,Pheromone Trap,11,28.8,72.0,19.0,10.8,31.2,Good,0.812,0.964,Yes,No,Bacterial Blight,Thrips,Medium
KR_00947,2026-007-14,Ahmednagar,Shrigonda,19.62702,73.61272,Cotton,RCH-659,Flowering,Black Soil,6.15,34.8,Leaf Miner,Moderate,47.9,Stem Borer,Light Trap,10,35.4,35.3,39.4,6.0,31.4,Too Dark,0.353,0.535,Yes,Yes,Stem Borer,Aphids,Medium
KR_00948,2026-004-18,Nashik,Niphad,17.74161,77.14681,Cotton,Bunny Bt,Seedling,Loamy,6.7,67.5,Thrips,Moderate,32.8,Thrips,Pheromone Trap,0,34.1,64.4,8.6,20.3,60.1,Too Dark,0.616,0.518,Yes,Yes,Rust,Aphids,Medium
KR_00949,2026-008-07,Satara,Karad,20.36347,76.04943,Cotton,Bt Cotton,Seedling,Clay Loam,6.31,22.7,Leaf Mold,Moderate,39.6,Stem Borer,Sticky Trap,1,33.6,38.9,19.9,3.7,25.5,Too Bright,0.264,0.913,No,Yes,Late Blight,Stem Borer,Medium
KR_00950,2026-004-07,Solapur,Malshiras,20.06373,76.14229,Cotton,Bunny Bt,Fruiting,Sandy Loam,6.21,52.1,Bollworm,Severe,81.6,Bollworm,Light Trap,2,25.5,79.7,19.6,17.4,50.2,Blurry,0.383,0.472,Yes,Yes,Powdery Mildew,Leaf Miner,Medium
KR_00951,2026-005-16,Kolhapur,Hatkanangale,16.08843,76.99746,Tomato,Hybrid-T1,Vegetative,Clay Loam,8.08,74.2,Downy Mildew,Severe,74.9,Thrips,Light Trap,10,22.0,78.8,5.7,3.8,25.7,Good,0.811,0.787,No,No,Rust,Fruit Fly,Medium
KR_00952,2026-005-28,Nashik,Sinnar,16.27538,73.74111,Grapes,Sharad Seedless,Maturity,Black Soil,6.18,71.7,Healthy,Mild,3.7,Bollworm,Pheromone Trap,0,18.9,60.0,37.3,5.0,20.7,Too Dark,0.215,0.667,Yes,Yes,Leaf Mold,Whitefly,Low
KR_00953,2026-004-26,Nanded,Deglur,19.2883,78.61286,Rice,Indrayani,Flowering,Clay Loam,7.12,57.8,Thrips,Moderate,46.8,Fruit Fly,Sticky Trap,2,23.7,60.4,25.7,18.4,48.8,Poor Framing,0.427,0.673,Yes,Yes,Leaf Miner,Stem Borer,Medium
KR_00954,2026-001-18,Satara,Phaltan,20.82128,73.59553,Grapes,Sharad Seedless,Vegetative,Sandy Loam,6.93,23.8,Blast,Mild,9.7,Fruit Fly,Pheromone Trap,5,35.2,72.3,7.5,16.4,70.2,Good,0.751,0.888,Yes,No,Leaf Mold,Thrips,Medium
KR_00955,2026-007-20,Ahmednagar,Kopargaon,16.47498,77.33251,Grapes,Sonaka,Flowering,Black Soil,7.3,48.6,Thrips,Moderate,26.3,Thrips,Light Trap,15,20.3,95.1,9.1,3.1,68.4,Poor Framing,0.289,0.577,Yes,Yes,Leaf Miner,Whitefly,Medium
KR_00956,2026-002-11,Nashik,Dindori,16.49175,73.37838,Cotton,Bt Cotton,Maturity,Black Soil,7.16,50.7,Early Blight,Mild,13.3,Fruit Fly,Pheromone Trap,0,32.5,86.0,13.9,18.5,92.5,Good,0.882,0.98,No,No,Leaf Mold,Stem Borer,Medium
KR_00957,2026-008-23,Satara,Phaltan,19.41901,74.49575,Tomato,Abhinav,Vegetative,Sandy Loam,6.92,20.3,Brown Spot,Moderate,31.8,Fruit Fly,Pheromone Trap,0,28.2,86.1,6.3,4.7,67.6,Too Dark,0.23,0.911,Yes,Yes,Bacterial Blight,Stem Borer,Medium
KR_00958,2026-003-22,Kolhapur,Karveer,20.65742,78.6668,Cotton,Bt Cotton,Seedling,Black Soil,6.08,35.9,Blast,Mild,15.1,Leaf Miner,Sticky Trap,1,35.2,62.3,41.8,14.1,66.4,Good,0.995,0.501,Yes,Yes,Leaf Spot,Stem Borer,Medium
KR_00959,2026-001-03,Ahmednagar,Sangamner,18.60904,75.65325,Tomato,Abhinav,Seedling,Black Soil,6.89,44.1,Rust,Severe,80.3,Fruit Fly,Light Trap,8,26.0,91.6,29.6,12.9,91.9,Blurry,0.617,0.684,Yes,Yes,Powdery Mildew,Fruit Fly,High
KR_00960,2026-008-10,Ahmednagar,Sangamner,18.5294,75.60987,Potato,Local-P1,Vegetative,Sandy Loam,6.95,41.6,Leaf Miner,Severe,68.0,Fruit Fly,Sticky Trap,8,30.9,40.4,17.8,18.3,32.7,Too Dark,0.613,0.775,Yes,Yes,Blast,Aphids,Medium
KR_00961,2026-002-25,Nashik,Niphad,19.1108,73.69012,Tomato,Arka Rakshak,Maturity,Sandy Loam,7.06,24.1,Thrips,Severe,79.3,Stem Borer,Pheromone Trap,1,29.0,46.8,25.1,21.2,59.9,Good,0.757,0.489,Yes,Yes,Bollworm,Stem Borer,Medium
KR_00962,2026-001-01,Nanded,Hadgaon,20.90568,78.0746,Tomato,Arka Rakshak,Maturity,Loamy,7.26,72.2,Stem Borer,Severe,83.5,Aphids,Pheromone Trap,14,25.9,85.5,24.0,10.8,68.6,Too Bright,0.64,0.734,No,Yes,Leaf Miner,Fruit Fly,High
KR_00963,2026-008-09,Satara,Wai,17.48373,77.57604,Rice,Basmati,Fruiting,Sandy Loam,6.77,42.8,Healthy,Mild,3.1,Bollworm,Pheromone Trap,0,33.5,72.1,0.8,4.0,85.8,Good,0.908,0.484,Yes,Yes,Leaf Miner,Aphids,Medium
KR_00964,2026-007-05,Satara,Phaltan,18.20825,77.18033,Tomato,Hybrid-T1,Vegetative,Loamy,6.5,26.3,Bacterial Blight,Mild,17.3,Leaf Miner,Pheromone Trap,0,25.7,90.8,0.6,21.0,67.9,Good,0.985,0.889,Yes,No,Bollworm,Leaf Miner,Medium
KR_00965,2026-006-21,Kolhapur,Karveer,17.99914,76.05223,Cotton,Bunny Bt,Flowering,Black Soil,7.53,34.6,Bollworm,Severe,53.2,Leaf Miner,Pheromone Trap,5,25.8,76.8,26.9,20.0,70.9,Blurry,0.315,0.839,Yes,Yes,Rust,Whitefly,Medium
KR_00966,2026-007-21,Kolhapur,Hatkanangale,21.16859,74.42265,Tomato,Abhinav,Seedling,Clay Loam,6.84,40.7,Blast,Severe,73.2,Stem Borer,Pheromone Trap,15,35.5,47.5,33.6,7.4,34.9,Good,0.89,0.912,Yes,No,Bollworm,Fruit Fly,Medium
KR_00967,2026-005-08,Satara,Karad,20.57669,74.40292,Grapes,Thompson Seedless,Maturity,Clay Loam,6.53,16.8,Powdery Mildew,Moderate,34.2,Fruit Fly,Light Trap,1,36.5,91.8,13.1,5.2,86.3,Blurry,0.547,0.779,No,Yes,Leaf Miner,Stem Borer,Medium
KR_00968,2026-004-24,Ahmednagar,Rahata,20.76586,73.20588,Soybean,MAUS-71,Flowering,Clay Loam,7.76,36.7,Leaf Mold,Mild,13.9,Fruit Fly,Pheromone Trap,7,27.3,81.2,0.4,11.2,41.0,Too Bright,0.472,0.556,No,Yes,Rust,Aphids,Medium
KR_00969,2026-006-08,Nanded,Biloli,20.64495,76.83689,Tomato,Abhinav,Flowering,Black Soil,6.53,70.5,Leaf Spot,Moderate,24.1,Fruit Fly,Pheromone Trap,2,25.1,77.6,31.0,14.7,42.5,Good,0.756,0.55,Yes,Yes,Late Blight,Whitefly,Medium
KR_00970,2026-007-27,Pune,Shirur,20.99871,76.87806,Cotton,Bunny Bt,Vegetative,Loamy,7.65,52.2,Leaf Miner,Moderate,25.6,Aphids,Pheromone Trap,0,20.2,50.1,15.9,2.6,94.5,Good,0.85,0.55,Yes,Yes,Late Blight,Thrips,Medium
KR_00971,2026-008-22,Ahmednagar,Sangamner,20.43368,75.23565,Cotton,Bt Cotton,Maturity,Clay Loam,7.09,46.7,Blast,Severe,73.7,Whitefly,Pheromone Trap,6,37.1,51.4,34.0,21.5,79.9,Too Bright,0.609,0.494,No,Yes,Leaf Spot,Bollworm,Medium
KR_00972,2026-007-09,Kolhapur,Hatkanangale,20.55839,75.03232,Cotton,Bt Cotton,Fruiting,Black Soil,8.03,40.1,Rust,Mild,13.2,Bollworm,Light Trap,8,22.0,62.9,17.3,22.0,30.5,Good,0.917,0.898,Yes,No,Downy Mildew,Thrips,Medium
KR_00973,2026-006-02,Pune,Shirur,20.14292,73.18686,Tomato,Abhinav,Seedling,Sandy Loam,6.86,15.8,Bacterial Blight,Mild,11.4,Thrips,Pheromone Trap,0,30.1,62.2,0.9,18.9,89.2,Too Dark,0.351,0.49,Yes,Yes,Rust,Stem Borer,Medium
KR_00974,2026-001-28,Sangli,Tasgaon,21.04727,73.81278,Cotton,Bunny Bt,Fruiting,Sandy Loam,6.5,63.2,Stem Borer,Mild,9.2,Thrips,Pheromone Trap,0,24.2,56.7,42.1,15.2,68.8,Good,0.786,0.778,No,No,Late Blight,Fruit Fly,Low
KR_00975,2026-004-14,Satara,Koregaon,20.31988,74.54405,Rice,Phule Samruddhi,Vegetative,Sandy Loam,6.8,37.3,Downy Mildew,Moderate,25.5,Fruit Fly,Pheromone Trap,0,20.2,55.9,26.6,17.0,67.2,Good,0.974,0.732,Yes,Yes,Powdery Mildew,Stem Borer,Medium
KR_00976,2026-007-05,Sangli,Tasgaon,21.03443,73.54962,Soybean,MAUS-71,Vegetative,Sandy Loam,7.06,55.7,Leaf Spot,Moderate,20.5,Thrips,Pheromone Trap,0,37.0,94.0,27.2,9.8,78.7,Good,0.952,0.941,No,No,Stem Borer,Bollworm,Medium
KR_00977,2026-002-12,Pune,Daund,20.02135,76.17962,Potato,Local-P1,Vegetative,Black Soil,7.31,29.8,Bacterial Blight,Mild,16.8,Stem Borer,Sticky Trap,11,27.2,84.0,5.1,2.5,30.3,Too Dark,0.507,0.713,Yes,Yes,Late Blight,Fruit Fly,Medium
KR_00978,2026-001-09,Nashik,Dindori,17.39863,75.06567,Soybean,MACS-1188,Seedling,Loamy,7.71,37.6,Brown Spot,Severe,58.5,Stem Borer,Pheromone Trap,0,35.7,81.9,13.9,8.9,24.1,Too Dark,0.342,0.666,Yes,Yes,Rust,Whitefly,High
KR_00979,2026-007-02,Solapur,Pandharpur,17.50228,77.45149,Grapes,Sharad Seedless,Flowering,Clay Loam,7.38,47.2,Leaf Mold,Mild,8.6,Stem Borer,Pheromone Trap,0,18.9,91.0,37.4,15.3,53.5,Good,0.762,0.855,No,No,Early Blight,Stem Borer,Medium
KR_00980,2026-008-08,Pune,Indapur,16.87826,73.01899,Rice,Basmati,Maturity,Loamy,6.8,29.2,Healthy,Mild,3.9,Bollworm,Sticky Trap,11,32.6,90.5,30.2,12.5,74.3,Poor Framing,0.385,0.674,No,Yes,Blast,Bollworm,Medium
KR_00981,2026-006-04,Ahmednagar,Kopargaon,18.56221,76.31682,Cotton,RCH-659,Fruiting,Sandy Loam,7.06,17.8,Healthy,Mild,1.8,Bollworm,Pheromone Trap,0,23.1,80.2,35.1,21.3,88.5,Blurry,0.251,0.58,Yes,Yes,Leaf Miner,Aphids,Medium
KR_00982,2026-007-25,Satara,Koregaon,18.52328,76.43906,Soybean,MACS-1188,Maturity,Black Soil,7.37,62.9,Late Blight,Moderate,27.8,Whitefly,Light Trap,10,27.5,73.9,15.5,9.8,28.6,Good,0.863,0.719,No,Yes,Rust,Bollworm,Medium
KR_00983,2026-007-03,Satara,Karad,17.32285,75.30344,Soybean,MACS-1188,Fruiting,Sandy Loam,8.03,41.4,Early Blight,Mild,10.6,Stem Borer,Sticky Trap,8,20.0,69.3,38.3,11.6,41.5,Good,0.791,0.525,Yes,Yes,Bollworm,Stem Borer,Medium
KR_00984,2026-004-14,Kolhapur,Hatkanangale,20.33102,78.75735,Rice,Phule Samruddhi,Fruiting,Loamy,7.6,15.1,Powdery Mildew,Mild,6.1,Stem Borer,Light Trap,13,19.9,53.8,28.2,4.0,33.9,Too Dark,0.302,0.775,Yes,Yes,Leaf Mold,Leaf Miner,Low
KR_00985,2026-003-25,Kolhapur,Karveer,16.14967,74.62664,Tomato,Arka Rakshak,Maturity,Sandy Loam,7.3,69.1,Bollworm,Mild,8.2,Fruit Fly,Sticky Trap,1,18.6,69.1,21.9,14.1,68.1,Blurry,0.528,0.823,No,Yes,Thrips,Thrips,Medium
KR_00986,2026-001-28,Pune,Shirur,18.65405,73.37473,Tomato,Abhinav,Vegetative,Clay Loam,6.14,69.5,Healthy,Mild,1.9,Bollworm,Sticky Trap,10,19.9,69.2,7.7,12.3,41.1,Good,0.88,0.461,Yes,Yes,Rust,Leaf Miner,Medium
KR_00987,2026-002-01,Nanded,Deglur,19.7243,76.41783,Cotton,Bunny Bt,Maturity,Clay Loam,7.83,43.6,Late Blight,Severe,71.5,Fruit Fly,Pheromone Trap,0,24.3,93.6,6.1,11.8,28.3,Too Dark,0.584,0.877,Yes,Yes,Thrips,Bollworm,High
KR_00988,2026-002-19,Ahmednagar,Kopargaon,18.70884,77.10698,Cotton,Bunny Bt,Flowering,Sandy Loam,7.9,20.7,Downy Mildew,Mild,17.4,Thrips,Light Trap,6,34.7,63.3,8.0,19.3,51.1,Blurry,0.469,0.779,No,Yes,Bollworm,Bollworm,Medium
KR_00989,2026-008-20,Nashik,Dindori,18.1558,79.35719,Rice,Basmati,Seedling,Black Soil,7.68,53.6,Healthy,Mild,2.5,Bollworm,Light Trap,8,25.0,85.1,31.3,4.3,36.6,Poor Framing,0.288,0.947,Yes,Yes,Early Blight,Bollworm,Medium
KR_00990,2026-005-24,Sangli,Miraj,19.18118,77.90303,Soybean,JS-335,Maturity,Black Soil,6.53,55.4,Bacterial Blight,Moderate,42.5,Whitefly,Pheromone Trap,9,22.5,78.8,40.7,18.4,37.6,Too Dark,0.613,0.746,Yes,Yes,Stem Borer,Aphids,Medium
KR_00991,2026-004-19,Nashik,Malegaon,16.80025,75.09402,Tomato,Hybrid-T1,Fruiting,Clay Loam,6.15,51.0,Leaf Mold,Mild,9.8,Bollworm,Pheromone Trap,14,27.9,61.5,8.1,20.7,81.4,Good,0.927,0.669,No,Yes,Leaf Mold,Leaf Miner,Medium
KR_00992,2026-003-21,Kolhapur,Hatkanangale,17.42014,78.36129,Cotton,Bunny Bt,Flowering,Clay Loam,6.51,33.8,Early Blight,Mild,14.0,Bollworm,Light Trap,10,26.0,76.7,15.2,21.2,23.5,Too Dark,0.393,0.807,Yes,Yes,Brown Spot,Aphids,Medium
KR_00993,2026-002-16,Kolhapur,Shirol,19.09322,77.87018,Potato,Local-P1,Seedling,Sandy Loam,7.06,61.6,Early Blight,Moderate,39.5,Aphids,Pheromone Trap,0,26.4,67.0,3.0,6.1,92.2,Blurry,0.286,0.682,No,Yes,Leaf Mold,Thrips,Medium
KR_00994,2026-005-09,Nashik,Niphad,21.36042,77.59126,Rice,Phule Samruddhi,Vegetative,Loamy,7.42,59.1,Late Blight,Mild,15.3,Fruit Fly,Sticky Trap,13,34.2,60.9,41.1,5.7,37.6,Good,0.827,0.458,Yes,Yes,Leaf Spot,Stem Borer,Medium
KR_00995,2026-005-04,Satara,Wai,20.18429,76.59285,Tomato,Hybrid-T1,Seedling,Loamy,7.52,29.7,Leaf Miner,Moderate,20.2,Fruit Fly,Pheromone Trap,8,26.2,79.2,42.2,4.4,75.2,Blurry,0.496,0.979,Yes,Yes,Late Blight,Aphids,Medium
KR_00996,2026-006-13,Kolhapur,Karveer,17.93354,77.03648,Potato,Kufri Pukhraj,Seedling,Loamy,7.03,34.2,Leaf Miner,Severe,54.7,Aphids,Pheromone Trap,2,31.7,74.3,22.9,18.5,48.9,Good,0.917,0.894,No,No,Powdery Mildew,Whitefly,Medium
KR_00997,2026-001-27,Sangli,Miraj,16.99681,76.7564,Rice,Indrayani,Vegetative,Loamy,7.06,57.7,Downy Mildew,Severe,73.2,Stem Borer,Sticky Trap,13,21.4,56.9,10.4,9.7,62.7,Good,0.959,0.788,Yes,No,Brown Spot,Whitefly,Medium
KR_00998,2026-005-24,Nashik,Niphad,16.69749,77.24908,Rice,Phule Samruddhi,Seedling,Sandy Loam,6.93,25.7,Leaf Mold,Mild,9.1,Thrips,Sticky Trap,13,24.0,67.6,27.2,21.0,39.3,Blurry,0.367,0.957,Yes,Yes,Downy Mildew,Leaf Miner,Medium
KR_00999,2026-005-16,Solapur,Akkalkot,20.26825,75.35281,Tomato,Hybrid-T1,Flowering,Loamy,7.6,25.6,Bacterial Blight,Mild,13.3,Whitefly,Pheromone Trap,0,27.0,47.9,37.0,2.4,84.6,Good,0.994,0.91,Yes,No,Bollworm,Fruit Fly,Low
KR_01000,2026-005-10,Solapur,Pandharpur,19.13125,78.24335,Potato,Kufri Jyoti,Flowering,Clay Loam,6.46,51.1,Leaf Miner,Moderate,32.1,Bollworm,Pheromone Trap,8,20.5,69.6,9.1,2.8,64.4,Too Dark,0.353,0.524,Yes,Yes,Rust,Whitefly,Medium
KR_01001,2026-005-26,Ahmednagar,Shrigonda,18.8399,75.81865,Grapes,Sharad Seedless,Maturity,Clay Loam,7.01,39.5,Leaf Spot,Moderate,41.0,Aphids,Pheromone Trap,0,35.4,89.6,19.5,3.0,83.5,Too Dark,0.398,0.494,No,Yes,Brown Spot,Whitefly,High
KR_01002,2026-006-01,Nanded,Hadgaon,17.85197,76.12282,Tomato,Arka Rakshak,Fruiting,Clay Loam,6.0,35.3,Blast,Severe,67.7,Bollworm,Pheromone Trap,0,25.7,76.7,11.7,19.7,71.2,Good,0.821,0.562,Yes,Yes,Bacterial Blight,Leaf Miner,Medium
KR_01003,2026-006-02,Kolhapur,Hatkanangale,20.17708,73.10815,Tomato,Arka Rakshak,Fruiting,Loamy,7.07,33.7,Stem Borer,Severe,76.2,Whitefly,Sticky Trap,13,29.2,39.5,37.4,12.7,32.6,Good,0.95,0.517,Yes,Yes,Leaf Miner,Thrips,Medium
KR_01004,2026-002-01,Nashik,Niphad,20.79211,79.49345,Grapes,Sharad Seedless,Vegetative,Sandy Loam,7.92,33.1,Brown Spot,Mild,14.4,Aphids,Sticky Trap,9,30.9,71.1,34.1,10.1,61.9,Good,0.918,0.556,Yes,Yes,Early Blight,Aphids,Medium
KR_01005,2026-005-22,Pune,Shirur,18.41601,76.75769,Potato,Kufri Jyoti,Seedling,Loamy,6.0,32.6,Bollworm,Severe,80.1,Thrips,Light Trap,8,25.0,58.7,21.4,19.8,49.0,Blurry,0.266,0.96,Yes,Yes,Early Blight,Stem Borer,Medium
KR_01006,2026-008-15,Kolhapur,Kagal,19.45877,74.67807,Potato,Kufri Pukhraj,Fruiting,Loamy,6.51,47.2,Powdery Mildew,Mild,7.9,Whitefly,Light Trap,11,26.4,65.0,37.9,20.0,53.6,Good,0.96,0.928,Yes,No,Leaf Miner,Fruit Fly,Medium
KR_01007,2026-003-19,Ahmednagar,Sangamner,19.71361,78.78625,Grapes,Sonaka,Fruiting,Sandy Loam,7.18,56.8,Blast,Severe,81.6,Fruit Fly,Light Trap,14,27.9,84.4,43.5,19.2,66.0,Poor Framing,0.329,0.579,No,Yes,Blast,Fruit Fly,High
KR_01008,2026-004-02,Sangli,Tasgaon,18.45369,75.98802,Tomato,Hybrid-T1,Vegetative,Sandy Loam,6.86,40.2,Rust,Moderate,20.8,Aphids,Sticky Trap,1,37.2,65.2,21.0,3.6,64.8,Good,0.8,0.498,Yes,Yes,Rust,Whitefly,Medium
KR_01009,2026-007-14,Solapur,Mangalwedhe,19.53842,73.30232,Tomato,Abhinav,Seedling,Sandy Loam,6.82,36.4,Blast,Mild,8.6,Whitefly,Pheromone Trap,6,22.9,96.9,36.0,15.1,51.7,Good,0.835,0.547,No,Yes,Powdery Mildew,Thrips,Medium
KR_01010,2026-006-17,Solapur,Mangalwedhe,20.73936,73.23932,Grapes,Sonaka,Maturity,Black Soil,6.15,59.1,Leaf Miner,Moderate,37.5,Aphids,Pheromone Trap,14,26.4,40.0,31.0,14.0,62.6,Poor Framing,0.38,0.62,No,Yes,Blast,Bollworm,Medium
KR_01011,2026-001-24,Nashik,Sinnar,20.33155,74.79843,Grapes,Sonaka,Flowering,Clay Loam,7.03,40.5,Leaf Spot,Severe,72.5,Leaf Miner,Light Trap,9,27.7,35.0,32.4,16.7,50.9,Poor Framing,0.493,0.872,Yes,Yes,Bollworm,Thrips,Medium
KR_01012,2026-003-05,Sangli,Tasgaon,18.02873,75.23011,Potato,Kufri Pukhraj,Flowering,Black Soil,7.16,52.1,Late Blight,Severe,55.7,Thrips,Sticky Trap,1,32.6,71.2,8.4,10.5,41.4,Good,0.829,0.903,Yes,No,Bacterial Blight,Leaf Miner,Medium
KR_01013,2026-005-04,Pune,Indapur,16.30137,73.43701,Soybean,MAUS-71,Fruiting,Sandy Loam,6.07,44.1,Rust,Mild,8.2,Fruit Fly,Pheromone Trap,0,23.1,81.2,22.5,5.4,54.1,Too Bright,0.336,0.519,No,Yes,Bacterial Blight,Stem Borer,Medium
KR_01014,2026-006-17,Solapur,Pandharpur,21.03978,74.46855,Potato,Kufri Jyoti,Vegetative,Clay Loam,8.18,47.2,Leaf Mold,Severe,74.5,Aphids,Light Trap,7,24.2,89.6,22.4,8.0,35.3,Good,0.98,0.491,Yes,Yes,Rust,Thrips,High
KR_01015,2026-003-18,Sangli,Tasgaon,17.47145,79.1404,Grapes,Thompson Seedless,Maturity,Black Soil,6.77,72.1,Bollworm,Severe,77.2,Whitefly,Sticky Trap,12,20.4,69.7,14.8,19.5,80.5,Good,0.952,0.732,Yes,Yes,Powdery Mildew,Bollworm,Medium
KR_01016,2026-007-07,Ahmednagar,Rahata,17.98553,76.37239,Soybean,JS-335,Fruiting,Clay Loam,7.67,25.7,Blast,Mild,19.1,Bollworm,Sticky Trap,5,28.6,95.1,4.1,19.8,77.4,Poor Framing,0.225,0.556,Yes,Yes,Leaf Miner,Stem Borer,Medium
KR_01017,2026-002-07,Kolhapur,Kagal,19.86968,79.38319,Rice,Phule Samruddhi,Vegetative,Black Soil,7.52,67.6,Bacterial Blight,Moderate,42.3,Thrips,Pheromone Trap,0,34.8,81.3,4.6,3.3,43.6,Blurry,0.607,0.609,Yes,Yes,Late Blight,Leaf Miner,High
KR_01018,2026-006-15,Nashik,Dindori,17.82787,77.16724,Tomato,Hybrid-T1,Seedling,Black Soil,6.71,17.3,Healthy,Mild,4.0,Bollworm,Pheromone Trap,1,27.0,68.6,30.2,4.0,23.6,Poor Framing,0.383,0.782,Yes,Yes,Brown Spot,Fruit Fly,Medium
KR_01019,2026-007-23,Ahmednagar,Shrigonda,17.30559,78.20143,Tomato,Arka Rakshak,Seedling,Loamy,7.31,20.9,Downy Mildew,Severe,80.0,Fruit Fly,Pheromone Trap,6,21.1,61.3,30.8,20.7,88.8,Too Bright,0.246,0.676,No,Yes,Leaf Mold,Leaf Miner,Medium
KR_01020,2026-003-01,Pune,Daund,16.3238,77.89941,Cotton,Bunny Bt,Maturity,Loamy,6.35,30.0,Brown Spot,Severe,54.3,Fruit Fly,Sticky Trap,7,34.5,93.3,6.8,3.7,80.8,Good,0.982,0.667,Yes,Yes,Downy Mildew,Leaf Miner,High
KR_01021,2026-006-20,Nashik,Niphad,18.73113,78.1976,Cotton,Bt Cotton,Seedling,Black Soil,6.76,28.8,Powdery Mildew,Severe,72.2,Leaf Miner,Pheromone Trap,8,20.6,43.4,28.2,3.0,35.1,Good,0.758,0.968,Yes,No,Bollworm,Stem Borer,Medium
KR_01022,2026-005-01,Nanded,Biloli,17.39749,74.24393,Grapes,Sonaka,Vegetative,Clay Loam,6.19,35.1,Bollworm,Severe,78.4,Whitefly,Pheromone Trap,0,32.1,44.3,28.4,12.3,21.2,Blurry,0.22,0.748,No,Yes,Bollworm,Thrips,Medium
KR_01023,2026-008-24,Ahmednagar,Rahata,20.65959,78.76166,Tomato,Arka Rakshak,Fruiting,Clay Loam,6.09,49.8,Late Blight,Mild,14.5,Leaf Miner,Pheromone Trap,7,25.8,78.3,9.2,3.9,49.2,Poor Framing,0.578,0.683,No,Yes,Blast,Aphids,Medium
KR_01024,2026-005-22,Ahmednagar,Rahata,18.34062,79.38648,Potato,Kufri Pukhraj,Vegetative,Black Soil,6.45,54.5,Healthy,Mild,2.1,Bollworm,Sticky Trap,15,36.5,88.1,1.0,3.8,27.3,Poor Framing,0.591,0.75,No,Yes,Late Blight,Aphids,Medium
KR_01025,2026-006-08,Nanded,Hadgaon,20.14516,77.00009,Rice,Basmati,Seedling,Loamy,6.72,60.6,Leaf Mold,Moderate,45.7,Fruit Fly,Pheromone Trap,12,22.9,45.6,32.3,7.8,25.5,Poor Framing,0.539,0.59,Yes,Yes,Leaf Mold,Aphids,Medium
KR_01026,2026-003-19,Kolhapur,Karveer,16.7048,74.5559,Tomato,Hybrid-T1,Fruiting,Sandy Loam,6.47,18.4,Bacterial Blight,Moderate,41.9,Thrips,Light Trap,8,18.2,70.1,38.9,17.2,50.3,Poor Framing,0.438,0.866,Yes,Yes,Thrips,Leaf Miner,Medium
KR_01027,2026-008-17,Satara,Wai,20.25864,79.1052,Potato,Kufri Pukhraj,Vegetative,Loamy,7.16,24.9,Blast,Mild,16.4,Bollworm,Sticky Trap,3,22.9,48.2,19.7,12.2,45.7,Too Dark,0.527,0.818,Yes,Yes,Rust,Leaf Miner,Medium
KR_01028,2026-005-18,Solapur,Akkalkot,17.53198,78.21112,Rice,Phule Samruddhi,Flowering,Clay Loam,7.26,64.9,Rust,Moderate,24.4,Thrips,Pheromone Trap,11,22.0,94.1,14.5,8.9,79.0,Good,0.9,0.536,Yes,Yes,Bacterial Blight,Aphids,Medium
KR_01029,2026-006-25,Nanded,Deglur,16.47842,77.4579,Cotton,Bunny Bt,Flowering,Sandy Loam,7.5,74.0,Stem Borer,Moderate,33.3,Aphids,Pheromone Trap,0,34.8,76.1,35.5,14.4,51.8,Good,0.806,0.781,Yes,No,Thrips,Bollworm,Medium
KR_01030,2026-003-09,Ahmednagar,Rahata,20.87696,76.97395,Grapes,Sharad Seedless,Maturity,Sandy Loam,6.52,58.4,Bollworm,Mild,13.5,Thrips,Pheromone Trap,12,28.1,46.6,37.6,9.9,34.4,Good,0.771,0.848,Yes,No,Powdery Mildew,Thrips,Low
KR_01031,2026-002-27,Satara,Koregaon,18.88379,77.93561,Cotton,Bt Cotton,Flowering,Loamy,7.06,39.6,Healthy,Mild,2.8,Bollworm,Pheromone Trap,7,31.1,38.1,3.7,14.7,58.0,Good,0.819,0.879,No,No,Late Blight,Aphids,Low
KR_01032,2026-008-05,Sangli,Tasgaon,18.41248,74.57307,Potato,Kufri Jyoti,Fruiting,Sandy Loam,6.23,35.8,Late Blight,Moderate,32.5,Bollworm,Pheromone Trap,4,29.7,91.2,1.8,19.8,56.3,Good,0.983,0.895,Yes,No,Leaf Mold,Thrips,Medium
KR_01033,2026-004-28,Solapur,Malshiras,20.12163,75.56807,Cotton,RCH-659,Maturity,Black Soil,6.24,56.5,Leaf Mold,Severe,78.7,Whitefly,Light Trap,8,32.8,93.3,6.9,12.0,75.3,Good,0.995,0.925,Yes,No,Thrips,Whitefly,High
KR_01034,2026-002-15,Solapur,Akkalkot,18.49694,78.68589,Potato,Local-P1,Seedling,Loamy,6.85,40.0,Early Blight,Severe,63.0,Stem Borer,Pheromone Trap,5,33.0,35.2,25.3,17.5,21.7,Blurry,0.574,0.494,Yes,Yes,Bacterial Blight,Bollworm,Medium
KR_01035,2026-008-15,Nanded,Deglur,18.03679,73.99565,Cotton,Bunny Bt,Flowering,Clay Loam,6.21,33.4,Brown Spot,Mild,10.1,Leaf Miner,Pheromone Trap,0,26.6,52.4,24.4,12.4,70.5,Good,0.879,0.798,Yes,No,Rust,Stem Borer,Low
KR_01036,2026-001-16,Ahmednagar,Rahata,18.08579,75.07506,Soybean,JS-335,Seedling,Clay Loam,6.72,58.5,Late Blight,Severe,77.8,Thrips,Pheromone Trap,4,37.7,62.2,21.2,11.9,45.2,Blurry,0.56,0.544,No,Yes,Rust,Stem Borer,Medium
KR_01037,2026-003-12,Ahmednagar,Sangamner,17.64152,73.7316,Rice,Phule Samruddhi,Maturity,Sandy Loam,7.03,74.6,Powdery Mildew,Mild,6.6,Whitefly,Pheromone Trap,8,27.1,49.4,12.9,21.2,38.0,Good,0.955,0.806,Yes,No,Rust,Thrips,Low
KR_01038,2026-008-24,Sangli,Kavathe Mahankal,21.29058,75.18898,Tomato,Hybrid-T1,Vegetative,Clay Loam,6.59,73.0,Powdery Mildew,Moderate,29.3,Stem Borer,Pheromone Trap,15,31.0,64.5,27.9,8.3,37.8,Good,0.884,0.972,Yes,No,Rust,Fruit Fly,Medium
KR_01039,2026-002-09,Kolhapur,Karveer,17.99169,76.2603,Cotton,RCH-659,Fruiting,Black Soil,6.34,68.9,Blast,Moderate,38.8,Bollworm,Sticky Trap,7,21.4,48.4,33.1,17.7,67.9,Blurry,0.201,0.46,No,Yes,Downy Mildew,Aphids,Medium
KR_01040,2026-001-22,Nanded,Loha,19.962,78.24314,Cotton,Bt Cotton,Flowering,Black Soil,7.22,57.8,Bacterial Blight,Moderate,49.8,Fruit Fly,Sticky Trap,8,36.8,58.5,34.5,2.7,54.6,Good,0.902,0.66,No,Yes,Rust,Fruit Fly,Medium
KR_01041,2026-008-13,Solapur,Mangalwedhe,18.41081,73.22923,Grapes,Thompson Seedless,Maturity,Clay Loam,7.26,44.3,Downy Mildew,Severe,70.9,Fruit Fly,Pheromone Trap,6,31.6,60.1,31.7,4.2,79.9,Too Dark,0.565,0.578,Yes,Yes,Brown Spot,Leaf Miner,Medium
KR_01042,2026-005-07,Nashik,Niphad,21.49018,78.13881,Grapes,Sonaka,Flowering,Clay Loam,7.55,50.7,Healthy,Mild,2.4,Bollworm,Light Trap,3,20.7,68.9,12.2,3.7,36.0,Too Bright,0.355,0.507,No,Yes,Rust,Bollworm,Medium
KR_01043,2026-008-22,Solapur,Akkalkot,21.00927,75.01427,Grapes,Sharad Seedless,Flowering,Loamy,6.95,66.1,Bollworm,Mild,9.7,Leaf Miner,Light Trap,8,33.4,90.7,42.8,7.4,92.2,Good,0.926,0.911,Yes,No,Rust,Aphids,Medium
KR_01044,2026-002-03,Nashik,Niphad,20.25799,75.84019,Tomato,Abhinav,Vegetative,Sandy Loam,7.81,45.8,Leaf Miner,Moderate,25.4,Leaf Miner,Light Trap,4,35.9,64.7,26.6,7.3,78.4,Good,0.785,0.724,Yes,Yes,Downy Mildew,Leaf Miner,Medium
KR_01045,2026-005-13,Satara,Koregaon,21.26303,78.17897,Rice,Indrayani,Flowering,Loamy,6.71,24.5,Downy Mildew,Mild,18.8,Fruit Fly,Light Trap,13,30.8,70.8,44.0,18.9,80.8,Too Bright,0.338,0.977,Yes,Yes,Rust,Stem Borer,Medium
KR_01046,2026-004-15,Sangli,Tasgaon,16.99475,77.46187,Tomato,Arka Rakshak,Flowering,Black Soil,6.24,20.9,Brown Spot,Severe,68.6,Aphids,Pheromone Trap,2,22.3,93.0,8.4,21.3,71.5,Good,0.764,0.748,Yes,Yes,Blast,Bollworm,High
KR_01047,2026-004-01,Ahmednagar,Rahata,20.29178,76.49088,Tomato,Arka Rakshak,Seedling,Clay Loam,6.84,23.1,Healthy,Mild,4.7,Bollworm,Pheromone Trap,11,28.4,47.5,14.6,21.5,87.5,Good,0.796,0.541,No,Yes,Downy Mildew,Aphids,Low
KR_01048,2026-003-02,Nanded,Loha,21.06074,76.04663,Grapes,Sonaka,Maturity,Black Soil,8.18,54.7,Rust,Moderate,23.3,Fruit Fly,Sticky Trap,13,27.3,44.1,27.2,2.1,51.6,Blurry,0.51,0.485,Yes,Yes,Leaf Spot,Aphids,Medium
KR_01049,2026-007-26,Kolhapur,Karveer,19.08503,77.26901,Soybean,MAUS-71,Fruiting,Loamy,6.1,68.2,Powdery Mildew,Mild,10.8,Whitefly,Pheromone Trap,13,26.0,73.7,21.0,4.2,66.0,Blurry,0.217,0.838,Yes,Yes,Early Blight,Aphids,Medium
KR_01050,2026-008-09,Kolhapur,Shirol,21.30891,77.67557,Grapes,Sharad Seedless,Seedling,Loamy,6.66,35.2,Powdery Mildew,Mild,15.6,Fruit Fly,Light Trap,11,19.1,69.8,33.2,9.5,63.0,Good,0.849,0.744,Yes,Yes,Rust,Aphids,Medium
KR_01051,2026-004-25,Satara,Phaltan,21.28399,78.99478,Soybean,MAUS-71,Vegetative,Sandy Loam,7.6,61.9,Thrips,Mild,11.0,Bollworm,Sticky Trap,3,20.3,71.0,41.8,2.5,73.1,Blurry,0.365,0.599,No,Yes,Leaf Miner,Whitefly,Medium
KR_01052,2026-003-18,Sangli,Tasgaon,20.15803,78.37911,Rice,Basmati,Maturity,Black Soil,6.01,36.7,Early Blight,Moderate,45.5,Stem Borer,Pheromone Trap,6,36.4,58.8,9.8,15.8,45.9,Good,0.969,0.847,Yes,No,Bollworm,Bollworm,Medium
KR_01053,2026-002-05,Nashik,Malegaon,16.47729,75.14772,Potato,Kufri Pukhraj,Maturity,Sandy Loam,7.25,15.7,Early Blight,Moderate,44.2,Aphids,Light Trap,2,27.9,66.1,38.6,16.0,34.4,Good,0.853,0.694,No,Yes,Bacterial Blight,Stem Borer,Medium
KR_01054,2026-005-11,Kolhapur,Karveer,16.02647,73.60595,Grapes,Thompson Seedless,Maturity,Loamy,7.67,52.9,Bacterial Blight,Moderate,26.3,Stem Borer,Light Trap,9,23.2,82.6,20.4,18.7,54.3,Too Bright,0.5,0.913,No,Yes,Late Blight,Whitefly,Medium
KR_01055,2026-005-23,Nanded,Biloli,20.63517,77.15384,Grapes,Sonaka,Seedling,Loamy,6.5,30.9,Brown Spot,Moderate,42.5,Leaf Miner,Light Trap,6,36.2,97.0,40.3,7.3,85.1,Good,0.945,0.613,No,Yes,Blast,Aphids,High
KR_01056,2026-008-12,Nanded,Biloli,20.64034,76.51911,Tomato,Arka Rakshak,Seedling,Clay Loam,7.86,24.7,Healthy,Mild,2.3,Bollworm,Pheromone Trap,14,29.6,91.1,36.1,10.3,28.8,Good,0.763,0.965,Yes,No,Downy Mildew,Stem Borer,Medium
KR_01057,2026-003-28,Kolhapur,Hatkanangale,18.3008,75.99868,Potato,Kufri Pukhraj,Fruiting,Loamy,6.37,56.0,Early Blight,Moderate,35.2,Whitefly,Pheromone Trap,0,33.2,71.5,27.4,7.2,71.4,Too Dark,0.586,0.85,No,Yes,Downy Mildew,Leaf Miner,Medium
KR_01058,2026-002-22,Ahmednagar,Kopargaon,17.20166,73.85941,Grapes,Sharad Seedless,Fruiting,Black Soil,7.37,66.7,Bollworm,Moderate,46.7,Stem Borer,Pheromone Trap,8,18.8,76.2,25.6,19.9,50.5,Blurry,0.3,0.703,No,Yes,Leaf Mold,Aphids,Medium
KR_01059,2026-001-26,Pune,Daund,21.20494,77.93538,Tomato,Hybrid-T1,Vegetative,Sandy Loam,6.38,54.6,Healthy,Mild,2.0,Bollworm,Sticky Trap,5,22.0,49.6,30.8,17.5,23.9,Good,0.804,0.768,No,No,Late Blight,Leaf Miner,Low
KR_01060,2026-005-09,Ahmednagar,Kopargaon,20.58985,79.18756,Grapes,Sharad Seedless,Flowering,Loamy,7.5,15.1,Bacterial Blight,Moderate,39.6,Thrips,Pheromone Trap,8,28.8,59.7,35.0,14.0,26.8,Too Dark,0.355,0.71,Yes,Yes,Rust,Leaf Miner,Medium
KR_01061,2026-001-16,Sangli,Miraj,18.92439,78.06917,Tomato,Hybrid-T1,Seedling,Black Soil,8.12,52.9,Brown Spot,Severe,77.4,Whitefly,Sticky Trap,6,25.0,54.6,6.4,18.0,44.3,Blurry,0.385,0.986,Yes,Yes,Thrips,Fruit Fly,Medium
KR_01062,2026-008-07,Ahmednagar,Shrigonda,18.99396,73.17818,Rice,Indrayani,Vegetative,Loamy,6.37,29.9,Leaf Spot,Moderate,21.0,Bollworm,Pheromone Trap,9,26.0,61.1,9.4,13.8,63.3,Good,0.885,0.705,Yes,Yes,Rust,Thrips,Medium
KR_01063,2026-005-11,Pune,Indapur,20.40791,78.23618,Potato,Kufri Jyoti,Fruiting,Loamy,7.27,21.8,Bollworm,Severe,70.2,Whitefly,Pheromone Trap,2,26.5,49.8,34.2,12.8,58.0,Blurry,0.202,0.625,Yes,Yes,Stem Borer,Aphids,Medium
KR_01064,2026-002-12,Pune,Shirur,21.16448,73.95641,Rice,Basmati,Seedling,Black Soil,7.59,44.3,Late Blight,Moderate,48.4,Bollworm,Light Trap,5,28.6,74.0,29.6,15.9,24.2,Good,0.851,0.521,Yes,Yes,Powdery Mildew,Aphids,Medium
KR_01065,2026-007-18,Satara,Karad,19.7452,76.71249,Tomato,Arka Rakshak,Vegetative,Black Soil,6.51,58.3,Healthy,Mild,2.4,Bollworm,Pheromone Trap,5,32.7,93.7,36.2,6.0,63.0,Good,0.877,0.716,Yes,Yes,Leaf Mold,Whitefly,Medium
KR_01066,2026-001-20,Solapur,Akkalkot,16.26936,73.57151,Tomato,Arka Rakshak,Fruiting,Loamy,6.5,39.1,Leaf Spot,Moderate,42.2,Fruit Fly,Pheromone Trap,9,32.1,74.1,20.7,3.9,23.3,Good,0.891,0.718,Yes,Yes,Rust,Thrips,Medium
KR_01067,2026-002-03,Satara,Wai,16.40488,73.84952,Soybean,MAUS-71,Vegetative,Clay Loam,6.28,28.6,Stem Borer,Severe,65.7,Bollworm,Pheromone Trap,10,30.9,47.5,21.4,8.8,32.1,Good,0.836,0.971,Yes,No,Thrips,Fruit Fly,Medium
KR_01068,2026-006-20,Ahmednagar,Sangamner,20.4114,77.19851,Soybean,JS-335,Maturity,Loamy,8.14,69.2,Rust,Moderate,44.9,Stem Borer,Pheromone Trap,12,35.2,97.7,43.3,20.3,42.4,Too Bright,0.41,0.579,Yes,Yes,Downy Mildew,Thrips,High
KR_01069,2026-006-16,Pune,Shirur,19.81205,74.15581,Cotton,Bunny Bt,Fruiting,Sandy Loam,6.52,70.4,Downy Mildew,Severe,77.6,Stem Borer,Sticky Trap,15,33.0,53.7,28.6,6.0,86.3,Too Bright,0.337,0.934,Yes,Yes,Stem Borer,Leaf Miner,Medium
KR_01070,2026-001-20,Pune,Indapur,20.97202,77.89244,Tomato,Hybrid-T1,Maturity,Black Soil,7.84,51.8,Bacterial Blight,Mild,16.4,Thrips,Pheromone Trap,15,28.7,36.2,13.4,7.9,63.6,Blurry,0.632,0.788,Yes,Yes,Bacterial Blight,Stem Borer,Medium
KR_01071,2026-002-22,Pune,Baramati,19.84451,76.13904,Grapes,Thompson Seedless,Vegetative,Clay Loam,7.93,39.3,Leaf Mold,Severe,79.2,Thrips,Pheromone Trap,5,29.9,93.1,9.9,17.6,37.3,Too Dark,0.542,0.838,No,Yes,Leaf Miner,Aphids,High
KR_01072,2026-008-26,Sangli,Tasgaon,18.56719,73.70677,Cotton,Bt Cotton,Fruiting,Loamy,7.8,38.8,Bollworm,Mild,8.9,Aphids,Pheromone Trap,7,29.4,84.6,39.5,14.7,59.1,Good,0.98,0.88,No,No,Thrips,Stem Borer,Medium
KR_01073,2026-001-24,Kolhapur,Kagal,16.86853,76.50158,Rice,Basmati,Flowering,Sandy Loam,7.51,69.7,Rust,Moderate,43.9,Bollworm,Pheromone Trap,4,35.3,36.3,7.6,10.6,88.5,Poor Framing,0.336,0.843,No,Yes,Thrips,Aphids,Medium
KR_01074,2026-008-20,Nashik,Malegaon,19.32813,73.10334,Soybean,MAUS-71,Seedling,Sandy Loam,6.66,42.2,Leaf Spot,Severe,60.9,Thrips,Light Trap,9,27.8,88.0,31.8,8.4,69.4,Good,0.929,0.603,Yes,Yes,Leaf Spot,Leaf Miner,High
KR_01075,2026-006-15,Satara,Phaltan,20.04089,75.87869,Tomato,Arka Rakshak,Maturity,Loamy,7.37,33.3,Early Blight,Severe,70.1,Fruit Fly,Pheromone Trap,0,23.5,88.8,33.3,15.4,84.9,Too Bright,0.646,0.637,Yes,Yes,Blast,Whitefly,High
KR_01076,2026-004-23,Nashik,Malegaon,20.5498,78.36897,Soybean,MACS-1188,Vegetative,Black Soil,8.06,28.9,Thrips,Mild,14.4,Aphids,Sticky Trap,1,21.6,49.5,14.0,18.9,31.4,Too Bright,0.414,0.587,Yes,Yes,Blast,Fruit Fly,Low
KR_01077,2026-003-05,Nanded,Biloli,16.30231,74.49598,Soybean,JS-335,Seedling,Sandy Loam,6.11,29.9,Stem Borer,Moderate,22.9,Bollworm,Light Trap,12,19.8,94.7,14.6,19.2,24.1,Too Dark,0.63,0.594,Yes,Yes,Rust,Stem Borer,Medium
KR_01078,2026-005-20,Kolhapur,Hatkanangale,18.16299,73.46284,Potato,Kufri Pukhraj,Vegetative,Clay Loam,7.79,66.4,Stem Borer,Moderate,27.0,Aphids,Pheromone Trap,0,36.8,83.6,3.4,3.8,38.7,Poor Framing,0.638,0.636,No,Yes,Leaf Mold,Whitefly,Medium
KR_01079,2026-007-08,Kolhapur,Shirol,19.39059,78.68416,Soybean,JS-335,Fruiting,Clay Loam,6.79,72.0,Bollworm,Moderate,33.0,Thrips,Sticky Trap,9,30.6,43.3,12.5,6.9,83.0,Blurry,0.254,0.672,Yes,Yes,Leaf Spot,Fruit Fly,Medium
KR_01080,2026-001-04,Sangli,Tasgaon,16.05092,78.06417,Grapes,Thompson Seedless,Seedling,Clay Loam,6.09,24.2,Thrips,Severe,69.7,Stem Borer,Pheromone Trap,11,31.0,72.5,20.7,3.5,34.2,Good,0.923,0.678,Yes,Yes,Blast,Aphids,Medium
KR_01081,2026-006-03,Solapur,Mangalwedhe,21.04053,77.97439,Grapes,Sharad Seedless,Seedling,Black Soil,7.61,51.0,Rust,Severe,68.4,Fruit Fly,Pheromone Trap,0,28.8,48.0,12.6,21.5,49.3,Good,0.846,0.581,Yes,Yes,Downy Mildew,Aphids,Medium
KR_01082,2026-008-05,Sangli,Kavathe Mahankal,21.1203,73.29735,Tomato,Abhinav,Seedling,Sandy Loam,6.73,39.0,Blast,Severe,76.6,Stem Borer,Light Trap,3,28.5,35.8,42.7,16.3,31.7,Good,0.931,0.981,No,No,Powdery Mildew,Stem Borer,Medium
KR_01083,2026-004-14,Nashik,Sinnar,17.15928,75.72984,Soybean,JS-335,Maturity,Loamy,7.6,57.7,Healthy,Mild,4.8,Bollworm,Sticky Trap,1,33.4,73.0,42.9,12.4,64.9,Poor Framing,0.645,0.65,Yes,Yes,Thrips,Stem Borer,Medium
KR_01084,2026-002-17,Nanded,Hadgaon,17.43117,76.12524,Potato,Local-P1,Fruiting,Sandy Loam,7.16,58.4,Rust,Moderate,22.1,Fruit Fly,Pheromone Trap,13,27.8,41.4,19.1,9.1,23.4,Poor Framing,0.473,0.647,Yes,Yes,Late Blight,Whitefly,Medium
KR_01085,2026-007-04,Solapur,Akkalkot,17.1523,79.05798,Soybean,MAUS-71,Seedling,Loamy,6.77,65.1,Thrips,Moderate,29.9,Aphids,Sticky Trap,4,33.4,79.3,21.7,6.8,70.8,Good,0.845,0.821,Yes,No,Bacterial Blight,Thrips,Medium
KR_01086,2026-007-21,Sangli,Miraj,19.01128,77.37644,Soybean,MACS-1188,Vegetative,Clay Loam,7.46,23.3,Thrips,Moderate,30.1,Bollworm,Pheromone Trap,0,37.9,53.6,44.7,12.1,75.8,Good,0.916,0.767,Yes,No,Early Blight,Aphids,Medium
KR_01087,2026-002-15,Nanded,Biloli,18.86236,76.10902,Tomato,Arka Rakshak,Seedling,Sandy Loam,6.47,27.1,Brown Spot,Moderate,27.5,Thrips,Pheromone Trap,0,18.5,71.6,13.1,8.3,66.1,Too Dark,0.622,0.982,Yes,Yes,Leaf Mold,Stem Borer,Medium
KR_01088,2026-007-24,Ahmednagar,Rahata,21.44703,75.68653,Grapes,Sonaka,Maturity,Sandy Loam,7.53,36.6,Blast,Severe,77.9,Thrips,Sticky Trap,6,21.1,84.0,28.4,3.1,32.4,Good,0.759,0.571,Yes,Yes,Rust,Fruit Fly,High
KR_01089,2026-008-17,Nanded,Loha,20.69214,79.34136,Soybean,MACS-1188,Flowering,Black Soil,7.45,46.1,Leaf Mold,Mild,17.4,Bollworm,Sticky Trap,13,35.2,90.6,0.5,3.4,50.2,Good,0.927,0.883,Yes,No,Early Blight,Thrips,Medium
KR_01090,2026-004-28,Kolhapur,Hatkanangale,18.67253,76.99237,Potato,Kufri Pukhraj,Fruiting,Loamy,6.92,34.6,Rust,Moderate,38.3,Aphids,Pheromone Trap,5,24.1,35.9,7.2,21.5,72.1,Good,0.813,0.744,Yes,Yes,Leaf Mold,Bollworm,Medium
KR_01091,2026-002-27,Nanded,Biloli,18.54113,74.95132,Soybean,MACS-1188,Seedling,Black Soil,8.01,16.9,Stem Borer,Moderate,40.4,Leaf Miner,Pheromone Trap,0,36.4,84.6,27.2,7.0,63.0,Good,0.846,0.463,Yes,Yes,Brown Spot,Bollworm,High
KR_01092,2026-005-01,Pune,Shirur,20.03501,78.50549,Grapes,Sharad Seedless,Maturity,Loamy,7.95,58.6,Downy Mildew,Severe,69.3,Aphids,Sticky Trap,5,19.3,37.9,11.8,7.6,34.9,Good,0.879,0.51,Yes,Yes,Leaf Miner,Bollworm,Medium
KR_01093,2026-002-01,Sangli,Jat,19.83574,74.50446,Tomato,Abhinav,Seedling,Sandy Loam,7.92,55.1,Late Blight,Moderate,33.5,Fruit Fly,Pheromone Trap,7,18.0,81.9,35.7,18.1,87.7,Blurry,0.245,0.807,Yes,Yes,Blast,Whitefly,Medium
KR_01094,2026-001-20,Nashik,Dindori,17.44472,78.24706,Grapes,Thompson Seedless,Flowering,Sandy Loam,6.28,60.9,Rust,Moderate,39.8,Stem Borer,Pheromone Trap,13,19.1,80.7,1.2,6.3,94.5,Blurry,0.319,0.784,Yes,Yes,Bollworm,Aphids,Medium
KR_01095,2026-002-22,Nashik,Malegaon,19.34652,77.60212,Grapes,Sharad Seedless,Maturity,Clay Loam,6.2,63.9,Downy Mildew,Moderate,22.1,Aphids,Light Trap,1,22.5,61.9,36.4,9.0,90.5,Poor Framing,0.491,0.475,Yes,Yes,Downy Mildew,Whitefly,Medium
KR_01096,2026-005-17,Solapur,Mangalwedhe,16.14719,76.4698,Grapes,Sharad Seedless,Flowering,Clay Loam,6.9,20.7,Thrips,Mild,10.9,Stem Borer,Pheromone Trap,1,19.2,62.8,42.8,10.0,65.0,Too Dark,0.37,0.793,Yes,Yes,Blast,Stem Borer,Medium
KR_01097,2026-002-03,Pune,Baramati,16.06664,77.2226,Grapes,Sonaka,Seedling,Black Soil,8.03,42.4,Rust,Mild,16.3,Stem Borer,Light Trap,13,35.2,76.2,14.1,20.1,64.7,Too Bright,0.291,0.985,No,Yes,Blast,Bollworm,Medium
KR_01098,2026-006-06,Nanded,Hadgaon,19.15554,77.93278,Soybean,MACS-1188,Flowering,Black Soil,6.37,20.6,Late Blight,Moderate,22.6,Aphids,Pheromone Trap,6,35.0,61.6,12.6,6.6,69.9,Too Dark,0.336,0.755,Yes,Yes,Leaf Mold,Fruit Fly,Medium
KR_01099,2026-004-19,Nashik,Dindori,18.64025,77.41809,Rice,Basmati,Vegetative,Clay Loam,6.54,15.1,Bollworm,Mild,9.7,Leaf Miner,Sticky Trap,7,30.5,96.7,9.6,9.7,28.4,Poor Framing,0.476,0.8,Yes,Yes,Leaf Spot,Aphids,Medium
KR_01100,2026-005-19,Kolhapur,Karveer,19.81959,74.00601,Potato,Kufri Jyoti,Vegetative,Loamy,7.74,63.7,Leaf Miner,Moderate,45.4,Stem Borer,Pheromone Trap,11,22.9,74.2,39.0,15.2,49.1,Blurry,0.499,0.591,No,Yes,Bollworm,Whitefly,Medium
KR_01101,2026-006-25,Nashik,Dindori,20.92,76.13043,Potato,Kufri Jyoti,Fruiting,Black Soil,6.95,36.9,Blast,Severe,53.5,Aphids,Sticky Trap,14,24.4,73.3,5.3,16.3,49.1,Good,0.756,0.827,Yes,No,Bacterial Blight,Whitefly,Medium
KR_01102,2026-003-12,Kolhapur,Karveer,17.66243,74.35607,Potato,Kufri Pukhraj,Maturity,Sandy Loam,6.03,71.3,Powdery Mildew,Severe,72.6,Whitefly,Light Trap,1,34.9,49.5,32.3,7.0,29.9,Poor Framing,0.578,0.503,Yes,Yes,Downy Mildew,Leaf Miner,Medium
KR_01103,2026-002-05,Sangli,Tasgaon,19.32385,78.53959,Soybean,JS-335,Seedling,Loamy,6.86,18.2,Healthy,Mild,3.3,Bollworm,Pheromone Trap,0,31.3,82.2,3.7,8.5,25.5,Good,0.962,0.698,Yes,Yes,Brown Spot,Stem Borer,Medium
KR_01104,2026-007-28,Pune,Shirur,16.00664,77.37181,Potato,Kufri Pukhraj,Vegetative,Loamy,7.17,33.2,Downy Mildew,Severe,71.9,Aphids,Light Trap,8,20.6,77.5,9.8,3.2,69.9,Too Dark,0.256,0.815,Yes,Yes,Rust,Whitefly,Medium
KR_01105,2026-004-14,Sangli,Miraj,19.98552,73.45635,Rice,Indrayani,Seedling,Loamy,7.93,16.3,Early Blight,Mild,12.9,Stem Borer,Pheromone Trap,2,27.6,39.0,28.3,21.5,36.8,Good,0.789,0.673,Yes,Yes,Leaf Mold,Leaf Miner,Low
KR_01106,2026-002-06,Nashik,Niphad,21.02183,76.96168,Soybean,JS-335,Fruiting,Sandy Loam,6.6,65.2,Stem Borer,Mild,16.7,Leaf Miner,Pheromone Trap,0,32.3,81.3,29.6,21.6,30.5,Too Dark,0.267,0.929,Yes,Yes,Brown Spot,Aphids,Medium
KR_01107,2026-002-10,Ahmednagar,Sangamner,18.53602,74.69024,Potato,Kufri Pukhraj,Flowering,Loamy,8.06,33.8,Bollworm,Severe,64.5,Whitefly,Pheromone Trap,5,31.7,52.5,43.3,18.0,76.0,Blurry,0.545,0.844,Yes,Yes,Leaf Spot,Bollworm,Medium
KR_01108,2026-003-01,Nashik,Malegaon,16.25483,74.67378,Potato,Kufri Pukhraj,Maturity,Black Soil,6.71,45.0,Leaf Spot,Moderate,29.5,Whitefly,Pheromone Trap,0,33.4,92.3,31.4,5.3,56.1,Blurry,0.618,0.478,Yes,Yes,Bacterial Blight,Bollworm,Medium
KR_01109,2026-006-16,Kolhapur,Karveer,21.24544,76.04175,Soybean,JS-335,Vegetative,Sandy Loam,6.87,16.3,Stem Borer,Mild,9.9,Whitefly,Pheromone Trap,0,28.7,35.4,28.0,8.9,66.4,Too Dark,0.628,0.703,No,Yes,Rust,Whitefly,Low
KR_01110,2026-003-07,Sangli,Miraj,16.37096,79.25086,Rice,Phule Samruddhi,Fruiting,Clay Loam,7.5,19.4,Rust,Severe,57.6,Stem Borer,Light Trap,1,22.4,68.2,6.7,9.1,91.8,Blurry,0.588,0.506,No,Yes,Blast,Stem Borer,Medium
KR_01111,2026-002-06,Nashik,Dindori,20.38065,76.52976,Tomato,Arka Rakshak,Vegetative,Black Soil,7.63,45.5,Stem Borer,Severe,83.7,Leaf Miner,Pheromone Trap,11,29.2,67.2,10.0,20.2,84.8,Too Bright,0.25,0.93,Yes,Yes,Blast,Whitefly,Medium
KR_01112,2026-007-11,Nanded,Biloli,19.93948,79.38033,Tomato,Abhinav,Flowering,Loamy,6.4,43.3,Healthy,Mild,0.3,Bollworm,Light Trap,14,18.5,53.6,24.5,7.1,70.5,Blurry,0.507,0.536,Yes,Yes,Downy Mildew,Whitefly,Low
KR_01113,2026-003-08,Pune,Shirur,19.43588,77.7493,Tomato,Arka Rakshak,Seedling,Black Soil,6.04,36.8,Leaf Spot,Mild,12.7,Fruit Fly,Pheromone Trap,12,28.8,51.1,5.8,10.6,33.0,Poor Framing,0.221,0.563,No,Yes,Rust,Thrips,Low
KR_01114,2026-004-04,Sangli,Jat,16.84447,77.25226,Rice,Indrayani,Vegetative,Clay Loam,7.5,67.6,Powdery Mildew,Moderate,25.9,Stem Borer,Pheromone Trap,13,22.1,42.2,19.6,13.5,83.7,Too Dark,0.214,0.777,Yes,Yes,Leaf Mold,Leaf Miner,Medium
KR_01115,2026-002-11,Ahmednagar,Shrigonda,19.36719,78.43496,Grapes,Sharad Seedless,Flowering,Black Soil,6.55,66.5,Late Blight,Moderate,28.4,Whitefly,Pheromone Trap,0,36.9,59.5,19.6,7.3,54.8,Good,0.921,0.605,Yes,Yes,Thrips,Aphids,Medium
KR_01116,2026-006-12,Pune,Baramati,18.23969,73.92756,Grapes,Sharad Seedless,Vegetative,Black Soil,7.29,32.7,Leaf Spot,Moderate,20.2,Aphids,Pheromone Trap,0,31.1,95.8,18.4,13.5,72.9,Good,0.933,0.867,No,No,Leaf Miner,Thrips,Medium
KR_01117,2026-002-04,Satara,Koregaon,19.82973,73.86553,Potato,Local-P1,Flowering,Loamy,8.17,53.9,Powdery Mildew,Moderate,27.1,Whitefly,Pheromone Trap,0,37.1,88.6,13.8,21.9,33.1,Good,0.937,0.815,Yes,No,Rust,Bollworm,Medium
KR_01118,2026-002-27,Sangli,Tasgaon,20.49389,75.07572,Cotton,RCH-659,Vegetative,Sandy Loam,6.98,47.6,Blast,Mild,11.0,Thrips,Pheromone Trap,0,37.7,52.4,26.4,21.4,21.5,Good,0.951,0.738,Yes,Yes,Rust,Aphids,Low
KR_01119,2026-004-01,Ahmednagar,Kopargaon,20.396,78.52205,Tomato,Hybrid-T1,Vegetative,Loamy,6.81,57.2,Leaf Mold,Moderate,39.8,Whitefly,Sticky Trap,1,24.5,85.0,25.4,10.9,53.4,Too Dark,0.473,0.91,No,Yes,Early Blight,Aphids,Medium
KR_01120,2026-007-23,Kolhapur,Hatkanangale,18.57255,79.31518,Grapes,Thompson Seedless,Flowering,Black Soil,6.19,38.3,Blast,Severe,84.3,Aphids,Pheromone Trap,9,29.4,92.4,1.8,17.1,85.9,Poor Framing,0.618,0.541,No,Yes,Early Blight,Whitefly,High
KR_01121,2026-003-15,Ahmednagar,Kopargaon,16.04269,76.34112,Tomato,Arka Rakshak,Fruiting,Black Soil,6.29,45.5,Bacterial Blight,Severe,70.5,Leaf Miner,Sticky Trap,1,31.7,93.0,12.6,20.1,75.5,Poor Framing,0.311,0.902,Yes,Yes,Powdery Mildew,Aphids,High
KR_01122,2026-007-23,Pune,Indapur,19.82762,79.07777,Rice,Indrayani,Maturity,Sandy Loam,7.65,67.9,Powdery Mildew,Moderate,46.5,Thrips,Pheromone Trap,12,30.9,94.4,38.7,12.2,58.4,Good,0.887,0.864,Yes,No,Bacterial Blight,Aphids,High
KR_01123,2026-007-05,Nashik,Dindori,19.9147,78.82754,Soybean,MAUS-71,Seedling,Sandy Loam,6.52,50.2,Bacterial Blight,Severe,84.3,Aphids,Pheromone Trap,13,23.5,64.1,40.5,15.2,85.2,Good,0.819,0.909,No,No,Downy Mildew,Thrips,Medium
KR_01124,2026-006-15,Ahmednagar,Rahata,17.56645,74.50969,Grapes,Thompson Seedless,Maturity,Black Soil,7.52,16.9,Brown Spot,Severe,59.1,Whitefly,Sticky Trap,15,30.2,55.8,28.2,16.2,62.6,Good,0.866,0.777,Yes,No,Downy Mildew,Fruit Fly,Medium
KR_01125,2026-001-21,Nashik,Sinnar,17.81426,77.32896,Potato,Local-P1,Fruiting,Sandy Loam,7.16,74.8,Early Blight,Moderate,40.3,Stem Borer,Sticky Trap,1,37.9,76.1,4.4,15.7,54.9,Blurry,0.242,0.947,Yes,Yes,Early Blight,Fruit Fly,Medium
KR_01126,2026-006-07,Solapur,Akkalkot,18.79324,74.41643,Potato,Local-P1,Vegetative,Loamy,6.43,57.7,Thrips,Moderate,20.4,Thrips,Light Trap,10,29.8,56.4,42.9,8.7,77.4,Poor Framing,0.284,0.497,Yes,Yes,Stem Borer,Leaf Miner,Medium
KR_01127,2026-001-05,Satara,Karad,17.30841,77.51331,Cotton,RCH-659,Seedling,Clay Loam,7.37,24.4,Bacterial Blight,Severe,51.9,Thrips,Sticky Trap,4,23.4,65.7,13.1,17.8,44.7,Good,0.896,0.834,Yes,No,Thrips,Aphids,Medium
KR_01128,2026-006-01,Solapur,Mangalwedhe,18.2609,76.05671,Soybean,MACS-1188,Fruiting,Clay Loam,6.58,71.0,Thrips,Severe,59.6,Stem Borer,Light Trap,2,33.3,41.8,25.4,20.5,64.8,Poor Framing,0.266,0.816,Yes,Yes,Rust,Leaf Miner,Medium
KR_01129,2026-008-16,Nanded,Loha,16.56852,73.99984,Rice,Basmati,Vegetative,Black Soil,6.8,32.8,Downy Mildew,Severe,74.3,Thrips,Pheromone Trap,0,36.7,58.4,14.6,20.8,63.5,Good,0.782,0.67,Yes,Yes,Downy Mildew,Aphids,Medium
KR_01130,2026-003-22,Nanded,Deglur,21.07613,74.40652,Cotton,Bt Cotton,Fruiting,Sandy Loam,7.89,26.5,Leaf Mold,Severe,52.2,Leaf Miner,Light Trap,1,18.6,46.2,33.4,6.9,62.4,Poor Framing,0.497,0.893,No,Yes,Downy Mildew,Aphids,Medium
KR_01131,2026-007-20,Satara,Koregaon,16.34138,75.8868,Tomato,Abhinav,Seedling,Sandy Loam,6.23,61.4,Healthy,Mild,2.2,Bollworm,Light Trap,1,36.4,39.2,15.3,4.2,22.9,Good,0.896,0.563,Yes,Yes,Rust,Aphids,Low
KR_01132,2026-003-14,Nanded,Biloli,21.018,75.48555,Cotton,Bt Cotton,Maturity,Loamy,7.51,60.3,Leaf Miner,Mild,13.8,Leaf Miner,Pheromone Trap,0,32.8,44.9,41.4,17.7,65.7,Good,0.751,0.632,No,Yes,Leaf Spot,Thrips,Low
KR_01133,2026-002-06,Solapur,Mangalwedhe,20.93744,73.8185,Rice,Basmati,Vegetative,Sandy Loam,6.98,31.8,Rust,Mild,9.7,Fruit Fly,Pheromone Trap,8,32.7,68.7,20.0,5.3,61.1,Good,0.766,0.554,No,Yes,Powdery Mildew,Aphids,Medium
KR_01134,2026-006-15,Ahmednagar,Kopargaon,20.95845,74.68146,Cotton,RCH-659,Flowering,Clay Loam,6.3,67.9,Rust,Moderate,20.4,Fruit Fly,Light Trap,14,31.9,36.2,19.2,18.6,39.9,Good,0.924,0.589,Yes,Yes,Thrips,Thrips,Medium
KR_01135,2026-003-13,Nashik,Sinnar,19.02562,77.5167,Grapes,Thompson Seedless,Maturity,Clay Loam,6.03,15.2,Leaf Mold,Severe,71.2,Stem Borer,Pheromone Trap,8,27.4,83.9,2.4,10.7,30.7,Too Dark,0.431,0.778,Yes,Yes,Stem Borer,Stem Borer,High
KR_01136,2026-007-10,Solapur,Pandharpur,18.81957,79.42788,Grapes,Sharad Seedless,Seedling,Sandy Loam,6.57,41.3,Healthy,Mild,1.7,Bollworm,Light Trap,2,30.9,94.3,1.5,9.7,73.8,Too Dark,0.432,0.879,No,Yes,Leaf Miner,Leaf Miner,Medium
KR_01137,2026-008-01,Nanded,Deglur,19.49788,73.93824,Potato,Kufri Pukhraj,Vegetative,Black Soil,7.94,60.7,Late Blight,Mild,13.3,Whitefly,Sticky Trap,6,31.4,52.0,37.7,17.8,26.4,Too Dark,0.239,0.783,Yes,Yes,Blast,Aphids,Low
KR_01138,2026-008-23,Pune,Baramati,16.00646,76.34384,Cotton,Bunny Bt,Fruiting,Sandy Loam,7.92,21.2,Stem Borer,Mild,12.2,Leaf Miner,Pheromone Trap,0,32.5,38.5,37.2,3.2,37.0,Blurry,0.639,0.763,Yes,Yes,Bacterial Blight,Leaf Miner,Low
KR_01139,2026-004-23,Satara,Wai,18.26756,77.35299,Tomato,Hybrid-T1,Seedling,Black Soil,8.04,49.2,Healthy,Mild,0.3,Bollworm,Light Trap,1,34.3,66.3,33.2,2.6,33.2,Good,0.762,0.638,No,Yes,Rust,Thrips,Medium
KR_01140,2026-005-22,Satara,Phaltan,16.4505,79.43342,Rice,Basmati,Fruiting,Clay Loam,7.99,62.4,Rust,Moderate,39.5,Leaf Miner,Pheromone Trap,11,22.6,72.7,14.5,19.3,94.1,Poor Framing,0.339,0.899,No,Yes,Stem Borer,Leaf Miner,Medium
KR_01141,2026-007-18,Satara,Phaltan,17.54704,75.62901,Soybean,JS-335,Vegetative,Sandy Loam,6.64,71.5,Brown Spot,Severe,79.8,Bollworm,Sticky Trap,4,27.2,84.2,27.6,6.6,53.3,Blurry,0.558,0.664,Yes,Yes,Brown Spot,Aphids,High
KR_01142,2026-007-06,Pune,Baramati,20.21917,73.03119,Potato,Kufri Jyoti,Flowering,Sandy Loam,7.69,63.5,Rust,Moderate,38.0,Bollworm,Pheromone Trap,9,24.0,80.6,23.2,3.6,40.5,Too Dark,0.216,0.481,Yes,Yes,Brown Spot,Fruit Fly,Medium
KR_01143,2026-007-17,Kolhapur,Shirol,19.70612,75.88736,Tomato,Arka Rakshak,Seedling,Sandy Loam,6.46,30.5,Brown Spot,Mild,9.8,Stem Borer,Pheromone Trap,0,19.9,42.3,31.1,3.1,72.6,Good,0.95,0.915,Yes,No,Late Blight,Leaf Miner,Low
KR_01144,2026-003-01,Sangli,Tasgaon,20.50179,73.49643,Tomato,Abhinav,Fruiting,Black Soil,7.1,27.6,Leaf Miner,Severe,65.9,Leaf Miner,Sticky Trap,11,23.5,94.0,23.9,19.6,23.0,Good,0.787,0.914,No,No,Thrips,Aphids,High
KR_01145,2026-008-26,Sangli,Miraj,17.63079,78.37052,Potato,Kufri Pukhraj,Fruiting,Black Soil,7.58,23.5,Leaf Spot,Moderate,34.1,Leaf Miner,Pheromone Trap,10,32.6,52.6,13.7,2.1,33.1,Good,0.984,0.968,Yes,No,Blast,Stem Borer,Medium
KR_01146,2026-005-09,Satara,Phaltan,17.44238,73.5104,Rice,Phule Samruddhi,Flowering,Black Soil,7.78,35.6,Stem Borer,Severe,79.1,Thrips,Light Trap,8,35.3,87.9,27.9,12.1,68.7,Blurry,0.465,0.743,Yes,Yes,Rust,Fruit Fly,High
KR_01147,2026-005-13,Sangli,Miraj,20.85913,77.9302,Soybean,MACS-1188,Flowering,Black Soil,6.25,51.6,Stem Borer,Severe,82.7,Leaf Miner,Sticky Trap,7,37.9,92.8,31.1,21.3,52.6,Poor Framing,0.404,0.808,No,Yes,Leaf Mold,Whitefly,High
KR_01148,2026-007-11,Nashik,Dindori,16.60984,78.46193,Potato,Kufri Jyoti,Flowering,Sandy Loam,7.33,40.3,Brown Spot,Severe,62.2,Bollworm,Pheromone Trap,0,37.6,60.8,36.1,4.7,29.9,Good,0.967,0.484,Yes,Yes,Rust,Aphids,Medium
KR_01149,2026-008-28,Kolhapur,Shirol,20.76514,79.2907,Soybean,JS-335,Seedling,Loamy,7.55,42.0,Bollworm,Moderate,27.2,Bollworm,Sticky Trap,14,26.8,77.5,36.4,20.3,73.7,Blurry,0.23,0.673,Yes,Yes,Late Blight,Stem Borer,Medium
KR_01150,2026-006-23,Sangli,Kavathe Mahankal,17.03429,73.40708,Soybean,MACS-1188,Seedling,Loamy,7.2,15.9,Blast,Mild,13.4,Stem Borer,Pheromone Trap,0,36.1,61.2,14.4,19.6,46.0,Too Bright,0.43,0.727,Yes,Yes,Thrips,Leaf Miner,Medium
KR_01151,2026-005-15,Kolhapur,Shirol,18.87587,73.1867,Cotton,Bunny Bt,Maturity,Loamy,6.74,19.6,Stem Borer,Severe,68.3,Fruit Fly,Light Trap,7,29.7,92.4,14.2,21.0,40.4,Too Dark,0.615,0.777,Yes,Yes,Stem Borer,Thrips,High
KR_01152,2026-007-18,Solapur,Malshiras,16.84763,74.5765,Cotton,Bt Cotton,Vegetative,Sandy Loam,6.2,59.0,Leaf Miner,Mild,8.1,Thrips,Pheromone Trap,0,22.2,62.3,17.2,10.7,42.0,Too Bright,0.399,0.921,Yes,Yes,Downy Mildew,Thrips,Medium
KR_01153,2026-008-08,Sangli,Tasgaon,18.59159,76.4397,Cotton,RCH-659,Seedling,Loamy,6.33,45.3,Bollworm,Moderate,33.5,Thrips,Pheromone Trap,8,37.4,95.3,0.3,5.6,60.3,Too Bright,0.3,0.794,Yes,Yes,Leaf Miner,Fruit Fly,Medium
KR_01154,2026-005-23,Sangli,Kavathe Mahankal,16.95416,79.20126,Rice,Phule Samruddhi,Fruiting,Black Soil,6.12,34.8,Thrips,Severe,62.5,Fruit Fly,Light Trap,4,19.2,42.9,20.8,16.9,70.2,Good,0.793,0.636,Yes,Yes,Rust,Aphids,Medium
KR_01155,2026-007-21,Satara,Wai,16.22967,77.72434,Rice,Phule Samruddhi,Flowering,Clay Loam,6.64,39.6,Bacterial Blight,Severe,77.6,Leaf Miner,Sticky Trap,10,33.9,91.2,44.2,15.0,42.0,Good,0.854,0.974,Yes,No,Leaf Spot,Fruit Fly,High
KR_01156,2026-008-01,Kolhapur,Karveer,20.78195,75.99153,Potato,Kufri Jyoti,Flowering,Sandy Loam,7.34,32.8,Late Blight,Severe,73.5,Whitefly,Light Trap,8,32.9,48.1,32.0,14.5,25.3,Poor Framing,0.273,0.744,Yes,Yes,Blast,Aphids,Medium
KR_01157,2026-004-24,Solapur,Akkalkot,20.90142,74.55449,Potato,Kufri Jyoti,Flowering,Clay Loam,8.11,40.3,Healthy,Mild,2.4,Bollworm,Pheromone Trap,0,30.7,72.5,9.3,3.7,90.8,Good,0.806,0.966,Yes,No,Rust,Bollworm,Medium
KR_01158,2026-008-16,Nanded,Hadgaon,20.7693,75.44349,Potato,Local-P1,Vegetative,Clay Loam,6.93,52.5,Thrips,Severe,77.1,Bollworm,Pheromone Trap,0,28.8,36.1,5.3,18.4,35.5,Good,0.959,0.557,Yes,Yes,Rust,Thrips,Medium
KR_01159,2026-002-15,Satara,Karad,16.38983,75.07201,Grapes,Thompson Seedless,Maturity,Sandy Loam,7.45,37.1,Leaf Mold,Severe,73.4,Whitefly,Pheromone Trap,8,24.8,56.6,25.7,21.5,21.9,Good,0.831,0.8,Yes,No,Downy Mildew,Thrips,Medium
KR_01160,2026-002-20,Pune,Indapur,18.8267,78.68966,Tomato,Hybrid-T1,Maturity,Loamy,7.37,71.5,Leaf Mold,Moderate,23.9,Aphids,Pheromone Trap,3,34.2,38.9,20.4,15.4,59.7,Too Dark,0.274,0.86,Yes,Yes,Thrips,Bollworm,Medium
KR_01161,2026-004-06,Satara,Phaltan,17.64653,78.8999,Grapes,Thompson Seedless,Flowering,Clay Loam,6.33,63.2,Healthy,Mild,3.9,Bollworm,Sticky Trap,8,30.6,83.2,39.7,11.3,21.9,Poor Framing,0.549,0.526,Yes,Yes,Early Blight,Fruit Fly,Medium
KR_01162,2026-001-23,Pune,Shirur,20.05805,74.84934,Tomato,Hybrid-T1,Vegetative,Loamy,8.2,41.2,Late Blight,Severe,79.2,Aphids,Pheromone Trap,0,29.5,40.7,35.9,3.8,61.4,Good,0.84,0.898,No,No,Rust,Fruit Fly,Medium
KR_01163,2026-004-20,Solapur,Malshiras,21.0879,76.10994,Tomato,Hybrid-T1,Vegetative,Loamy,7.99,34.5,Downy Mildew,Mild,6.3,Fruit Fly,Pheromone Trap,0,37.1,84.2,9.2,8.1,92.2,Good,0.815,0.721,Yes,Yes,Leaf Spot,Whitefly,Medium
KR_01164,2026-002-19,Ahmednagar,Sangamner,20.90872,75.77887,Grapes,Sonaka,Vegetative,Sandy Loam,6.53,64.2,Leaf Spot,Mild,7.3,Aphids,Sticky Trap,10,19.7,78.8,9.2,3.7,36.8,Good,0.822,0.914,Yes,No,Stem Borer,Aphids,Medium
KR_01165,2026-008-02,Ahmednagar,Shrigonda,17.6611,75.34301,Rice,Indrayani,Maturity,Black Soil,7.49,67.1,Healthy,Mild,2.6,Bollworm,Pheromone Trap,0,31.4,47.1,17.7,13.2,81.2,Good,0.774,0.968,No,No,Downy Mildew,Leaf Miner,Low
KR_01166,2026-008-03,Kolhapur,Shirol,21.01206,73.55299,Cotton,Bt Cotton,Maturity,Black Soil,7.36,68.3,Brown Spot,Moderate,28.7,Whitefly,Pheromone Trap,0,20.2,80.5,35.2,2.5,86.6,Good,0.818,0.881,Yes,No,Downy Mildew,Aphids,Medium
KR_01167,2026-006-25,Kolhapur,Karveer,20.23471,75.24213,Cotton,RCH-659,Fruiting,Clay Loam,7.65,24.2,Leaf Mold,Severe,66.1,Thrips,Pheromone Trap,0,34.5,82.6,9.4,9.9,82.6,Poor Framing,0.424,0.797,Yes,Yes,Leaf Spot,Aphids,High
KR_01168,2026-001-01,Nanded,Hadgaon,21.24758,77.938,Potato,Kufri Pukhraj,Fruiting,Loamy,6.13,38.9,Rust,Mild,5.2,Fruit Fly,Pheromone Trap,7,36.3,89.3,43.6,9.9,65.3,Too Bright,0.522,0.983,No,Yes,Leaf Mold,Aphids,Medium
KR_01169,2026-003-08,Nanded,Hadgaon,20.08204,75.06879,Soybean,MACS-1188,Maturity,Sandy Loam,7.91,18.9,Powdery Mildew,Mild,13.4,Thrips,Sticky Trap,3,22.3,48.6,1.4,17.1,45.3,Too Dark,0.55,0.608,Yes,Yes,Blast,Whitefly,Low
KR_01170,2026-004-10,Nanded,Deglur,19.29878,73.03383,Potato,Kufri Jyoti,Vegetative,Loamy,7.15,68.4,Bollworm,Severe,79.3,Thrips,Pheromone Trap,9,36.9,81.8,16.0,22.0,28.4,Too Dark,0.546,0.933,Yes,Yes,Brown Spot,Aphids,High
KR_01171,2026-005-04,Satara,Koregaon,18.35601,76.5273,Rice,Basmati,Fruiting,Loamy,6.87,48.8,Powdery Mildew,Mild,7.2,Thrips,Pheromone Trap,0,18.7,78.8,18.5,10.8,58.9,Blurry,0.389,0.882,Yes,Yes,Leaf Mold,Aphids,Medium
KR_01172,2026-005-23,Ahmednagar,Sangamner,18.70102,73.57419,Soybean,JS-335,Vegetative,Black Soil,7.01,35.7,Stem Borer,Severe,65.5,Stem Borer,Pheromone Trap,0,20.4,57.6,13.6,12.3,28.3,Too Bright,0.321,0.882,Yes,Yes,Stem Borer,Bollworm,Medium
KR_01173,2026-003-24,Nashik,Sinnar,20.90398,73.4725,Potato,Kufri Jyoti,Seedling,Black Soil,6.68,70.0,Leaf Miner,Mild,18.2,Bollworm,Pheromone Trap,0,28.3,45.5,33.7,2.4,45.0,Good,0.927,0.596,Yes,Yes,Bollworm,Stem Borer,Medium
KR_01174,2026-002-20,Ahmednagar,Sangamner,18.08876,77.89489,Rice,Phule Samruddhi,Fruiting,Black Soil,8.18,63.4,Early Blight,Moderate,46.3,Leaf Miner,Pheromone Trap,11,31.7,52.7,15.2,13.3,70.6,Too Bright,0.391,0.455,Yes,Yes,Leaf Miner,Bollworm,Medium
KR_01175,2026-001-26,Ahmednagar,Sangamner,16.83703,78.04034,Rice,Basmati,Fruiting,Sandy Loam,8.0,56.2,Leaf Mold,Mild,14.8,Leaf Miner,Light Trap,12,35.4,48.1,35.9,6.6,47.6,Too Bright,0.594,0.959,Yes,Yes,Powdery Mildew,Aphids,Low
KR_01176,2026-001-01,Nashik,Niphad,16.16157,77.65488,Potato,Local-P1,Fruiting,Clay Loam,6.07,21.8,Early Blight,Moderate,44.1,Aphids,Pheromone Trap,14,35.8,83.7,0.9,7.5,59.6,Good,0.89,0.552,Yes,Yes,Rust,Aphids,High
KR_01177,2026-003-16,Ahmednagar,Sangamner,20.45759,79.03169,Tomato,Abhinav,Maturity,Clay Loam,7.93,22.4,Brown Spot,Mild,13.9,Whitefly,Pheromone Trap,5,30.3,59.4,25.9,7.9,82.6,Poor Framing,0.538,0.707,Yes,Yes,Thrips,Leaf Miner,Low
KR_01178,2026-002-22,Sangli,Tasgaon,18.75269,79.28699,Soybean,JS-335,Seedling,Sandy Loam,6.45,33.4,Bacterial Blight,Severe,77.4,Leaf Miner,Pheromone Trap,10,21.7,54.7,5.3,10.2,36.0,Good,0.956,0.678,Yes,Yes,Blast,Aphids,Medium
KR_01179,2026-006-23,Solapur,Mangalwedhe,16.49774,73.08293,Potato,Local-P1,Vegetative,Clay Loam,7.4,35.3,Downy Mildew,Mild,16.1,Thrips,Pheromone Trap,0,35.1,90.1,35.0,20.8,42.6,Good,0.772,0.947,No,No,Powdery Mildew,Whitefly,Medium
KR_01180,2026-002-11,Sangli,Tasgaon,20.32947,78.76549,Potato,Local-P1,Vegetative,Sandy Loam,6.37,47.1,Rust,Severe,62.6,Stem Borer,Light Trap,10,37.9,42.9,9.4,20.4,51.1,Good,0.845,0.794,Yes,No,Rust,Bollworm,Medium
KR_01181,2026-001-25,Satara,Phaltan,20.59686,78.62448,Grapes,Sonaka,Maturity,Clay Loam,6.16,58.3,Healthy,Mild,2.4,Bollworm,Pheromone Trap,0,20.3,61.2,3.4,20.7,39.3,Blurry,0.521,0.494,No,Yes,Bacterial Blight,Whitefly,Medium
KR_01182,2026-003-25,Nanded,Deglur,20.40134,74.121,Tomato,Arka Rakshak,Vegetative,Clay Loam,8.13,26.1,Rust,Severe,73.4,Whitefly,Light Trap,8,18.1,64.5,25.2,4.4,31.0,Good,0.793,0.953,No,No,Brown Spot,Aphids,Medium
KR_01183,2026-001-07,Satara,Karad,18.65689,79.31533,Soybean,MAUS-71,Fruiting,Sandy Loam,6.91,16.2,Blast,Moderate,30.8,Leaf Miner,Sticky Trap,9,37.9,87.2,29.1,9.2,24.7,Good,0.851,0.896,Yes,No,Leaf Spot,Aphids,Medium
KR_01184,2026-005-17,Nanded,Hadgaon,20.57582,77.87021,Soybean,JS-335,Seedling,Loamy,7.07,61.6,Blast,Severe,67.9,Leaf Miner,Light Trap,15,32.3,83.1,33.8,20.8,36.9,Good,0.875,0.904,Yes,No,Rust,Whitefly,High
KR_01185,2026-002-15,Kolhapur,Kagal,19.69813,77.49517,Grapes,Sharad Seedless,Flowering,Sandy Loam,7.9,71.0,Stem Borer,Severe,64.3,Bollworm,Light Trap,13,23.7,89.4,36.5,9.9,53.1,Blurry,0.412,0.645,No,Yes,Brown Spot,Thrips,High
KR_01186,2026-008-08,Kolhapur,Karveer,18.62146,75.27516,Soybean,MACS-1188,Flowering,Clay Loam,7.68,60.3,Healthy,Mild,0.9,Bollworm,Sticky Trap,7,30.2,96.5,2.6,4.5,75.7,Poor Framing,0.628,0.588,No,Yes,Bollworm,Fruit Fly,Medium
KR_01187,2026-006-27,Nashik,Dindori,19.36483,77.65236,Soybean,JS-335,Flowering,Black Soil,7.61,28.6,Leaf Spot,Moderate,35.4,Thrips,Sticky Trap,5,27.3,81.9,16.6,4.5,73.1,Good,0.871,0.792,Yes,No,Rust,Aphids,Medium
KR_01188,2026-002-02,Nashik,Sinnar,19.97831,77.98595,Potato,Local-P1,Vegetative,Loamy,7.08,28.8,Late Blight,Mild,7.2,Whitefly,Light Trap,3,33.5,83.6,10.4,4.8,79.0,Too Bright,0.566,0.719,No,Yes,Thrips,Whitefly,Medium
KR_01189,2026-006-13,Nashik,Malegaon,19.94603,78.35959,Cotton,Bunny Bt,Seedling,Black Soil,7.2,50.0,Stem Borer,Severe,57.3,Bollworm,Sticky Trap,12,26.9,51.8,8.6,19.7,34.7,Good,0.908,0.74,Yes,Yes,Early Blight,Stem Borer,Medium
KR_01190,2026-006-10,Pune,Shirur,17.98026,76.16463,Potato,Kufri Pukhraj,Seedling,Clay Loam,7.02,41.4,Bacterial Blight,Severe,78.0,Leaf Miner,Pheromone Trap,13,36.7,77.7,21.5,10.4,69.4,Too Dark,0.207,0.978,Yes,Yes,Late Blight,Fruit Fly,Medium
KR_01191,2026-001-08,Kolhapur,Kagal,16.52722,76.18154,Cotton,Bunny Bt,Vegetative,Sandy Loam,7.37,24.4,Late Blight,Mild,9.8,Leaf Miner,Sticky Trap,11,34.5,47.5,43.6,21.4,52.2,Too Dark,0.363,0.56,Yes,Yes,Stem Borer,Whitefly,Low
KR_01192,2026-001-13,Nanded,Loha,21.02538,77.4001,Potato,Local-P1,Vegetative,Black Soil,7.53,16.4,Stem Borer,Mild,13.9,Whitefly,Light Trap,6,34.0,84.1,30.6,16.5,29.6,Good,0.849,0.685,Yes,Yes,Powdery Mildew,Leaf Miner,Medium
KR_01193,2026-005-07,Nanded,Biloli,21.44757,76.21238,Grapes,Sonaka,Flowering,Sandy Loam,6.54,48.6,Thrips,Severe,71.5,Leaf Miner,Pheromone Trap,0,22.6,56.1,14.0,19.1,48.6,Good,0.776,0.64,Yes,Yes,Early Blight,Aphids,Medium
KR_01194,2026-008-07,Ahmednagar,Sangamner,19.28114,74.67161,Tomato,Abhinav,Flowering,Black Soil,6.44,48.8,Thrips,Severe,60.0,Whitefly,Light Trap,13,31.3,58.2,3.4,3.2,56.8,Good,0.763,0.849,No,No,Powdery Mildew,Thrips,Medium
KR_01195,2026-005-18,Ahmednagar,Shrigonda,17.21796,77.82888,Rice,Phule Samruddhi,Fruiting,Sandy Loam,6.45,57.3,Stem Borer,Mild,19.2,Thrips,Pheromone Trap,15,28.1,51.9,9.6,21.6,52.0,Blurry,0.202,0.502,No,Yes,Bacterial Blight,Aphids,Medium
KR_01196,2026-008-04,Ahmednagar,Shrigonda,19.95999,77.72717,Cotton,RCH-659,Vegetative,Loamy,6.91,33.3,Brown Spot,Moderate,43.2,Fruit Fly,Sticky Trap,11,27.4,57.5,16.3,20.8,26.9,Blurry,0.558,0.875,Yes,Yes,Rust,Whitefly,Medium
KR_01197,2026-003-17,Ahmednagar,Rahata,21.0341,78.01256,Cotton,Bunny Bt,Flowering,Black Soil,6.03,36.0,Rust,Mild,15.7,Stem Borer,Light Trap,10,34.7,51.1,22.2,6.3,92.0,Good,0.885,0.865,Yes,No,Leaf Mold,Fruit Fly,Medium
KR_01198,2026-001-05,Solapur,Malshiras,18.13945,75.24101,Soybean,MAUS-71,Vegetative,Sandy Loam,7.19,68.6,Leaf Mold,Moderate,33.3,Fruit Fly,Sticky Trap,8,23.5,86.4,16.0,14.1,50.2,Good,0.905,0.722,Yes,Yes,Leaf Mold,Fruit Fly,Medium
KR_01199,2026-008-03,Nashik,Dindori,18.81327,76.70921,Potato,Kufri Pukhraj,Fruiting,Clay Loam,6.87,51.5,Powdery Mildew,Mild,9.0,Thrips,Pheromone Trap,13,35.5,57.6,23.8,13.9,33.3,Good,0.797,0.505,Yes,Yes,Rust,Whitefly,Low
KR_01200,2026-004-24,Solapur,Mangalwedhe,17.15267,78.64058,Grapes,Sharad Seedless,Flowering,Sandy Loam,6.94,69.3,Bacterial Blight,Mild,8.2,Stem Borer,Pheromone Trap,8,23.5,62.1,41.1,4.5,75.6,Good,0.857,0.551,No,Yes,Thrips,Aphids,Medium
KR_01201,2026-006-11,Ahmednagar,Rahata,21.38469,76.58312,Grapes,Sharad Seedless,Maturity,Black Soil,7.4,69.2,Healthy,Mild,0.2,Bollworm,Pheromone Trap,2,24.3,72.9,9.7,9.5,83.4,Blurry,0.522,0.807,No,Yes,Leaf Miner,Whitefly,Medium
KR_01202,2026-002-07,Solapur,Mangalwedhe,16.92043,75.20178,Grapes,Sonaka,Maturity,Black Soil,6.23,67.6,Healthy,Mild,0.3,Bollworm,Pheromone Trap,13,25.1,64.3,43.3,3.9,48.1,Good,0.846,0.944,Yes,No,Bacterial Blight,Stem Borer,Medium
KR_01203,2026-001-16,Ahmednagar,Rahata,16.199,75.31557,Soybean,MAUS-71,Seedling,Loamy,7.83,49.6,Blast,Moderate,22.4,Stem Borer,Light Trap,2,27.7,68.8,28.9,14.2,31.1,Too Bright,0.292,0.538,Yes,Yes,Leaf Miner,Fruit Fly,Medium
KR_01204,2026-005-18,Pune,Baramati,16.46051,79.25845,Rice,Indrayani,Vegetative,Black Soil,7.68,31.8,Thrips,Mild,19.4,Bollworm,Pheromone Trap,1,31.3,94.5,37.2,11.6,70.7,Blurry,0.423,0.732,Yes,Yes,Stem Borer,Aphids,Medium
KR_01205,2026-004-28,Solapur,Akkalkot,18.19685,73.44391,Rice,Phule Samruddhi,Vegetative,Black Soil,7.43,70.0,Downy Mildew,Severe,84.9,Whitefly,Pheromone Trap,0,26.6,65.9,4.2,4.2,61.6,Good,0.958,0.484,No,Yes,Leaf Spot,Thrips,Medium
KR_01206,2026-007-21,Nashik,Malegaon,16.32608,75.10955,Potato,Kufri Pukhraj,Maturity,Sandy Loam,7.28,69.9,Healthy,Mild,2.1,Bollworm,Sticky Trap,4,20.3,52.9,29.8,14.0,61.6,Poor Framing,0.427,0.777,Yes,Yes,Leaf Spot,Aphids,Low
KR_01207,2026-001-18,Pune,Baramati,20.73098,73.31461,Tomato,Arka Rakshak,Seedling,Clay Loam,6.36,18.9,Brown Spot,Mild,17.6,Aphids,Light Trap,1,28.4,60.5,12.3,4.1,71.7,Too Dark,0.546,0.587,Yes,Yes,Brown Spot,Leaf Miner,Medium
KR_01208,2026-007-14,Pune,Baramati,20.9887,74.66825,Potato,Local-P1,Flowering,Sandy Loam,7.24,30.8,Bacterial Blight,Moderate,20.9,Stem Borer,Pheromone Trap,0,29.8,86.1,33.3,18.6,88.4,Good,0.853,0.521,Yes,Yes,Late Blight,Fruit Fly,Medium
KR_01209,2026-002-20,Nashik,Niphad,19.14324,73.26404,Tomato,Hybrid-T1,Maturity,Clay Loam,6.17,23.6,Bacterial Blight,Severe,50.6,Fruit Fly,Pheromone Trap,8,36.6,97.8,19.9,10.6,43.7,Good,0.919,0.789,No,No,Downy Mildew,Leaf Miner,High
KR_01210,2026-003-25,Sangli,Tasgaon,16.24693,75.53985,Tomato,Arka Rakshak,Vegetative,Sandy Loam,6.27,74.4,Powdery Mildew,Severe,63.1,Fruit Fly,Pheromone Trap,10,36.1,43.5,35.2,15.7,29.7,Too Bright,0.401,0.66,No,Yes,Downy Mildew,Leaf Miner,Medium
KR_01211,2026-008-05,Ahmednagar,Shrigonda,16.04333,74.23267,Potato,Kufri Pukhraj,Vegetative,Clay Loam,7.78,39.0,Blast,Severe,82.1,Aphids,Light Trap,8,31.0,42.9,16.6,5.1,57.3,Blurry,0.57,0.609,No,Yes,Bollworm,Fruit Fly,Medium
KR_01212,2026-001-21,Nashik,Dindori,19.94239,73.95886,Rice,Phule Samruddhi,Vegetative,Loamy,6.75,35.5,Leaf Mold,Moderate,44.9,Bollworm,Pheromone Trap,12,34.7,87.8,13.9,9.8,24.7,Good,0.777,0.966,No,No,Brown Spot,Thrips,High
KR_01213,2026-004-24,Sangli,Tasgaon,17.81752,77.98902,Rice,Basmati,Seedling,Clay Loam,6.82,39.8,Thrips,Severe,83.6,Fruit Fly,Sticky Trap,5,31.3,50.3,5.7,16.4,29.3,Too Dark,0.238,0.529,Yes,Yes,Late Blight,Stem Borer,Medium
KR_01214,2026-004-03,Pune,Indapur,20.99825,77.16439,Soybean,JS-335,Seedling,Sandy Loam,7.13,30.9,Bollworm,Mild,15.2,Leaf Miner,Light Trap,15,34.7,72.3,24.5,15.8,42.8,Too Bright,0.267,0.951,Yes,Yes,Blast,Thrips,Medium
KR_01215,2026-008-15,Nashik,Sinnar,19.4249,76.67802,Cotton,Bunny Bt,Maturity,Black Soil,7.1,54.2,Healthy,Mild,4.0,Bollworm,Light Trap,3,35.2,45.2,18.4,21.9,58.9,Too Dark,0.54,0.685,No,Yes,Thrips,Fruit Fly,Low
KR_01216,2026-004-09,Kolhapur,Hatkanangale,20.76763,75.71057,Cotton,RCH-659,Maturity,Loamy,6.43,60.4,Rust,Severe,55.2,Whitefly,Pheromone Trap,12,21.7,75.3,9.1,4.3,87.4,Too Dark,0.506,0.859,Yes,Yes,Thrips,Aphids,Medium
KR_01217,2026-006-07,Sangli,Miraj,17.26721,77.78541,Rice,Basmati,Fruiting,Loamy,6.02,30.7,Downy Mildew,Moderate,33.1,Stem Borer,Pheromone Trap,0,28.6,69.0,43.6,8.0,73.0,Too Bright,0.425,0.493,Yes,Yes,Rust,Aphids,Medium
KR_01218,2026-002-09,Pune,Shirur,19.9423,75.53517,Tomato,Abhinav,Vegetative,Black Soil,6.82,60.0,Stem Borer,Moderate,23.9,Leaf Miner,Pheromone Trap,0,27.6,53.6,40.4,3.6,79.3,Good,0.805,0.793,No,No,Brown Spot,Leaf Miner,Medium
KR_01219,2026-001-03,Kolhapur,Hatkanangale,16.78285,78.12495,Potato,Kufri Jyoti,Flowering,Clay Loam,7.56,33.7,Bollworm,Mild,8.2,Fruit Fly,Light Trap,2,34.2,78.1,16.3,6.5,38.2,Good,0.946,0.954,No,No,Downy Mildew,Aphids,Medium
KR_01220,2026-002-12,Solapur,Mangalwedhe,20.10471,78.14685,Tomato,Hybrid-T1,Flowering,Clay Loam,7.32,44.8,Leaf Mold,Severe,69.0,Whitefly,Light Trap,11,19.4,68.4,22.8,18.8,55.7,Blurry,0.224,0.834,Yes,Yes,Bollworm,Thrips,Medium
KR_01221,2026-007-18,Satara,Karad,19.33852,74.41278,Grapes,Sonaka,Maturity,Loamy,7.08,32.3,Leaf Miner,Mild,19.3,Thrips,Sticky Trap,2,21.2,46.7,39.2,8.4,61.8,Blurry,0.206,0.693,Yes,Yes,Late Blight,Whitefly,Medium
KR_01222,2026-004-28,Nanded,Deglur,18.52907,77.69987,Grapes,Thompson Seedless,Seedling,Sandy Loam,6.04,39.2,Downy Mildew,Moderate,32.1,Bollworm,Light Trap,7,37.2,43.8,38.5,13.0,31.6,Too Bright,0.635,0.875,Yes,Yes,Stem Borer,Bollworm,Medium
KR_01223,2026-004-04,Ahmednagar,Sangamner,18.64419,78.13589,Grapes,Sonaka,Fruiting,Clay Loam,7.56,27.9,Early Blight,Mild,17.8,Whitefly,Pheromone Trap,11,29.7,87.8,25.6,15.2,22.8,Blurry,0.38,0.972,No,Yes,Late Blight,Fruit Fly,Medium
KR_01224,2026-001-10,Satara,Koregaon,17.38806,78.94195,Rice,Phule Samruddhi,Maturity,Clay Loam,7.27,75.0,Leaf Spot,Mild,19.5,Leaf Miner,Pheromone Trap,14,34.0,57.1,6.9,7.2,28.9,Too Bright,0.375,0.577,Yes,Yes,Leaf Spot,Aphids,Medium
KR_01225,2026-006-19,Nashik,Sinnar,17.38831,79.17299,Soybean,MACS-1188,Fruiting,Clay Loam,7.27,70.5,Leaf Mold,Severe,78.2,Leaf Miner,Pheromone Trap,10,36.6,45.5,28.0,12.0,76.6,Good,0.802,0.911,No,No,Leaf Mold,Leaf Miner,Medium
KR_01226,2026-007-26,Nanded,Biloli,18.68874,75.9979,Potato,Kufri Jyoti,Fruiting,Sandy Loam,6.81,27.6,Brown Spot,Severe,64.9,Thrips,Pheromone Trap,2,27.7,97.9,3.3,8.9,78.1,Too Dark,0.211,0.746,Yes,Yes,Late Blight,Thrips,High
KR_01227,2026-002-09,Nanded,Biloli,17.05594,76.95074,Soybean,MAUS-71,Fruiting,Sandy Loam,6.25,67.0,Healthy,Mild,0.5,Bollworm,Pheromone Trap,0,22.5,41.7,13.9,21.3,43.1,Good,0.937,0.673,No,Yes,Bacterial Blight,Thrips,Low
KR_01228,2026-008-06,Solapur,Mangalwedhe,16.01395,77.71979,Grapes,Sonaka,Fruiting,Clay Loam,7.82,57.2,Healthy,Mild,1.6,Bollworm,Pheromone Trap,0,24.9,92.1,10.1,15.2,22.0,Blurry,0.476,0.759,Yes,Yes,Early Blight,Leaf Miner,Medium
KR_01229,2026-004-06,Solapur,Akkalkot,16.64994,78.20626,Rice,Phule Samruddhi,Vegetative,Sandy Loam,6.67,55.5,Healthy,Mild,1.8,Bollworm,Light Trap,10,29.3,96.8,40.3,20.2,66.5,Blurry,0.247,0.906,Yes,Yes,Thrips,Aphids,Medium
KR_01230,2026-006-22,Nanded,Loha,16.03912,73.7516,Tomato,Arka Rakshak,Maturity,Black Soil,7.83,43.0,Rust,Mild,14.4,Thrips,Light Trap,1,34.3,71.9,22.9,10.1,61.4,Too Dark,0.59,0.821,Yes,Yes,Leaf Spot,Aphids,Medium
KR_01231,2026-006-17,Nanded,Biloli,21.1797,76.2562,Grapes,Sharad Seedless,Flowering,Loamy,8.09,69.9,Leaf Miner,Moderate,28.2,Stem Borer,Pheromone Trap,0,21.4,47.6,22.1,18.8,69.3,Too Bright,0.544,0.639,Yes,Yes,Leaf Miner,Stem Borer,Medium
KR_01232,2026-005-22,Nanded,Loha,18.11756,74.68534,Potato,Kufri Pukhraj,Flowering,Sandy Loam,7.64,35.9,Leaf Miner,Severe,78.3,Thrips,Pheromone Trap,14,26.9,50.9,14.4,2.7,67.9,Good,0.756,0.647,Yes,Yes,Stem Borer,Aphids,Medium
KR_01233,2026-007-10,Ahmednagar,Rahata,20.83172,77.17094,Tomato,Arka Rakshak,Seedling,Loamy,6.97,63.9,Late Blight,Severe,80.3,Bollworm,Light Trap,9,18.1,49.5,9.7,16.6,47.9,Blurry,0.461,0.551,Yes,Yes,Early Blight,Leaf Miner,Medium
KR_01234,2026-007-07,Solapur,Malshiras,20.46282,73.18964,Rice,Phule Samruddhi,Vegetative,Black Soil,8.13,67.5,Leaf Spot,Moderate,20.0,Stem Borer,Sticky Trap,3,34.2,79.5,37.7,8.3,23.4,Poor Framing,0.596,0.67,Yes,Yes,Leaf Miner,Aphids,Medium
KR_01235,2026-001-03,Nashik,Niphad,21.08489,76.03731,Cotton,RCH-659,Flowering,Sandy Loam,7.9,59.7,Early Blight,Mild,17.8,Thrips,Light Trap,4,34.4,70.9,21.4,4.2,64.6,Too Bright,0.224,0.966,Yes,Yes,Leaf Miner,Bollworm,Medium
KR_01236,2026-005-23,Solapur,Pandharpur,19.45557,75.83537,Grapes,Sharad Seedless,Seedling,Clay Loam,6.25,32.9,Blast,Moderate,37.8,Stem Borer,Light Trap,10,30.7,47.7,8.8,6.7,82.6,Blurry,0.239,0.586,Yes,Yes,Rust,Fruit Fly,Medium
KR_01237,2026-007-04,Nanded,Biloli,20.70257,73.14902,Tomato,Abhinav,Vegetative,Sandy Loam,6.07,60.6,Healthy,Mild,3.6,Bollworm,Light Trap,6,26.7,64.6,21.6,14.7,88.6,Too Dark,0.506,0.515,No,Yes,Stem Borer,Whitefly,Medium
KR_01238,2026-006-04,Nashik,Dindori,16.70057,76.1979,Tomato,Arka Rakshak,Maturity,Clay Loam,8.11,21.1,Leaf Mold,Mild,18.6,Thrips,Light Trap,7,36.7,63.1,15.1,15.9,78.4,Good,0.872,0.486,No,Yes,Brown Spot,Leaf Miner,Medium
KR_01239,2026-008-06,Solapur,Akkalkot,17.4703,76.22373,Grapes,Sharad Seedless,Vegetative,Clay Loam,6.97,58.8,Blast,Mild,17.1,Thrips,Pheromone Trap,9,34.8,57.1,9.6,20.6,44.6,Good,0.923,0.454,No,Yes,Late Blight,Thrips,Medium
KR_01240,2026-001-07,Solapur,Mangalwedhe,17.04028,78.63466,Potato,Kufri Pukhraj,Vegetative,Sandy Loam,7.77,30.4,Leaf Mold,Mild,11.4,Leaf Miner,Pheromone Trap,12,30.5,87.2,42.7,21.9,86.7,Too Dark,0.453,0.759,Yes,Yes,Leaf Mold,Whitefly,Medium
KR_01241,2026-004-12,Satara,Phaltan,18.53642,78.76852,Grapes,Sonaka,Flowering,Loamy,6.93,52.5,Healthy,Mild,0.6,Bollworm,Pheromone Trap,3,22.1,92.5,1.7,4.6,91.1,Poor Framing,0.48,0.656,No,Yes,Bacterial Blight,Thrips,Medium
KR_01242,2026-003-07,Ahmednagar,Rahata,17.45605,73.02091,Rice,Indrayani,Fruiting,Black Soil,7.77,31.5,Brown Spot,Mild,17.1,Leaf Miner,Light Trap,4,36.5,36.6,6.6,21.5,65.7,Good,0.773,0.977,Yes,No,Rust,Stem Borer,Medium
KR_01243,2026-004-19,Pune,Shirur,19.84881,77.92741,Cotton,RCH-659,Maturity,Loamy,7.78,18.3,Blast,Mild,16.7,Bollworm,Sticky Trap,15,37.4,92.3,15.6,12.6,73.2,Good,0.979,0.644,Yes,Yes,Rust,Aphids,Medium
KR_01244,2026-008-22,Satara,Wai,20.57065,75.1418,Cotton,RCH-659,Vegetative,Black Soil,6.82,20.1,Stem Borer,Moderate,24.4,Leaf Miner,Sticky Trap,13,28.3,43.7,41.9,19.0,64.0,Too Bright,0.631,0.722,No,Yes,Thrips,Fruit Fly,Medium
KR_01245,2026-001-17,Ahmednagar,Kopargaon,17.85099,75.19991,Soybean,MACS-1188,Seedling,Black Soil,7.27,58.7,Leaf Miner,Severe,61.5,Whitefly,Pheromone Trap,12,28.0,59.4,30.4,8.8,81.8,Too Bright,0.332,0.749,Yes,Yes,Leaf Spot,Fruit Fly,Medium
KR_01246,2026-008-21,Satara,Wai,17.58459,77.627,Soybean,MACS-1188,Flowering,Black Soil,6.98,66.0,Bacterial Blight,Moderate,30.4,Whitefly,Sticky Trap,6,35.2,67.0,3.5,3.2,76.7,Good,0.916,0.691,Yes,Yes,Late Blight,Aphids,Medium
KR_01247,2026-007-15,Nanded,Loha,17.4933,76.73376,Rice,Phule Samruddhi,Flowering,Black Soil,6.28,45.9,Stem Borer,Moderate,42.1,Aphids,Sticky Trap,8,29.9,73.8,0.8,3.2,41.4,Good,0.973,0.774,No,No,Leaf Miner,Stem Borer,Medium
KR_01248,2026-008-05,Kolhapur,Shirol,18.40007,73.86172,Cotton,Bunny Bt,Flowering,Sandy Loam,7.45,44.3,Stem Borer,Moderate,30.9,Thrips,Pheromone Trap,15,18.6,45.6,20.3,10.9,66.8,Too Bright,0.209,0.613,Yes,Yes,Bollworm,Thrips,Medium
KR_01249,2026-007-18,Nanded,Loha,17.98246,78.23425,Tomato,Arka Rakshak,Seedling,Loamy,6.61,44.8,Bollworm,Severe,78.7,Bollworm,Pheromone Trap,5,37.2,56.2,10.8,7.8,46.7,Good,0.972,0.646,Yes,Yes,Stem Borer,Bollworm,Medium
KR_01250,2026-006-25,Nashik,Malegaon,18.05156,79.30558,Cotton,RCH-659,Fruiting,Sandy Loam,7.12,48.6,Brown Spot,Severe,62.5,Bollworm,Pheromone Trap,13,32.9,40.8,22.6,17.2,23.8,Good,0.77,0.498,Yes,Yes,Powdery Mildew,Aphids,Medium
KR_01251,2026-006-12,Satara,Phaltan,19.44161,76.76405,Potato,Local-P1,Vegetative,Sandy Loam,7.22,68.2,Brown Spot,Severe,73.9,Thrips,Pheromone Trap,0,31.4,61.5,23.6,21.1,86.3,Too Dark,0.446,0.799,No,Yes,Leaf Spot,Aphids,Medium
KR_01252,2026-003-21,Nashik,Dindori,16.51059,75.40126,Rice,Indrayani,Seedling,Loamy,6.89,17.9,Bacterial Blight,Severe,56.6,Leaf Miner,Sticky Trap,12,22.3,71.0,10.9,13.7,33.9,Good,0.916,0.93,Yes,No,Powdery Mildew,Aphids,Medium
KR_01253,2026-005-09,Pune,Shirur,18.90517,74.84162,Grapes,Sharad Seedless,Seedling,Sandy Loam,7.7,40.9,Early Blight,Severe,80.9,Aphids,Sticky Trap,12,18.2,49.7,23.1,3.9,42.0,Poor Framing,0.545,0.685,Yes,Yes,Stem Borer,Leaf Miner,Medium
KR_01254,2026-006-08,Solapur,Malshiras,18.54705,76.63223,Cotton,Bt Cotton,Fruiting,Sandy Loam,6.89,41.5,Brown Spot,Severe,61.5,Bollworm,Light Trap,8,34.5,54.0,27.4,5.4,49.1,Blurry,0.499,0.615,Yes,Yes,Downy Mildew,Whitefly,Medium
KR_01255,2026-003-27,Pune,Indapur,17.81655,75.84156,Tomato,Abhinav,Vegetative,Loamy,7.35,15.6,Stem Borer,Severe,63.3,Aphids,Pheromone Trap,0,34.9,94.1,36.2,7.4,91.6,Blurry,0.376,0.811,Yes,Yes,Leaf Spot,Bollworm,High
KR_01256,2026-008-17,Satara,Koregaon,17.33646,78.01872,Cotton,Bunny Bt,Vegetative,Clay Loam,6.84,44.4,Stem Borer,Mild,8.4,Thrips,Sticky Trap,8,32.1,83.7,2.4,9.7,73.4,Good,0.879,0.716,Yes,Yes,Bollworm,Fruit Fly,Medium
KR_01257,2026-007-09,Nashik,Dindori,21.10533,78.11695,Tomato,Abhinav,Fruiting,Clay Loam,7.49,42.0,Downy Mildew,Severe,78.7,Aphids,Pheromone Trap,14,34.0,66.7,25.3,2.0,86.5,Good,0.767,0.847,Yes,No,Powdery Mildew,Aphids,Medium
KR_01258,2026-006-03,Kolhapur,Hatkanangale,17.1816,75.6925,Rice,Indrayani,Fruiting,Black Soil,6.81,21.4,Downy Mildew,Moderate,25.8,Whitefly,Pheromone Trap,3,18.8,53.4,4.0,15.7,52.3,Good,0.864,0.504,Yes,Yes,Rust,Whitefly,Medium
KR_01259,2026-003-28,Pune,Indapur,19.68868,77.27308,Tomato,Arka Rakshak,Flowering,Black Soil,6.52,34.0,Leaf Miner,Severe,61.2,Fruit Fly,Pheromone Trap,0,30.5,97.3,41.1,18.7,73.2,Too Dark,0.591,0.707,Yes,Yes,Leaf Mold,Whitefly,High
KR_01260,2026-006-20,Nanded,Hadgaon,20.28678,73.83757,Rice,Basmati,Seedling,Black Soil,6.88,70.2,Leaf Mold,Severe,71.5,Bollworm,Light Trap,1,18.8,44.5,27.1,12.6,46.2,Too Bright,0.494,0.9,No,Yes,Leaf Miner,Leaf Miner,Medium
KR_01261,2026-003-04,Solapur,Malshiras,20.65985,76.07503,Cotton,Bt Cotton,Flowering,Sandy Loam,6.21,21.8,Late Blight,Mild,9.7,Fruit Fly,Sticky Trap,1,24.2,89.6,28.2,11.6,87.3,Poor Framing,0.365,0.569,Yes,Yes,Rust,Thrips,Medium
KR_01262,2026-002-14,Ahmednagar,Shrigonda,17.58125,78.22325,Rice,Phule Samruddhi,Seedling,Clay Loam,8.2,29.4,Leaf Miner,Mild,5.7,Thrips,Pheromone Trap,0,30.2,62.9,11.2,3.7,51.0,Blurry,0.358,0.912,No,Yes,Early Blight,Leaf Miner,Medium
KR_01263,2026-008-02,Sangli,Miraj,18.80606,75.72038,Rice,Phule Samruddhi,Fruiting,Clay Loam,6.73,24.0,Rust,Mild,18.4,Leaf Miner,Sticky Trap,7,30.6,64.8,2.6,11.1,43.6,Good,0.752,0.968,Yes,No,Leaf Miner,Leaf Miner,Medium
KR_01264,2026-002-28,Ahmednagar,Kopargaon,17.75564,79.22006,Soybean,MACS-1188,Seedling,Black Soil,7.87,42.2,Leaf Mold,Severe,57.1,Thrips,Sticky Trap,6,34.0,46.8,36.2,17.2,88.9,Good,0.907,0.65,Yes,Yes,Leaf Mold,Fruit Fly,Medium
KR_01265,2026-002-28,Ahmednagar,Rahata,18.60194,73.36442,Grapes,Sharad Seedless,Flowering,Loamy,6.32,21.5,Blast,Mild,5.5,Whitefly,Sticky Trap,7,31.7,61.0,23.8,8.7,89.7,Good,0.935,0.76,No,No,Rust,Stem Borer,Medium
KR_01266,2026-002-13,Pune,Indapur,19.90552,76.53842,Soybean,JS-335,Seedling,Black Soil,7.33,26.4,Downy Mildew,Moderate,41.7,Thrips,Light Trap,4,33.3,35.4,21.7,17.4,72.5,Good,0.866,0.92,No,No,Leaf Miner,Stem Borer,Medium
KR_01267,2026-002-15,Kolhapur,Kagal,18.4796,75.91833,Cotton,Bunny Bt,Vegetative,Black Soil,7.73,15.6,Leaf Mold,Moderate,33.2,Bollworm,Sticky Trap,6,32.1,90.1,7.6,20.0,82.6,Good,0.966,0.947,Yes,No,Bacterial Blight,Aphids,Medium
KR_01268,2026-004-23,Sangli,Kavathe Mahankal,18.91052,75.95109,Potato,Kufri Jyoti,Flowering,Black Soil,6.78,20.7,Leaf Mold,Mild,19.5,Aphids,Sticky Trap,1,33.3,39.4,2.6,8.9,47.2,Too Bright,0.465,0.868,Yes,Yes,Blast,Whitefly,Medium
KR_01269,2026-008-28,Pune,Baramati,19.23872,79.46767,Grapes,Thompson Seedless,Fruiting,Black Soil,7.14,57.8,Late Blight,Severe,60.5,Stem Borer,Pheromone Trap,12,32.3,74.7,41.8,19.4,82.1,Poor Framing,0.35,0.559,Yes,Yes,Rust,Aphids,Medium
KR_01270,2026-002-01,Ahmednagar,Rahata,16.03689,74.69624,Rice,Indrayani,Fruiting,Clay Loam,6.94,54.2,Leaf Mold,Mild,11.8,Fruit Fly,Sticky Trap,7,18.5,43.1,42.0,14.6,48.7,Poor Framing,0.569,0.485,Yes,Yes,Blast,Aphids,Low
KR_01271,2026-001-03,Nashik,Sinnar,20.61141,76.81963,Soybean,MAUS-71,Flowering,Black Soil,7.79,19.0,Rust,Mild,5.7,Thrips,Sticky Trap,8,31.8,77.0,23.7,8.9,83.3,Poor Framing,0.5,0.733,Yes,Yes,Rust,Aphids,Medium
KR_01272,2026-003-02,Kolhapur,Karveer,16.73772,75.50703,Rice,Indrayani,Seedling,Clay Loam,6.94,54.4,Leaf Mold,Severe,81.8,Whitefly,Light Trap,1,37.3,63.3,28.6,21.2,47.2,Poor Framing,0.559,0.82,Yes,Yes,Leaf Miner,Thrips,Medium
KR_01273,2026-003-24,Sangli,Jat,21.34014,75.39457,Rice,Basmati,Maturity,Sandy Loam,7.75,58.8,Brown Spot,Severe,71.3,Whitefly,Pheromone Trap,0,19.0,57.5,19.1,16.9,85.9,Poor Framing,0.436,0.795,No,Yes,Blast,Bollworm,Medium
KR_01274,2026-001-23,Pune,Baramati,19.99816,74.70391,Grapes,Thompson Seedless,Fruiting,Sandy Loam,7.34,37.4,Bacterial Blight,Severe,73.3,Whitefly,Pheromone Trap,4,28.7,58.5,27.2,13.8,76.4,Good,0.838,0.867,Yes,No,Bacterial Blight,Whitefly,Medium
KR_01275,2026-006-08,Ahmednagar,Rahata,18.34182,76.75654,Rice,Phule Samruddhi,Fruiting,Black Soil,7.27,49.1,Bacterial Blight,Severe,56.6,Whitefly,Sticky Trap,11,18.8,74.5,11.0,13.1,61.8,Good,0.83,0.662,No,Yes,Brown Spot,Aphids,Medium
KR_01276,2026-003-19,Nashik,Niphad,20.63706,74.15658,Cotton,Bt Cotton,Seedling,Loamy,7.32,31.6,Blast,Moderate,27.6,Fruit Fly,Pheromone Trap,0,20.3,70.2,18.1,19.1,64.2,Good,0.937,0.516,No,Yes,Stem Borer,Thrips,Medium
KR_01277,2026-005-07,Nashik,Dindori,18.42273,75.99059,Grapes,Thompson Seedless,Seedling,Loamy,7.25,31.6,Leaf Mold,Moderate,31.2,Aphids,Pheromone Trap,0,24.3,95.8,31.2,11.9,56.2,Too Bright,0.453,0.698,No,Yes,Bollworm,Thrips,Medium
KR_01278,2026-004-07,Kolhapur,Hatkanangale,17.13518,74.60963,Cotton,Bt Cotton,Seedling,Clay Loam,7.09,16.9,Bacterial Blight,Mild,18.5,Stem Borer,Sticky Trap,1,30.4,67.5,33.0,5.8,64.4,Too Bright,0.368,0.798,Yes,Yes,Stem Borer,Stem Borer,Medium
KR_01279,2026-005-27,Pune,Baramati,18.94712,78.78443,Grapes,Sonaka,Maturity,Clay Loam,6.71,39.0,Brown Spot,Moderate,26.8,Fruit Fly,Pheromone Trap,5,34.0,38.8,32.3,2.3,30.9,Blurry,0.551,0.77,No,Yes,Early Blight,Fruit Fly,Medium
KR_01280,2026-005-15,Satara,Phaltan,21.06452,73.00908,Potato,Local-P1,Maturity,Sandy Loam,7.34,71.3,Powdery Mildew,Mild,8.2,Thrips,Sticky Trap,6,27.0,95.1,9.5,8.1,57.7,Poor Framing,0.235,0.498,Yes,Yes,Rust,Whitefly,Medium
KR_01281,2026-001-16,Sangli,Kavathe Mahankal,16.29266,73.60131,Grapes,Thompson Seedless,Vegetative,Sandy Loam,6.41,64.9,Thrips,Moderate,28.5,Thrips,Pheromone Trap,0,36.2,95.6,37.4,8.8,38.8,Blurry,0.48,0.826,No,Yes,Early Blight,Stem Borer,Medium
KR_01282,2026-002-13,Pune,Baramati,17.35366,74.91817,Tomato,Arka Rakshak,Fruiting,Black Soil,8.02,63.1,Bollworm,Moderate,45.0,Whitefly,Light Trap,11,19.0,76.7,18.8,17.9,38.7,Too Dark,0.436,0.982,No,Yes,Bacterial Blight,Fruit Fly,Medium
KR_01283,2026-004-22,Nashik,Niphad,16.73404,74.68843,Cotton,Bt Cotton,Vegetative,Black Soil,8.01,24.9,Powdery Mildew,Mild,12.3,Stem Borer,Pheromone Trap,0,25.7,37.6,27.3,10.7,69.8,Good,0.882,0.965,Yes,No,Leaf Spot,Whitefly,Low
KR_01284,2026-003-06,Nashik,Sinnar,18.15636,77.75033,Soybean,MACS-1188,Maturity,Clay Loam,8.16,50.8,Bollworm,Mild,9.9,Stem Borer,Pheromone Trap,9,20.3,75.7,4.5,9.5,55.5,Good,0.891,0.83,No,No,Brown Spot,Stem Borer,Medium
KR_01285,2026-001-04,Pune,Daund,19.53719,73.66719,Tomato,Hybrid-T1,Maturity,Clay Loam,7.11,32.4,Late Blight,Mild,16.3,Thrips,Pheromone Trap,12,32.1,91.8,26.1,13.6,41.3,Good,0.853,0.533,Yes,Yes,Leaf Miner,Thrips,Medium
KR_01286,2026-007-10,Nanded,Deglur,20.89516,73.98895,Potato,Kufri Pukhraj,Flowering,Clay Loam,6.96,73.8,Blast,Severe,63.7,Whitefly,Pheromone Trap,9,19.5,69.2,20.9,20.8,65.0,Good,0.916,0.697,Yes,Yes,Bacterial Blight,Bollworm,Medium
KR_01287,2026-003-24,Kolhapur,Shirol,21.47879,79.28331,Rice,Indrayani,Seedling,Black Soil,7.96,20.9,Healthy,Mild,2.6,Bollworm,Sticky Trap,4,20.0,60.4,39.5,17.4,86.5,Good,0.822,0.743,Yes,Yes,Rust,Thrips,Medium
KR_01288,2026-007-23,Kolhapur,Karveer,16.95785,75.55493,Soybean,MAUS-71,Vegetative,Loamy,6.02,23.4,Early Blight,Moderate,24.8,Fruit Fly,Light Trap,8,34.0,86.3,21.3,2.6,78.0,Too Dark,0.613,0.557,Yes,Yes,Bollworm,Aphids,Medium
KR_01289,2026-003-10,Ahmednagar,Shrigonda,17.66311,79.31372,Cotton,RCH-659,Fruiting,Loamy,6.17,41.9,Thrips,Mild,16.9,Aphids,Pheromone Trap,0,18.4,87.5,31.5,19.6,47.8,Good,0.755,0.814,Yes,No,Bacterial Blight,Aphids,Medium
KR_01290,2026-003-26,Nanded,Biloli,17.89566,74.1885,Tomato,Arka Rakshak,Seedling,Sandy Loam,7.64,55.0,Blast,Severe,73.5,Fruit Fly,Sticky Trap,8,38.0,62.4,32.6,17.1,73.5,Too Dark,0.448,0.828,No,Yes,Powdery Mildew,Bollworm,Medium
KR_01291,2026-002-21,Nashik,Sinnar,19.56457,79.3066,Cotton,Bt Cotton,Fruiting,Sandy Loam,7.14,43.7,Leaf Mold,Mild,9.1,Leaf Miner,Sticky Trap,6,36.1,63.8,29.3,3.6,66.1,Good,0.895,0.488,No,Yes,Downy Mildew,Thrips,Medium
KR_01292,2026-008-13,Nashik,Niphad,17.37196,77.59621,Cotton,Bt Cotton,Flowering,Black Soil,7.79,74.0,Powdery Mildew,Mild,12.4,Whitefly,Pheromone Trap,0,32.5,69.7,34.8,8.0,41.2,Too Dark,0.474,0.878,Yes,Yes,Brown Spot,Fruit Fly,Medium
KR_01293,2026-006-10,Ahmednagar,Shrigonda,16.68885,73.4595,Potato,Local-P1,Flowering,Clay Loam,6.16,61.9,Late Blight,Severe,59.8,Whitefly,Pheromone Trap,12,21.4,91.7,26.2,8.7,34.7,Too Bright,0.571,0.832,Yes,Yes,Bacterial Blight,Bollworm,High
KR_01294,2026-003-08,Pune,Baramati,17.14493,77.47697,Soybean,MAUS-71,Seedling,Black Soil,7.31,44.9,Thrips,Mild,15.1,Aphids,Light Trap,4,26.0,57.4,27.2,20.9,45.1,Good,0.813,0.715,Yes,Yes,Bollworm,Thrips,Medium
KR_01295,2026-008-24,Kolhapur,Kagal,18.30895,77.56341,Potato,Kufri Jyoti,Seedling,Loamy,7.94,64.6,Stem Borer,Mild,14.5,Fruit Fly,Pheromone Trap,0,20.8,40.1,2.8,17.8,59.5,Too Dark,0.494,0.758,No,Yes,Leaf Miner,Stem Borer,Low
KR_01296,2026-001-01,Sangli,Tasgaon,21.2482,73.78003,Rice,Phule Samruddhi,Flowering,Sandy Loam,6.54,66.4,Bollworm,Mild,6.1,Whitefly,Sticky Trap,4,37.8,41.6,0.7,12.7,50.2,Good,0.763,0.683,Yes,Yes,Brown Spot,Stem Borer,Low
KR_01297,2026-004-06,Nashik,Dindori,18.80187,73.12163,Cotton,RCH-659,Flowering,Clay Loam,7.57,55.7,Bollworm,Mild,6.9,Fruit Fly,Sticky Trap,5,19.5,50.9,24.5,11.0,30.1,Good,0.993,0.484,Yes,Yes,Rust,Aphids,Low
KR_01298,2026-002-07,Pune,Indapur,19.1233,76.73063,Soybean,MACS-1188,Vegetative,Black Soil,6.62,53.7,Powdery Mildew,Moderate,27.7,Leaf Miner,Sticky Trap,5,24.1,41.6,18.5,3.3,23.4,Good,0.824,0.663,No,Yes,Powdery Mildew,Stem Borer,Medium
KR_01299,2026-008-16,Pune,Shirur,17.84925,75.17073,Cotton,RCH-659,Maturity,Clay Loam,6.29,58.2,Brown Spot,Mild,15.3,Thrips,Sticky Trap,10,37.2,61.7,38.7,15.8,29.8,Good,0.872,0.879,No,No,Blast,Aphids,Medium
KR_01300,2026-002-21,Ahmednagar,Shrigonda,20.04552,78.96586,Soybean,MACS-1188,Maturity,Sandy Loam,7.02,19.6,Brown Spot,Mild,14.1,Bollworm,Sticky Trap,10,27.1,75.1,7.2,7.6,55.7,Good,0.819,0.513,No,Yes,Thrips,Leaf Miner,Medium
KR_01301,2026-003-02,Nanded,Biloli,17.54302,76.50058,Cotton,Bt Cotton,Fruiting,Sandy Loam,7.71,58.7,Healthy,Mild,1.2,Bollworm,Pheromone Trap,0,25.0,65.5,14.4,8.6,34.5,Too Dark,0.248,0.982,Yes,Yes,Early Blight,Leaf Miner,Medium
KR_01302,2026-003-02,Sangli,Miraj,20.54981,76.90618,Rice,Basmati,Vegetative,Sandy Loam,6.18,48.8,Late Blight,Mild,19.1,Thrips,Pheromone Trap,14,26.4,63.7,6.3,3.1,55.1,Poor Framing,0.234,0.642,Yes,Yes,Powdery Mildew,Stem Borer,Medium
KR_01303,2026-001-24,Sangli,Miraj,19.75343,75.26358,Tomato,Hybrid-T1,Flowering,Clay Loam,6.62,60.6,Healthy,Mild,2.3,Bollworm,Light Trap,8,27.4,96.0,39.4,12.8,80.2,Good,0.911,0.935,No,No,Brown Spot,Bollworm,Medium
KR_01304,2026-002-17,Solapur,Akkalkot,20.28794,77.41439,Soybean,JS-335,Seedling,Clay Loam,7.09,73.2,Leaf Spot,Mild,9.4,Bollworm,Light Trap,6,31.4,68.9,0.7,20.9,27.1,Good,0.988,0.982,Yes,No,Downy Mildew,Aphids,Medium
KR_01305,2026-005-08,Ahmednagar,Rahata,21.2307,73.96808,Grapes,Sonaka,Flowering,Clay Loam,7.81,72.7,Healthy,Mild,3.5,Bollworm,Light Trap,8,19.6,85.7,44.1,12.0,55.0,Good,0.808,0.535,Yes,Yes,Rust,Stem Borer,Medium
KR_01306,2026-005-13,Solapur,Akkalkot,17.34351,75.00173,Grapes,Sharad Seedless,Fruiting,Sandy Loam,7.45,30.4,Brown Spot,Severe,52.1,Thrips,Pheromone Trap,0,23.2,95.5,23.1,4.0,54.8,Too Dark,0.468,0.85,Yes,Yes,Bacterial Blight,Thrips,High
KR_01307,2026-001-01,Satara,Wai,18.56914,74.83631,Potato,Local-P1,Seedling,Loamy,6.13,45.7,Brown Spot,Moderate,27.4,Thrips,Pheromone Trap,0,34.3,93.1,31.0,18.3,27.3,Too Bright,0.256,0.7,Yes,Yes,Bollworm,Aphids,Medium
KR_01308,2026-003-01,Nashik,Niphad,17.33118,77.93304,Tomato,Hybrid-T1,Vegetative,Clay Loam,7.95,63.4,Rust,Moderate,20.9,Aphids,Pheromone Trap,4,25.6,54.9,39.4,15.4,35.4,Good,0.955,0.589,Yes,Yes,Leaf Spot,Aphids,Medium
KR_01309,2026-006-25,Ahmednagar,Kopargaon,18.6884,74.611,Grapes,Sharad Seedless,Maturity,Loamy,6.12,17.0,Leaf Miner,Mild,7.6,Leaf Miner,Pheromone Trap,5,21.3,89.5,35.3,10.8,94.0,Good,0.937,0.647,No,Yes,Late Blight,Thrips,Medium
KR_01310,2026-005-28,Ahmednagar,Kopargaon,16.68031,75.66082,Cotton,RCH-659,Maturity,Clay Loam,6.59,23.5,Brown Spot,Severe,53.0,Whitefly,Pheromone Trap,6,22.2,83.1,44.9,8.3,92.8,Blurry,0.438,0.839,Yes,Yes,Rust,Bollworm,High
KR_01311,2026-004-12,Kolhapur,Shirol,17.00635,74.24478,Rice,Phule Samruddhi,Maturity,Clay Loam,7.3,64.5,Blast,Mild,15.4,Leaf Miner,Pheromone Trap,15,30.9,67.0,1.4,2.6,80.4,Good,0.761,0.718,Yes,Yes,Leaf Spot,Aphids,Medium
KR_01312,2026-003-24,Kolhapur,Hatkanangale,21.01638,75.32784,Tomato,Abhinav,Fruiting,Sandy Loam,7.08,30.2,Brown Spot,Moderate,37.0,Whitefly,Sticky Trap,1,24.1,52.8,2.4,10.7,49.0,Too Dark,0.593,0.949,Yes,Yes,Blast,Leaf Miner,Medium
KR_01313,2026-004-20,Nanded,Deglur,20.43425,78.21512,Grapes,Thompson Seedless,Maturity,Loamy,7.73,63.9,Blast,Moderate,47.1,Aphids,Pheromone Trap,11,34.1,36.3,4.5,4.4,86.4,Good,0.756,0.535,Yes,Yes,Brown Spot,Fruit Fly,Medium
KR_01314,2026-004-24,Ahmednagar,Kopargaon,16.50919,75.82191,Potato,Kufri Pukhraj,Vegetative,Loamy,7.85,59.6,Rust,Mild,11.6,Thrips,Light Trap,3,25.2,94.1,35.7,16.1,42.2,Good,0.921,0.868,No,No,Thrips,Aphids,Medium
KR_01315,2026-006-27,Kolhapur,Kagal,19.70693,76.88366,Potato,Kufri Jyoti,Flowering,Loamy,7.01,49.4,Stem Borer,Severe,82.4,Stem Borer,Pheromone Trap,0,33.7,66.5,41.0,13.4,74.4,Good,0.982,0.615,Yes,Yes,Bollworm,Fruit Fly,Medium
KR_01316,2026-008-14,Nanded,Hadgaon,16.95315,77.71339,Cotton,Bt Cotton,Fruiting,Clay Loam,7.5,66.8,Brown Spot,Mild,11.6,Bollworm,Sticky Trap,3,35.0,93.7,12.6,2.5,36.0,Good,0.849,0.809,No,No,Downy Mildew,Bollworm,Medium
KR_01317,2026-006-19,Kolhapur,Shirol,20.21545,74.79902,Soybean,JS-335,Fruiting,Clay Loam,7.46,21.0,Stem Borer,Severe,63.2,Fruit Fly,Pheromone Trap,0,37.1,95.8,15.8,20.8,73.1,Too Bright,0.259,0.838,No,Yes,Rust,Stem Borer,High
KR_01318,2026-003-03,Sangli,Tasgaon,20.36228,79.05839,Cotton,Bt Cotton,Fruiting,Sandy Loam,7.08,62.7,Stem Borer,Mild,14.4,Whitefly,Pheromone Trap,4,36.2,49.4,28.7,19.6,34.5,Too Bright,0.26,0.688,Yes,Yes,Bacterial Blight,Leaf Miner,Low
KR_01319,2026-001-12,Sangli,Jat,16.22585,73.8967,Soybean,JS-335,Fruiting,Loamy,6.15,26.6,Powdery Mildew,Severe,58.8,Leaf Miner,Light Trap,15,29.4,84.6,43.7,20.5,45.7,Too Bright,0.424,0.645,Yes,Yes,Early Blight,Bollworm,High
KR_01320,2026-001-25,Satara,Phaltan,19.08173,76.63631,Soybean,MAUS-71,Fruiting,Loamy,6.07,63.6,Thrips,Mild,12.1,Thrips,Sticky Trap,8,27.0,87.3,10.2,21.6,65.9,Good,0.972,0.599,No,Yes,Late Blight,Fruit Fly,Medium
KR_01321,2026-003-08,Satara,Karad,19.68413,79.48494,Potato,Kufri Pukhraj,Seedling,Loamy,6.91,58.0,Healthy,Mild,3.0,Bollworm,Light Trap,3,21.5,70.3,28.3,3.7,31.7,Too Bright,0.255,0.766,Yes,Yes,Late Blight,Fruit Fly,Medium
KR_01322,2026-001-06,Sangli,Kavathe Mahankal,20.24834,73.85413,Rice,Indrayani,Flowering,Sandy Loam,8.08,21.9,Thrips,Moderate,43.7,Bollworm,Sticky Trap,3,21.9,86.6,24.8,12.8,79.6,Too Bright,0.201,0.777,Yes,Yes,Rust,Fruit Fly,High
KR_01323,2026-007-05,Kolhapur,Shirol,21.20749,79.06291,Soybean,JS-335,Maturity,Sandy Loam,7.09,36.0,Leaf Mold,Moderate,29.7,Leaf Miner,Pheromone Trap,1,29.8,71.2,4.4,8.7,42.3,Too Bright,0.609,0.545,No,Yes,Downy Mildew,Stem Borer,Medium
KR_01324,2026-005-04,Nanded,Biloli,18.75938,79.21033,Soybean,MAUS-71,Seedling,Clay Loam,7.69,23.1,Late Blight,Mild,14.8,Whitefly,Pheromone Trap,15,18.9,95.1,11.7,10.0,28.0,Blurry,0.317,0.554,No,Yes,Leaf Miner,Whitefly,Medium
KR_01325,2026-004-21,Ahmednagar,Shrigonda,18.47023,79.29624,Grapes,Sharad Seedless,Maturity,Sandy Loam,7.24,59.1,Leaf Miner,Severe,81.4,Whitefly,Pheromone Trap,8,23.4,39.7,33.8,3.1,68.4,Blurry,0.406,0.532,Yes,Yes,Leaf Spot,Aphids,Medium
KR_01326,2026-006-03,Nanded,Deglur,17.19144,76.07261,Soybean,MACS-1188,Flowering,Loamy,7.93,21.6,Leaf Mold,Moderate,30.7,Leaf Miner,Sticky Trap,15,35.9,96.9,44.4,10.8,21.1,Blurry,0.201,0.471,Yes,Yes,Early Blight,Leaf Miner,Medium
KR_01327,2026-001-18,Nanded,Deglur,18.16652,76.76938,Grapes,Sharad Seedless,Maturity,Loamy,7.67,65.0,Brown Spot,Mild,15.0,Leaf Miner,Sticky Trap,8,37.1,95.7,34.9,4.4,47.3,Blurry,0.646,0.984,No,Yes,Early Blight,Aphids,Medium
KR_01328,2026-001-07,Sangli,Kavathe Mahankal,19.62852,78.6064,Tomato,Abhinav,Seedling,Clay Loam,6.52,57.3,Stem Borer,Moderate,43.3,Stem Borer,Pheromone Trap,0,18.1,69.0,32.6,2.0,85.4,Blurry,0.565,0.565,Yes,Yes,Rust,Whitefly,Medium
KR_01329,2026-004-08,Kolhapur,Shirol,20.51635,79.34099,Cotton,RCH-659,Flowering,Loamy,6.28,45.9,Downy Mildew,Severe,82.8,Whitefly,Light Trap,14,32.4,62.8,43.4,16.7,80.1,Blurry,0.22,0.719,Yes,Yes,Leaf Spot,Stem Borer,Medium
KR_01330,2026-008-26,Nanded,Hadgaon,21.46076,78.09557,Cotton,Bunny Bt,Seedling,Sandy Loam,8.18,68.5,Late Blight,Mild,10.8,Stem Borer,Pheromone Trap,0,31.2,75.1,38.1,9.6,57.8,Poor Framing,0.406,0.551,No,Yes,Thrips,Aphids,Medium
KR_01331,2026-004-23,Kolhapur,Shirol,20.06479,74.65728,Tomato,Abhinav,Fruiting,Sandy Loam,6.27,24.0,Brown Spot,Severe,75.4,Whitefly,Pheromone Trap,0,23.5,65.8,16.3,6.7,24.8,Good,0.931,0.776,Yes,No,Stem Borer,Leaf Miner,Medium
KR_01332,2026-002-12,Kolhapur,Kagal,16.45187,74.04672,Rice,Basmati,Vegetative,Loamy,6.27,48.8,Healthy,Mild,0.1,Bollworm,Pheromone Trap,0,22.2,96.1,29.8,2.1,73.9,Too Dark,0.316,0.872,Yes,Yes,Bollworm,Aphids,Medium
KR_01333,2026-008-24,Kolhapur,Shirol,20.03749,76.02029,Cotton,RCH-659,Fruiting,Black Soil,6.65,40.1,Bacterial Blight,Mild,13.7,Bollworm,Light Trap,11,34.4,54.5,19.8,10.0,89.0,Too Bright,0.5,0.693,Yes,Yes,Bollworm,Fruit Fly,Low
KR_01334,2026-003-15,Ahmednagar,Shrigonda,18.20479,74.6361,Grapes,Sonaka,Maturity,Clay Loam,6.28,45.0,Leaf Mold,Moderate,45.5,Thrips,Light Trap,5,24.6,55.2,8.3,11.8,24.7,Too Dark,0.48,0.73,Yes,Yes,Bacterial Blight,Aphids,Medium
KR_01335,2026-001-08,Sangli,Miraj,20.0722,73.92133,Soybean,JS-335,Seedling,Clay Loam,7.52,39.8,Bacterial Blight,Mild,13.9,Fruit Fly,Light Trap,13,31.6,75.7,19.4,15.7,22.6,Blurry,0.56,0.525,Yes,Yes,Downy Mildew,Whitefly,Medium
KR_01336,2026-002-11,Satara,Phaltan,17.41319,73.36146,Soybean,MAUS-71,Vegetative,Loamy,6.53,16.2,Leaf Spot,Mild,18.8,Aphids,Pheromone Trap,11,18.4,57.3,22.6,8.5,59.2,Good,0.843,0.826,Yes,No,Bacterial Blight,Leaf Miner,Medium
KR_01337,2026-007-22,Pune,Indapur,17.06072,76.95598,Tomato,Arka Rakshak,Fruiting,Loamy,6.7,71.2,Bacterial Blight,Severe,57.0,Fruit Fly,Light Trap,12,36.5,76.4,14.8,21.4,91.6,Too Dark,0.394,0.923,Yes,Yes,Early Blight,Fruit Fly,Medium
KR_01338,2026-003-14,Kolhapur,Shirol,18.55186,76.47025,Rice,Phule Samruddhi,Fruiting,Black Soil,7.52,51.0,Leaf Mold,Severe,84.8,Aphids,Light Trap,3,23.3,61.7,27.1,14.7,51.6,Good,0.898,0.662,Yes,Yes,Bollworm,Stem Borer,Medium
KR_01339,2026-003-04,Sangli,Jat,18.66886,76.83406,Rice,Phule Samruddhi,Fruiting,Black Soil,6.2,67.7,Stem Borer,Severe,84.6,Aphids,Light Trap,14,19.5,82.8,30.6,21.9,43.5,Poor Framing,0.534,0.916,Yes,Yes,Early Blight,Aphids,High
KR_01340,2026-003-10,Satara,Phaltan,20.26715,78.21073,Cotton,Bt Cotton,Maturity,Black Soil,7.39,68.9,Leaf Mold,Moderate,25.1,Whitefly,Pheromone Trap,7,31.8,44.5,4.2,8.7,50.6,Poor Framing,0.556,0.775,Yes,Yes,Thrips,Aphids,Medium
KR_01341,2026-004-24,Nashik,Malegaon,18.10793,75.09971,Cotton,Bunny Bt,Seedling,Clay Loam,6.03,18.2,Rust,Moderate,29.4,Aphids,Pheromone Trap,2,31.5,91.3,2.8,19.7,59.7,Good,0.938,0.637,Yes,Yes,Thrips,Aphids,Medium
KR_01342,2026-008-16,Nashik,Malegaon,18.8352,78.5573,Cotton,Bunny Bt,Maturity,Sandy Loam,6.05,30.9,Healthy,Mild,1.5,Bollworm,Sticky Trap,2,18.5,74.0,21.1,3.9,61.8,Good,0.919,0.829,No,No,Bollworm,Thrips,Medium
KR_01343,2026-005-06,Nashik,Sinnar,18.39891,75.23046,Grapes,Thompson Seedless,Seedling,Sandy Loam,6.28,36.4,Early Blight,Moderate,29.6,Fruit Fly,Pheromone Trap,0,23.8,94.1,8.1,9.8,52.1,Good,0.973,0.583,No,Yes,Brown Spot,Thrips,Medium
KR_01344,2026-002-27,Nanded,Hadgaon,20.57748,79.25118,Tomato,Hybrid-T1,Seedling,Loamy,7.95,64.8,Early Blight,Severe,58.7,Bollworm,Light Trap,3,27.5,88.8,24.3,14.3,86.4,Too Dark,0.281,0.606,Yes,Yes,Early Blight,Whitefly,High
KR_01345,2026-006-20,Satara,Phaltan,17.21576,78.97323,Cotton,Bunny Bt,Seedling,Loamy,8.17,35.8,Early Blight,Severe,74.4,Whitefly,Pheromone Trap,8,31.4,40.5,13.0,5.6,79.2,Good,0.855,0.814,Yes,No,Rust,Leaf Miner,Medium
KR_01346,2026-007-23,Pune,Daund,16.0212,74.79469,Tomato,Hybrid-T1,Fruiting,Clay Loam,7.93,38.5,Late Blight,Moderate,26.3,Thrips,Light Trap,10,19.9,44.3,31.1,21.6,73.1,Poor Framing,0.225,0.79,No,Yes,Bollworm,Aphids,Medium
KR_01347,2026-008-11,Nashik,Niphad,16.86466,76.30598,Cotton,Bunny Bt,Fruiting,Clay Loam,7.47,21.4,Bacterial Blight,Mild,7.8,Aphids,Pheromone Trap,4,18.8,37.7,2.0,3.2,51.7,Poor Framing,0.639,0.635,Yes,Yes,Downy Mildew,Aphids,Low
KR_01348,2026-006-10,Kolhapur,Karveer,18.03322,75.68572,Grapes,Sonaka,Maturity,Clay Loam,8.12,54.3,Early Blight,Moderate,28.2,Stem Borer,Sticky Trap,4,21.7,53.1,17.0,15.0,92.9,Poor Framing,0.386,0.916,No,Yes,Leaf Miner,Bollworm,Medium
KR_01349,2026-004-15,Ahmednagar,Sangamner,17.83093,76.02601,Grapes,Sonaka,Flowering,Black Soil,7.8,45.9,Leaf Spot,Severe,79.5,Stem Borer,Light Trap,10,31.5,57.6,36.8,9.2,63.5,Good,0.947,0.457,Yes,Yes,Powdery Mildew,Whitefly,Medium
KR_01350,2026-001-09,Sangli,Tasgaon,17.00286,78.47955,Cotton,RCH-659,Maturity,Clay Loam,7.4,20.3,Bacterial Blight,Mild,7.8,Thrips,Pheromone Trap,2,32.6,56.3,21.6,13.8,47.6,Poor Framing,0.289,0.796,No,Yes,Downy Mildew,Leaf Miner,Low
KR_01351,2026-002-23,Pune,Indapur,16.79157,75.79268,Rice,Indrayani,Vegetative,Sandy Loam,6.1,19.6,Brown Spot,Moderate,24.7,Fruit Fly,Sticky Trap,2,18.3,84.1,16.3,17.1,43.4,Poor Framing,0.286,0.533,Yes,Yes,Thrips,Aphids,Medium
KR_01352,2026-005-23,Kolhapur,Karveer,20.93773,76.62045,Soybean,JS-335,Fruiting,Clay Loam,6.44,18.3,Blast,Moderate,36.2,Thrips,Pheromone Trap,13,28.0,63.8,28.1,3.0,93.3,Too Dark,0.27,0.614,Yes,Yes,Downy Mildew,Leaf Miner,Medium
KR_01353,2026-004-26,Nashik,Sinnar,21.11107,78.32728,Cotton,Bunny Bt,Flowering,Loamy,7.14,45.3,Bollworm,Severe,76.0,Leaf Miner,Pheromone Trap,0,28.6,56.1,8.1,17.7,52.0,Too Dark,0.415,0.55,Yes,Yes,Brown Spot,Thrips,Medium
KR_01354,2026-007-03,Satara,Wai,18.46359,78.29501,Grapes,Sonaka,Flowering,Sandy Loam,8.03,64.2,Bacterial Blight,Severe,55.8,Bollworm,Pheromone Trap,8,21.5,84.2,30.6,7.1,38.9,Blurry,0.387,0.507,Yes,Yes,Bollworm,Stem Borer,High
KR_01355,2026-007-26,Solapur,Akkalkot,20.78549,75.57306,Potato,Kufri Pukhraj,Fruiting,Sandy Loam,8.07,52.0,Stem Borer,Moderate,49.2,Fruit Fly,Pheromone Trap,15,18.4,50.5,42.1,17.2,70.7,Too Dark,0.362,0.731,Yes,Yes,Leaf Mold,Fruit Fly,Medium
KR_01356,2026-002-25,Pune,Shirur,19.66972,74.77497,Potato,Kufri Pukhraj,Vegetative,Loamy,7.91,47.7,Blast,Mild,6.8,Fruit Fly,Sticky Trap,5,27.4,71.9,36.2,14.9,79.2,Good,0.873,0.717,Yes,Yes,Early Blight,Aphids,Medium
KR_01357,2026-002-06,Satara,Koregaon,21.11709,73.18072,Grapes,Sonaka,Seedling,Clay Loam,6.4,15.4,Stem Borer,Mild,13.7,Whitefly,Sticky Trap,4,19.5,47.3,36.6,9.9,77.0,Good,0.92,0.607,No,Yes,Blast,Thrips,Low
KR_01358,2026-008-13,Nanded,Hadgaon,17.00975,73.79426,Potato,Kufri Jyoti,Fruiting,Loamy,6.08,21.7,Bacterial Blight,Moderate,38.1,Aphids,Sticky Trap,2,31.3,63.8,28.6,10.0,63.1,Poor Framing,0.206,0.828,Yes,Yes,Powdery Mildew,Bollworm,Medium
KR_01359,2026-001-05,Sangli,Tasgaon,20.51456,74.13207,Tomato,Arka Rakshak,Maturity,Loamy,6.57,28.1,Leaf Miner,Severe,81.8,Stem Borer,Pheromone Trap,0,25.5,39.6,12.8,11.9,52.7,Good,0.778,0.977,No,No,Leaf Mold,Aphids,Medium
KR_01360,2026-003-09,Nanded,Biloli,18.93171,74.21144,Soybean,JS-335,Seedling,Black Soil,7.37,54.4,Leaf Mold,Severe,68.2,Aphids,Sticky Trap,5,30.5,70.8,5.1,18.7,32.6,Blurry,0.5,0.457,Yes,Yes,Bacterial Blight,Whitefly,Medium
KR_01361,2026-002-13,Pune,Shirur,16.76358,77.78418,Tomato,Hybrid-T1,Fruiting,Sandy Loam,6.35,23.9,Leaf Miner,Mild,18.3,Bollworm,Sticky Trap,2,20.0,64.4,15.6,7.8,59.7,Poor Framing,0.297,0.931,Yes,Yes,Rust,Bollworm,Medium
KR_01362,2026-002-16,Nanded,Hadgaon,16.62117,75.81454,Grapes,Sharad Seedless,Maturity,Sandy Loam,7.62,72.2,Healthy,Mild,0.9,Bollworm,Pheromone Trap,0,24.7,67.0,39.4,17.1,52.4,Good,0.945,0.542,No,Yes,Bacterial Blight,Stem Borer,Medium
KR_01363,2026-005-14,Sangli,Tasgaon,19.52394,73.15051,Cotton,Bt Cotton,Flowering,Loamy,6.17,46.3,Brown Spot,Mild,5.9,Whitefly,Pheromone Trap,0,26.9,85.1,0.1,7.2,44.0,Too Dark,0.331,0.952,Yes,Yes,Early Blight,Aphids,Medium
KR_01364,2026-003-19,Nanded,Loha,16.27231,73.04509,Cotton,Bunny Bt,Vegetative,Black Soil,7.43,38.6,Powdery Mildew,Moderate,44.9,Whitefly,Sticky Trap,6,24.6,91.4,3.8,20.1,53.1,Blurry,0.489,0.98,No,Yes,Leaf Mold,Thrips,High
KR_01365,2026-005-28,Solapur,Mangalwedhe,20.65713,76.55643,Rice,Indrayani,Seedling,Clay Loam,6.24,60.1,Leaf Spot,Mild,8.8,Stem Borer,Sticky Trap,14,25.7,37.0,39.9,13.9,47.3,Good,0.826,0.667,No,Yes,Powdery Mildew,Aphids,Low
KR_01366,2026-002-08,Nanded,Hadgaon,19.95458,75.99577,Cotton,RCH-659,Flowering,Clay Loam,8.07,66.5,Bacterial Blight,Moderate,47.4,Fruit Fly,Light Trap,4,30.6,40.6,40.2,17.7,39.1,Good,0.862,0.807,No,No,Powdery Mildew,Stem Borer,Medium
KR_01367,2026-008-25,Pune,Daund,21.02653,73.64869,Tomato,Arka Rakshak,Fruiting,Sandy Loam,7.75,39.1,Rust,Moderate,47.1,Fruit Fly,Pheromone Trap,3,23.4,60.1,1.3,11.7,62.6,Too Bright,0.243,0.678,Yes,Yes,Bollworm,Aphids,Medium
KR_01368,2026-004-12,Solapur,Pandharpur,20.86371,77.32562,Potato,Local-P1,Flowering,Clay Loam,8.11,33.3,Blast,Mild,11.6,Leaf Miner,Sticky Trap,6,35.2,80.9,2.7,20.3,67.7,Poor Framing,0.51,0.737,Yes,Yes,Blast,Aphids,Medium
KR_01369,2026-005-05,Nanded,Biloli,21.38159,79.22256,Potato,Kufri Pukhraj,Vegetative,Loamy,7.38,35.4,Rust,Severe,71.9,Thrips,Pheromone Trap,1,35.9,73.6,25.9,10.0,51.8,Poor Framing,0.473,0.735,Yes,Yes,Late Blight,Stem Borer,Medium
KR_01370,2026-001-28,Nanded,Biloli,19.22045,74.51137,Cotton,RCH-659,Flowering,Loamy,7.56,51.2,Blast,Severe,69.3,Leaf Miner,Light Trap,7,21.3,96.2,21.3,8.7,93.5,Good,0.958,0.913,Yes,No,Downy Mildew,Thrips,High
KR_01371,2026-006-26,Pune,Baramati,18.3327,74.59798,Soybean,MACS-1188,Flowering,Loamy,6.2,38.9,Early Blight,Moderate,46.5,Whitefly,Sticky Trap,14,26.3,60.3,36.0,12.6,51.5,Good,0.799,0.698,No,Yes,Late Blight,Fruit Fly,Medium
KR_01372,2026-006-03,Pune,Indapur,17.11862,78.66321,Rice,Indrayani,Seedling,Black Soil,7.03,30.9,Bacterial Blight,Moderate,28.8,Fruit Fly,Pheromone Trap,8,30.8,45.5,36.6,14.6,59.9,Good,0.795,0.788,Yes,No,Early Blight,Bollworm,Medium
KR_01373,2026-006-08,Satara,Phaltan,16.67659,78.91403,Tomato,Arka Rakshak,Maturity,Loamy,7.98,54.6,Late Blight,Mild,13.8,Fruit Fly,Light Trap,3,23.1,80.9,14.5,15.0,66.6,Too Dark,0.597,0.652,Yes,Yes,Brown Spot,Bollworm,Medium
KR_01374,2026-007-10,Solapur,Mangalwedhe,18.55595,78.26189,Tomato,Arka Rakshak,Seedling,Loamy,7.88,43.8,Bacterial Blight,Mild,18.8,Thrips,Pheromone Trap,0,24.8,64.3,40.0,5.4,44.3,Good,0.999,0.464,Yes,Yes,Stem Borer,Stem Borer,Medium
KR_01375,2026-002-26,Nashik,Sinnar,18.9429,77.4236,Grapes,Sonaka,Flowering,Loamy,7.64,74.3,Powdery Mildew,Mild,18.8,Leaf Miner,Light Trap,1,26.5,81.4,26.6,4.3,22.0,Too Bright,0.589,0.788,No,Yes,Rust,Stem Borer,Medium
KR_01376,2026-008-06,Satara,Phaltan,18.8538,76.19205,Cotton,Bunny Bt,Seedling,Sandy Loam,6.74,40.5,Leaf Miner,Moderate,33.1,Whitefly,Pheromone Trap,0,20.0,91.7,14.3,4.8,94.3,Good,0.854,0.451,No,Yes,Rust,Thrips,Medium
KR_01377,2026-002-10,Ahmednagar,Sangamner,19.51379,73.73333,Rice,Indrayani,Maturity,Sandy Loam,7.95,30.9,Leaf Mold,Severe,69.2,Thrips,Pheromone Trap,1,35.0,74.0,34.3,14.4,81.1,Too Bright,0.634,0.723,No,Yes,Rust,Aphids,Medium
KR_01378,2026-004-25,Pune,Indapur,20.60981,73.8867,Grapes,Sonaka,Fruiting,Loamy,7.85,25.2,Leaf Mold,Severe,82.1,Bollworm,Pheromone Trap,10,25.4,67.7,41.7,8.4,64.9,Too Bright,0.47,0.697,Yes,Yes,Rust,Leaf Miner,Medium
KR_01379,2026-004-19,Nanded,Biloli,19.26168,73.18665,Tomato,Arka Rakshak,Fruiting,Sandy Loam,7.45,51.0,Blast,Mild,10.8,Stem Borer,Pheromone Trap,0,27.4,80.4,4.5,9.4,36.4,Good,0.932,0.739,Yes,Yes,Brown Spot,Stem Borer,Medium
KR_01380,2026-002-02,Solapur,Pandharpur,17.8755,78.25517,Cotton,Bt Cotton,Vegetative,Clay Loam,7.69,53.0,Bacterial Blight,Severe,83.7,Stem Borer,Pheromone Trap,0,35.1,61.4,16.1,15.5,88.0,Blurry,0.208,0.713,Yes,Yes,Brown Spot,Thrips,Medium
KR_01381,2026-006-02,Pune,Indapur,16.71242,74.07376,Rice,Phule Samruddhi,Flowering,Clay Loam,8.01,46.6,Bollworm,Mild,17.8,Whitefly,Pheromone Trap,1,28.0,96.9,27.3,6.7,50.4,Good,0.834,0.883,Yes,No,Rust,Aphids,Medium
KR_01382,2026-008-26,Nanded,Loha,21.06631,79.02249,Tomato,Arka Rakshak,Vegetative,Sandy Loam,7.93,30.1,Brown Spot,Severe,78.0,Whitefly,Sticky Trap,6,19.5,45.7,14.9,18.4,61.3,Good,0.855,0.878,Yes,No,Rust,Bollworm,Medium
KR_01383,2026-001-02,Sangli,Tasgaon,20.68655,78.53747,Potato,Kufri Pukhraj,Vegetative,Clay Loam,7.24,60.6,Downy Mildew,Moderate,46.3,Thrips,Light Trap,8,23.1,90.0,42.8,13.3,24.0,Good,0.955,0.809,Yes,No,Rust,Aphids,High
KR_01384,2026-007-24,Kolhapur,Shirol,17.88369,77.64424,Rice,Phule Samruddhi,Vegetative,Sandy Loam,7.24,34.2,Bollworm,Moderate,26.6,Leaf Miner,Pheromone Trap,2,32.1,47.7,42.4,19.4,48.1,Good,0.833,0.782,Yes,No,Late Blight,Thrips,Medium
KR_01385,2026-002-16,Satara,Phaltan,17.49116,76.32229,Rice,Indrayani,Fruiting,Loamy,6.45,68.1,Leaf Spot,Mild,12.9,Stem Borer,Light Trap,4,27.0,67.8,29.3,20.0,94.7,Too Bright,0.285,0.568,Yes,Yes,Late Blight,Bollworm,Medium
KR_01386,2026-003-22,Pune,Baramati,16.26548,74.59386,Cotton,Bunny Bt,Vegetative,Black Soil,7.11,37.4,Late Blight,Mild,12.9,Whitefly,Sticky Trap,7,31.1,89.5,2.4,5.6,21.2,Too Dark,0.613,0.497,Yes,Yes,Blast,Aphids,Medium
KR_01387,2026-006-25,Pune,Daund,19.19194,79.0437,Grapes,Sharad Seedless,Fruiting,Sandy Loam,8.07,62.0,Rust,Mild,17.8,Whitefly,Light Trap,7,24.2,57.0,14.9,19.7,35.6,Too Dark,0.25,0.629,Yes,Yes,Late Blight,Whitefly,Medium
KR_01388,2026-001-15,Pune,Daund,20.95958,73.90812,Potato,Local-P1,Maturity,Clay Loam,6.82,29.1,Healthy,Mild,2.7,Bollworm,Sticky Trap,4,31.8,46.9,42.6,3.6,47.4,Poor Framing,0.643,0.618,Yes,Yes,Thrips,Fruit Fly,Low
KR_01389,2026-008-23,Solapur,Pandharpur,18.07084,73.11287,Rice,Phule Samruddhi,Seedling,Sandy Loam,6.97,58.0,Thrips,Severe,85.0,Leaf Miner,Pheromone Trap,5,34.3,65.1,7.1,20.7,87.8,Blurry,0.632,0.754,No,Yes,Late Blight,Thrips,Medium
KR_01390,2026-005-27,Nanded,Biloli,16.29992,76.79036,Soybean,JS-335,Maturity,Clay Loam,7.82,70.1,Thrips,Mild,15.0,Thrips,Sticky Trap,12,34.0,95.3,22.8,6.1,54.7,Good,0.79,0.745,Yes,Yes,Blast,Bollworm,Medium
KR_01391,2026-008-18,Sangli,Jat,18.11251,77.71399,Potato,Kufri Pukhraj,Seedling,Clay Loam,6.69,64.0,Powdery Mildew,Moderate,50.0,Stem Borer,Pheromone Trap,13,24.4,50.0,26.3,2.6,25.4,Good,0.792,0.921,Yes,No,Bollworm,Leaf Miner,Medium
KR_01392,2026-001-02,Sangli,Miraj,17.40605,78.78877,Soybean,MAUS-71,Maturity,Sandy Loam,7.68,50.9,Thrips,Mild,6.9,Leaf Miner,Pheromone Trap,7,27.0,37.7,42.0,15.6,37.1,Blurry,0.264,0.797,Yes,Yes,Rust,Thrips,Low
KR_01393,2026-008-11,Kolhapur,Shirol,18.53784,78.85201,Soybean,MAUS-71,Fruiting,Loamy,6.59,66.0,Healthy,Mild,3.4,Bollworm,Pheromone Trap,0,26.3,49.0,13.4,16.9,64.1,Good,0.95,0.853,Yes,No,Late Blight,Fruit Fly,Low
KR_01394,2026-006-27,Satara,Karad,17.89921,77.20938,Cotton,Bunny Bt,Vegetative,Loamy,7.67,60.3,Rust,Severe,81.5,Whitefly,Pheromone Trap,0,37.2,77.8,19.0,19.7,59.1,Too Dark,0.232,0.644,Yes,Yes,Leaf Mold,Fruit Fly,Medium
KR_01395,2026-003-09,Ahmednagar,Shrigonda,16.44523,75.73889,Potato,Kufri Pukhraj,Flowering,Black Soil,7.24,40.2,Leaf Mold,Mild,10.8,Stem Borer,Pheromone Trap,0,24.8,90.6,14.1,15.9,28.7,Good,0.805,0.767,Yes,No,Early Blight,Thrips,Medium
KR_01396,2026-002-19,Sangli,Jat,18.80918,75.42575,Potato,Kufri Jyoti,Seedling,Loamy,6.18,23.7,Leaf Mold,Moderate,47.1,Stem Borer,Pheromone Trap,9,34.8,79.1,17.5,11.7,42.8,Blurry,0.457,0.897,Yes,Yes,Downy Mildew,Whitefly,Medium
KR_01397,2026-004-04,Ahmednagar,Sangamner,16.3215,74.05324,Cotton,Bt Cotton,Flowering,Loamy,6.86,67.5,Stem Borer,Mild,16.4,Aphids,Pheromone Trap,0,26.4,43.4,0.2,4.4,56.2,Blurry,0.464,0.838,No,Yes,Rust,Leaf Miner,Medium
KR_01398,2026-002-01,Pune,Baramati,17.34044,79.47527,Cotton,Bt Cotton,Maturity,Clay Loam,7.47,28.6,Downy Mildew,Mild,11.3,Thrips,Sticky Trap,4,18.2,46.9,18.8,6.1,75.3,Blurry,0.405,0.661,Yes,Yes,Stem Borer,Stem Borer,Low
KR_01399,2026-001-08,Kolhapur,Shirol,20.60953,77.61458,Rice,Basmati,Vegetative,Sandy Loam,6.45,28.1,Stem Borer,Moderate,43.0,Thrips,Light Trap,5,35.3,97.2,9.3,17.9,29.5,Poor Framing,0.303,0.634,Yes,Yes,Leaf Spot,Thrips,High
KR_01400,2026-007-13,Solapur,Akkalkot,20.71321,77.37189,Cotton,Bunny Bt,Flowering,Sandy Loam,8.13,54.7,Blast,Moderate,26.0,Leaf Miner,Pheromone Trap,0,32.2,40.9,41.9,12.1,25.9,Blurry,0.558,0.466,Yes,Yes,Powdery Mildew,Leaf Miner,Medium
KR_01401,2026-008-12,Ahmednagar,Sangamner,18.15756,77.68027,Potato,Kufri Jyoti,Fruiting,Loamy,7.12,54.0,Stem Borer,Moderate,48.5,Whitefly,Pheromone Trap,6,18.2,47.7,30.8,14.2,73.8,Poor Framing,0.499,0.6,Yes,Yes,Leaf Miner,Whitefly,Medium
KR_01402,2026-008-26,Nashik,Niphad,19.48118,74.28658,Cotton,Bt Cotton,Vegetative,Loamy,7.56,59.4,Stem Borer,Severe,65.7,Leaf Miner,Pheromone Trap,7,27.0,41.2,28.4,2.9,80.5,Too Bright,0.529,0.479,Yes,Yes,Rust,Aphids,Medium
KR_01403,2026-004-13,Pune,Shirur,19.85555,78.02365,Tomato,Hybrid-T1,Flowering,Clay Loam,7.75,51.2,Blast,Moderate,24.8,Leaf Miner,Sticky Trap,9,28.1,45.7,0.2,16.3,44.6,Good,0.897,0.689,Yes,Yes,Bacterial Blight,Bollworm,Medium
KR_01404,2026-004-22,Pune,Baramati,20.71415,75.86301,Tomato,Hybrid-T1,Maturity,Loamy,8.11,57.2,Brown Spot,Moderate,23.3,Fruit Fly,Pheromone Trap,11,23.4,93.5,30.0,2.5,84.3,Good,0.891,0.753,No,No,Brown Spot,Stem Borer,Medium
KR_01405,2026-004-13,Kolhapur,Hatkanangale,18.5191,78.41876,Grapes,Thompson Seedless,Seedling,Loamy,8.02,47.2,Downy Mildew,Moderate,38.8,Bollworm,Pheromone Trap,0,32.1,71.7,4.1,9.4,46.0,Blurry,0.535,0.728,No,Yes,Early Blight,Fruit Fly,Medium
KR_01406,2026-002-03,Solapur,Mangalwedhe,19.18545,74.85105,Rice,Basmati,Fruiting,Black Soil,6.91,21.4,Brown Spot,Moderate,40.1,Stem Borer,Pheromone Trap,0,32.1,66.0,1.9,20.7,30.2,Poor Framing,0.263,0.937,Yes,Yes,Bollworm,Whitefly,Medium
KR_01407,2026-006-13,Satara,Phaltan,20.17093,76.75596,Grapes,Thompson Seedless,Fruiting,Sandy Loam,8.15,41.6,Healthy,Mild,1.0,Bollworm,Light Trap,4,23.9,50.8,10.1,19.9,47.1,Blurry,0.2,0.796,Yes,Yes,Leaf Mold,Aphids,Low
KR_01408,2026-001-25,Sangli,Kavathe Mahankal,20.43041,78.45346,Rice,Basmati,Fruiting,Sandy Loam,7.05,34.1,Downy Mildew,Moderate,26.0,Thrips,Pheromone Trap,0,25.8,80.7,0.3,20.9,94.6,Good,0.997,0.933,Yes,No,Rust,Whitefly,Medium
KR_01409,2026-007-04,Sangli,Kavathe Mahankal,18.9359,73.37787,Rice,Phule Samruddhi,Vegetative,Black Soil,6.3,50.4,Stem Borer,Moderate,45.2,Stem Borer,Sticky Trap,6,23.4,66.2,22.9,3.0,22.4,Good,0.879,0.615,Yes,Yes,Brown Spot,Stem Borer,Medium
KR_01410,2026-005-04,Sangli,Kavathe Mahankal,20.22712,73.08447,Soybean,MACS-1188,Maturity,Black Soil,8.13,70.5,Rust,Mild,12.8,Whitefly,Pheromone Trap,7,26.8,82.8,10.4,8.2,57.2,Good,0.961,0.857,No,No,Bacterial Blight,Aphids,Medium
KR_01411,2026-005-06,Nashik,Dindori,19.15907,75.06672,Potato,Kufri Jyoti,Fruiting,Black Soil,7.15,23.6,Early Blight,Mild,10.3,Thrips,Pheromone Trap,11,33.9,46.0,28.4,4.1,92.5,Too Dark,0.495,0.556,Yes,Yes,Late Blight,Aphids,Low
KR_01412,2026-004-25,Kolhapur,Shirol,20.5413,75.03784,Grapes,Sharad Seedless,Maturity,Black Soil,7.6,28.7,Brown Spot,Mild,8.7,Fruit Fly,Light Trap,11,26.4,64.5,38.4,2.7,67.5,Too Bright,0.274,0.843,Yes,Yes,Thrips,Bollworm,Medium
KR_01413,2026-004-17,Kolhapur,Shirol,19.56216,76.66714,Grapes,Sharad Seedless,Vegetative,Sandy Loam,6.63,55.1,Powdery Mildew,Mild,5.3,Bollworm,Sticky Trap,7,22.8,78.5,25.6,6.1,66.8,Poor Framing,0.569,0.831,No,Yes,Brown Spot,Leaf Miner,Medium
KR_01414,2026-001-28,Satara,Phaltan,18.59558,75.26363,Tomato,Abhinav,Seedling,Clay Loam,6.26,28.4,Leaf Miner,Mild,6.2,Stem Borer,Light Trap,1,24.8,87.2,18.3,11.0,25.4,Good,0.997,0.872,Yes,No,Blast,Thrips,Medium
KR_01415,2026-007-11,Nashik,Dindori,21.07027,76.44933,Grapes,Thompson Seedless,Fruiting,Clay Loam,6.07,45.2,Brown Spot,Mild,8.6,Aphids,Pheromone Trap,0,22.2,35.8,19.7,12.6,28.3,Too Bright,0.49,0.594,Yes,Yes,Powdery Mildew,Thrips,Low
KR_01416,2026-003-24,Sangli,Kavathe Mahankal,16.35279,79.00229,Tomato,Abhinav,Fruiting,Sandy Loam,8.09,56.9,Leaf Spot,Severe,76.1,Whitefly,Sticky Trap,8,25.1,46.2,20.0,8.0,80.5,Poor Framing,0.565,0.895,Yes,Yes,Leaf Miner,Fruit Fly,Medium
KR_01417,2026-004-17,Ahmednagar,Kopargaon,19.88958,78.30642,Tomato,Hybrid-T1,Seedling,Black Soil,6.69,41.0,Bollworm,Mild,16.8,Fruit Fly,Pheromone Trap,2,24.4,62.0,33.1,11.9,22.8,Good,0.765,0.673,Yes,Yes,Blast,Aphids,Medium
KR_01418,2026-003-09,Nashik,Dindori,20.72715,74.45171,Grapes,Thompson Seedless,Seedling,Loamy,7.67,34.2,Downy Mildew,Mild,8.7,Leaf Miner,Pheromone Trap,12,32.9,56.7,9.1,6.8,35.5,Too Dark,0.46,0.582,Yes,Yes,Bollworm,Fruit Fly,Low
KR_01419,2026-007-19,Sangli,Kavathe Mahankal,16.29478,73.50135,Tomato,Abhinav,Fruiting,Loamy,6.89,47.1,Healthy,Mild,4.1,Bollworm,Sticky Trap,13,21.3,52.0,30.5,19.5,30.9,Good,0.844,0.809,Yes,No,Downy Mildew,Thrips,Low
KR_01420,2026-003-23,Nanded,Deglur,18.64771,77.7017,Rice,Indrayani,Fruiting,Black Soil,6.46,48.4,Powdery Mildew,Moderate,34.1,Aphids,Light Trap,13,35.4,46.7,23.7,13.4,85.1,Good,0.949,0.534,Yes,Yes,Late Blight,Bollworm,Medium
KR_01421,2026-001-08,Nashik,Malegaon,18.80736,77.53184,Grapes,Sonaka,Flowering,Loamy,7.51,30.0,Leaf Mold,Mild,18.7,Whitefly,Pheromone Trap,6,25.4,39.1,24.3,5.3,60.4,Too Dark,0.6,0.945,No,Yes,Brown Spot,Aphids,Medium
KR_01422,2026-007-06,Sangli,Kavathe Mahankal,17.23562,74.31966,Rice,Basmati,Vegetative,Sandy Loam,7.04,34.6,Late Blight,Severe,50.3,Stem Borer,Light Trap,6,26.9,61.9,35.7,13.7,52.8,Good,0.773,0.53,Yes,Yes,Thrips,Aphids,Medium
KR_01423,2026-007-07,Ahmednagar,Rahata,18.12264,79.2427,Rice,Phule Samruddhi,Fruiting,Sandy Loam,6.11,55.8,Leaf Miner,Severe,56.1,Bollworm,Sticky Trap,14,25.2,62.7,23.4,17.8,68.0,Blurry,0.41,0.923,No,Yes,Early Blight,Bollworm,Medium
KR_01424,2026-005-28,Nashik,Dindori,20.68562,74.90784,Soybean,MACS-1188,Fruiting,Loamy,7.64,73.0,Stem Borer,Severe,76.9,Thrips,Sticky Trap,12,35.8,54.6,2.2,18.5,41.3,Poor Framing,0.425,0.758,Yes,Yes,Downy Mildew,Whitefly,Medium
KR_01425,2026-006-03,Nashik,Dindori,17.25806,73.61761,Cotton,Bunny Bt,Seedling,Sandy Loam,6.91,61.1,Downy Mildew,Mild,19.8,Thrips,Pheromone Trap,6,34.7,54.3,13.1,2.1,67.7,Blurry,0.477,0.95,Yes,Yes,Stem Borer,Thrips,Medium
KR_01426,2026-003-10,Pune,Daund,18.81298,76.42582,Soybean,MACS-1188,Fruiting,Sandy Loam,7.64,59.4,Brown Spot,Mild,7.7,Stem Borer,Pheromone Trap,0,23.9,72.2,28.7,10.8,65.9,Good,0.8,0.898,Yes,No,Bollworm,Leaf Miner,Medium
KR_01427,2026-001-15,Kolhapur,Shirol,21.30422,75.70669,Cotton,RCH-659,Maturity,Clay Loam,6.7,43.2,Bollworm,Mild,17.7,Thrips,Pheromone Trap,0,26.6,38.5,8.0,15.7,31.5,Good,0.944,0.759,Yes,No,Leaf Mold,Stem Borer,Medium
KR_01428,2026-008-19,Pune,Daund,19.53232,73.09953,Grapes,Sonaka,Maturity,Clay Loam,6.05,29.6,Powdery Mildew,Mild,19.9,Leaf Miner,Pheromone Trap,0,34.8,62.3,4.2,12.8,37.5,Good,0.914,0.869,Yes,No,Leaf Spot,Stem Borer,Medium
KR_01429,2026-007-18,Sangli,Miraj,17.40507,78.26746,Rice,Basmati,Maturity,Loamy,6.64,60.5,Stem Borer,Mild,5.1,Aphids,Sticky Trap,9,37.2,91.7,3.3,17.7,33.6,Too Dark,0.464,0.99,Yes,Yes,Leaf Spot,Aphids,Medium
KR_01430,2026-008-09,Solapur,Mangalwedhe,21.34704,74.0265,Potato,Kufri Jyoti,Vegetative,Clay Loam,8.12,66.1,Brown Spot,Mild,12.2,Thrips,Sticky Trap,5,33.0,72.8,10.4,14.0,37.9,Good,0.955,0.822,No,No,Rust,Thrips,Medium
KR_01431,2026-005-27,Ahmednagar,Sangamner,20.3358,74.55811,Rice,Basmati,Flowering,Clay Loam,6.1,69.8,Powdery Mildew,Mild,12.2,Stem Borer,Pheromone Trap,5,22.2,71.8,12.0,18.9,62.2,Good,0.934,0.46,No,Yes,Rust,Leaf Miner,Medium
KR_01432,2026-002-02,Pune,Indapur,19.06144,77.25984,Rice,Basmati,Seedling,Clay Loam,7.79,35.0,Healthy,Mild,3.8,Bollworm,Pheromone Trap,15,31.4,88.9,29.7,8.7,22.1,Good,0.779,0.518,No,Yes,Rust,Thrips,Medium
KR_01433,2026-004-16,Solapur,Akkalkot,17.39224,74.67151,Potato,Kufri Pukhraj,Vegetative,Black Soil,7.52,43.3,Rust,Moderate,45.6,Bollworm,Pheromone Trap,0,22.0,51.1,17.8,15.6,57.8,Good,0.979,0.736,Yes,Yes,Bollworm,Aphids,Medium
KR_01434,2026-005-01,Kolhapur,Hatkanangale,19.29382,75.6316,Soybean,JS-335,Vegetative,Loamy,6.87,58.8,Brown Spot,Moderate,45.5,Aphids,Light Trap,5,20.1,35.4,4.8,2.0,52.7,Too Dark,0.295,0.795,Yes,Yes,Leaf Miner,Thrips,Medium
KR_01435,2026-008-11,Kolhapur,Kagal,19.19475,78.02915,Soybean,JS-335,Seedling,Loamy,6.87,61.4,Thrips,Moderate,49.2,Whitefly,Sticky Trap,12,36.4,61.4,13.0,13.2,23.8,Poor Framing,0.533,0.681,Yes,Yes,Blast,Bollworm,Medium
KR_01436,2026-004-06,Satara,Wai,20.58825,76.59759,Rice,Phule Samruddhi,Vegetative,Sandy Loam,6.85,31.1,Bacterial Blight,Severe,58.1,Fruit Fly,Sticky Trap,1,22.2,74.3,44.0,6.8,47.5,Poor Framing,0.514,0.909,No,Yes,Powdery Mildew,Fruit Fly,Medium
KR_01437,2026-006-19,Nanded,Biloli,17.59654,78.623,Soybean,MACS-1188,Flowering,Sandy Loam,7.84,33.3,Thrips,Moderate,41.8,Thrips,Light Trap,14,27.3,52.4,26.5,14.3,63.2,Blurry,0.406,0.487,Yes,Yes,Leaf Miner,Leaf Miner,Medium
KR_01438,2026-004-02,Nanded,Loha,17.28158,75.50215,Soybean,MAUS-71,Vegetative,Clay Loam,6.05,43.2,Bollworm,Moderate,36.2,Aphids,Pheromone Trap,0,36.5,67.7,33.6,7.9,28.2,Poor Framing,0.424,0.927,Yes,Yes,Powdery Mildew,Stem Borer,Medium
KR_01439,2026-008-04,Nanded,Biloli,20.42814,78.83598,Potato,Kufri Pukhraj,Maturity,Sandy Loam,7.46,63.1,Powdery Mildew,Severe,64.9,Fruit Fly,Pheromone Trap,0,25.7,66.9,8.1,10.2,43.1,Good,0.78,0.592,Yes,Yes,Rust,Leaf Miner,Medium
KR_01440,2026-006-12,Satara,Karad,17.8023,76.1009,Rice,Basmati,Seedling,Loamy,7.85,50.2,Leaf Spot,Mild,17.7,Aphids,Pheromone Trap,15,31.0,51.3,43.0,13.6,66.8,Blurry,0.212,0.736,No,Yes,Leaf Mold,Fruit Fly,Medium
KR_01441,2026-001-24,Nashik,Sinnar,19.92294,73.40113,Tomato,Hybrid-T1,Fruiting,Sandy Loam,6.45,46.8,Thrips,Severe,64.1,Stem Borer,Pheromone Trap,0,27.9,42.8,33.8,18.7,39.1,Poor Framing,0.615,0.502,Yes,Yes,Rust,Aphids,Medium
KR_01442,2026-005-19,Kolhapur,Shirol,20.31389,75.40235,Soybean,MACS-1188,Vegetative,Black Soil,6.11,40.4,Brown Spot,Mild,11.7,Fruit Fly,Light Trap,3,29.7,68.0,7.3,16.7,57.7,Good,0.937,0.615,Yes,Yes,Early Blight,Stem Borer,Medium
KR_01443,2026-006-07,Nanded,Biloli,20.92871,75.43642,Cotton,Bunny Bt,Fruiting,Loamy,7.79,39.5,Leaf Miner,Moderate,49.8,Stem Borer,Pheromone Trap,9,36.0,64.1,25.2,21.6,70.0,Poor Framing,0.31,0.81,Yes,Yes,Bollworm,Aphids,Medium
KR_01444,2026-004-04,Satara,Wai,19.56158,76.83559,Grapes,Sharad Seedless,Fruiting,Sandy Loam,6.26,34.4,Leaf Mold,Moderate,20.1,Leaf Miner,Pheromone Trap,0,27.5,93.5,31.5,7.1,92.2,Good,0.838,0.965,No,No,Late Blight,Bollworm,Medium
KR_01445,2026-005-07,Ahmednagar,Shrigonda,20.65697,76.02151,Rice,Phule Samruddhi,Seedling,Sandy Loam,6.24,24.3,Rust,Severe,84.8,Leaf Miner,Light Trap,2,26.8,48.4,43.1,2.2,85.5,Too Bright,0.333,0.99,Yes,Yes,Bacterial Blight,Aphids,Medium
KR_01446,2026-001-22,Pune,Baramati,20.99646,75.64681,Grapes,Sonaka,Vegetative,Sandy Loam,6.08,59.3,Late Blight,Mild,19.3,Stem Borer,Sticky Trap,10,19.3,67.1,44.8,7.5,56.2,Good,0.855,0.896,Yes,No,Rust,Thrips,Medium
KR_01447,2026-001-11,Nashik,Sinnar,19.41195,75.54008,Soybean,JS-335,Flowering,Black Soil,7.46,26.1,Bollworm,Mild,8.6,Bollworm,Light Trap,4,19.9,43.5,35.7,15.4,81.2,Poor Framing,0.394,0.687,Yes,Yes,Thrips,Stem Borer,Low
KR_01448,2026-008-28,Nashik,Malegaon,17.52744,77.07686,Cotton,Bt Cotton,Fruiting,Clay Loam,6.49,28.4,Stem Borer,Severe,76.1,Bollworm,Light Trap,9,31.3,58.0,40.0,6.8,92.5,Good,0.988,0.695,No,Yes,Early Blight,Leaf Miner,Medium
KR_01449,2026-006-22,Ahmednagar,Rahata,17.96294,78.40903,Rice,Phule Samruddhi,Seedling,Clay Loam,6.26,41.4,Leaf Mold,Moderate,40.0,Stem Borer,Pheromone Trap,0,25.3,95.3,28.0,9.5,62.2,Too Dark,0.422,0.881,No,Yes,Stem Borer,Whitefly,Medium
KR_01450,2026-008-17,Ahmednagar,Sangamner,21.13028,75.06676,Grapes,Sharad Seedless,Vegetative,Sandy Loam,6.54,40.9,Healthy,Mild,1.9,Bollworm,Sticky Trap,6,31.3,39.0,3.9,18.0,91.4,Too Bright,0.54,0.825,Yes,Yes,Leaf Miner,Whitefly,Low
KR_01451,2026-003-23,Kolhapur,Hatkanangale,17.19834,78.42822,Rice,Phule Samruddhi,Vegetative,Clay Loam,7.68,30.1,Leaf Miner,Moderate,35.9,Bollworm,Pheromone Trap,0,30.5,66.0,30.9,4.2,90.3,Blurry,0.543,0.664,Yes,Yes,Leaf Spot,Fruit Fly,Medium
KR_01452,2026-008-25,Ahmednagar,Rahata,17.36544,78.28065,Rice,Basmati,Flowering,Sandy Loam,6.09,55.6,Leaf Spot,Mild,6.6,Fruit Fly,Pheromone Trap,0,21.4,80.4,3.3,13.2,40.4,Too Bright,0.578,0.775,Yes,Yes,Late Blight,Whitefly,Medium
KR_01453,2026-002-23,Kolhapur,Shirol,20.45224,78.81257,Potato,Local-P1,Fruiting,Loamy,6.02,15.9,Leaf Miner,Mild,9.9,Fruit Fly,Pheromone Trap,0,24.6,76.2,44.5,2.8,29.1,Good,0.798,0.603,Yes,Yes,Thrips,Aphids,Medium
KR_01454,2026-007-15,Solapur,Malshiras,18.0716,79.16767,Rice,Phule Samruddhi,Maturity,Sandy Loam,7.78,50.5,Healthy,Mild,3.2,Bollworm,Pheromone Trap,0,33.6,98.0,4.4,16.0,62.6,Blurry,0.21,0.524,Yes,Yes,Stem Borer,Stem Borer,Medium
KR_01455,2026-007-12,Ahmednagar,Rahata,16.79303,73.74589,Cotton,Bunny Bt,Flowering,Loamy,6.87,24.5,Rust,Moderate,38.7,Aphids,Pheromone Trap,10,36.0,80.6,26.9,18.9,49.2,Too Bright,0.46,0.45,No,Yes,Leaf Mold,Stem Borer,Medium
KR_01456,2026-007-05,Ahmednagar,Rahata,18.7249,78.85979,Soybean,JS-335,Fruiting,Clay Loam,7.08,66.6,Blast,Severe,53.4,Bollworm,Pheromone Trap,10,30.5,88.5,13.6,20.5,62.7,Too Bright,0.378,0.801,Yes,Yes,Thrips,Aphids,High
KR_01457,2026-006-18,Sangli,Tasgaon,20.36869,73.84619,Rice,Indrayani,Seedling,Sandy Loam,8.19,74.6,Bollworm,Severe,84.3,Fruit Fly,Light Trap,7,23.1,92.8,18.6,19.9,70.2,Too Dark,0.364,0.903,Yes,Yes,Rust,Stem Borer,High
KR_01458,2026-007-20,Ahmednagar,Kopargaon,18.77192,73.08659,Tomato,Abhinav,Vegetative,Loamy,6.69,72.9,Blast,Mild,10.5,Leaf Miner,Pheromone Trap,14,20.8,75.3,23.2,9.1,60.9,Too Dark,0.256,0.543,Yes,Yes,Downy Mildew,Fruit Fly,Medium
KR_01459,2026-003-26,Nashik,Malegaon,18.03751,78.94989,Grapes,Sonaka,Fruiting,Sandy Loam,7.51,23.3,Downy Mildew,Severe,58.3,Aphids,Sticky Trap,8,24.8,92.1,5.5,6.1,75.5,Poor Framing,0.539,0.636,Yes,Yes,Rust,Aphids,High
KR_01460,2026-003-08,Satara,Phaltan,16.48362,75.95328,Soybean,MAUS-71,Seedling,Sandy Loam,6.29,32.8,Leaf Miner,Mild,7.0,Stem Borer,Pheromone Trap,5,27.1,83.9,30.0,7.6,94.5,Too Bright,0.489,0.826,Yes,Yes,Rust,Whitefly,Medium
KR_01461,2026-007-01,Pune,Baramati,20.60889,77.8647,Grapes,Sharad Seedless,Seedling,Sandy Loam,6.93,44.2,Leaf Mold,Moderate,34.1,Leaf Miner,Sticky Trap,13,19.0,93.4,3.6,19.4,42.1,Too Dark,0.304,0.585,Yes,Yes,Leaf Miner,Thrips,Medium
KR_01462,2026-001-06,Pune,Baramati,18.57827,76.09191,Potato,Kufri Jyoti,Vegetative,Loamy,7.91,59.8,Late Blight,Mild,7.0,Thrips,Sticky Trap,10,20.6,51.6,16.2,17.3,55.8,Too Bright,0.282,0.696,Yes,Yes,Powdery Mildew,Fruit Fly,Low
KR_01463,2026-004-12,Pune,Indapur,17.02686,73.64875,Tomato,Abhinav,Flowering,Sandy Loam,8.19,28.6,Downy Mildew,Mild,13.0,Fruit Fly,Light Trap,12,33.3,65.8,37.4,19.5,33.2,Too Bright,0.207,0.854,Yes,Yes,Rust,Fruit Fly,Medium
KR_01464,2026-007-07,Kolhapur,Karveer,20.14049,73.36386,Grapes,Sharad Seedless,Vegetative,Loamy,7.16,29.5,Powdery Mildew,Severe,51.9,Whitefly,Pheromone Trap,7,19.6,61.4,29.9,14.9,64.4,Good,0.853,0.983,Yes,No,Blast,Bollworm,Medium
KR_01465,2026-007-22,Ahmednagar,Kopargaon,20.8021,78.65323,Tomato,Abhinav,Flowering,Clay Loam,8.15,50.1,Leaf Mold,Mild,6.7,Fruit Fly,Pheromone Trap,12,26.8,49.5,28.5,21.2,23.9,Too Dark,0.326,0.565,Yes,Yes,Downy Mildew,Thrips,Low
KR_01466,2026-007-06,Nashik,Sinnar,20.85838,75.29502,Potato,Kufri Pukhraj,Fruiting,Sandy Loam,7.25,57.5,Blast,Severe,72.1,Aphids,Sticky Trap,1,18.9,80.2,5.5,17.8,27.3,Good,0.794,0.891,Yes,No,Bacterial Blight,Aphids,High
KR_01467,2026-005-24,Sangli,Jat,17.76996,75.10186,Tomato,Hybrid-T1,Flowering,Black Soil,7.24,38.9,Leaf Spot,Severe,74.4,Leaf Miner,Pheromone Trap,0,31.3,35.5,32.1,14.6,46.5,Poor Framing,0.418,0.549,No,Yes,Stem Borer,Aphids,Medium
KR_01468,2026-008-22,Ahmednagar,Shrigonda,17.92264,77.285,Potato,Kufri Jyoti,Maturity,Loamy,7.88,72.0,Thrips,Mild,11.8,Fruit Fly,Light Trap,3,32.9,39.0,29.4,19.3,39.2,Too Bright,0.624,0.627,Yes,Yes,Rust,Fruit Fly,Low
KR_01469,2026-001-26,Nanded,Loha,18.44353,74.62949,Cotton,Bt Cotton,Fruiting,Clay Loam,7.17,43.9,Healthy,Mild,1.0,Bollworm,Pheromone Trap,0,18.2,79.7,26.6,14.0,39.3,Blurry,0.611,0.491,Yes,Yes,Powdery Mildew,Thrips,Medium
KR_01470,2026-001-07,Ahmednagar,Kopargaon,21.17204,79.44335,Potato,Local-P1,Fruiting,Clay Loam,8.19,38.6,Leaf Mold,Moderate,38.1,Stem Borer,Pheromone Trap,8,21.0,88.2,41.2,3.8,29.0,Good,0.822,0.574,Yes,Yes,Blast,Whitefly,Medium
KR_01471,2026-005-24,Satara,Wai,20.16443,75.51457,Potato,Kufri Jyoti,Vegetative,Clay Loam,6.72,41.7,Leaf Mold,Moderate,34.7,Whitefly,Pheromone Trap,0,27.5,70.3,4.2,3.1,57.4,Too Dark,0.51,0.802,No,Yes,Rust,Leaf Miner,Medium
KR_01472,2026-007-13,Ahmednagar,Kopargaon,17.00878,75.4627,Tomato,Abhinav,Maturity,Loamy,7.44,55.2,Early Blight,Mild,16.6,Stem Borer,Sticky Trap,14,37.2,62.8,17.8,8.0,36.7,Too Bright,0.543,0.765,No,Yes,Bacterial Blight,Fruit Fly,Medium
KR_01473,2026-004-20,Nashik,Dindori,16.33915,75.56013,Grapes,Sonaka,Seedling,Black Soil,6.79,19.6,Late Blight,Mild,11.7,Stem Borer,Pheromone Trap,0,35.4,87.9,22.6,3.8,75.6,Good,0.941,0.932,No,No,Bollworm,Aphids,Medium
KR_01474,2026-006-10,Ahmednagar,Rahata,21.12055,76.13775,Cotton,Bt Cotton,Maturity,Clay Loam,7.28,47.6,Rust,Moderate,34.1,Bollworm,Pheromone Trap,6,24.0,72.3,32.1,2.7,26.7,Good,0.923,0.947,Yes,No,Brown Spot,Bollworm,Medium
KR_01475,2026-005-06,Satara,Karad,16.05206,77.26958,Potato,Local-P1,Vegetative,Black Soil,6.47,22.7,Blast,Severe,56.8,Aphids,Pheromone Trap,7,18.4,39.1,19.6,12.9,60.2,Good,0.84,0.71,Yes,Yes,Leaf Mold,Bollworm,Medium
KR_01476,2026-003-18,Sangli,Jat,19.97338,75.29576,Grapes,Sonaka,Fruiting,Sandy Loam,7.47,69.4,Thrips,Severe,71.0,Thrips,Sticky Trap,12,25.4,90.6,31.1,8.5,56.8,Good,0.967,0.935,No,No,Brown Spot,Thrips,High
KR_01477,2026-004-04,Satara,Koregaon,20.38558,75.31929,Rice,Basmati,Fruiting,Sandy Loam,6.23,58.6,Early Blight,Moderate,44.1,Fruit Fly,Light Trap,5,27.7,44.9,23.7,8.2,75.3,Good,0.853,0.815,Yes,No,Rust,Thrips,Medium
KR_01478,2026-008-20,Solapur,Mangalwedhe,21.49291,79.16973,Cotton,Bunny Bt,Seedling,Black Soil,8.06,43.8,Downy Mildew,Severe,60.9,Whitefly,Pheromone Trap,0,32.9,56.3,5.0,2.2,59.7,Good,0.75,0.938,Yes,No,Powdery Mildew,Leaf Miner,Medium
KR_01479,2026-003-26,Nanded,Deglur,17.39501,75.82907,Potato,Local-P1,Fruiting,Sandy Loam,6.83,64.8,Brown Spot,Severe,60.3,Aphids,Pheromone Trap,4,36.7,49.7,36.8,10.9,75.8,Blurry,0.638,0.557,Yes,Yes,Bollworm,Thrips,Medium
KR_01480,2026-007-06,Ahmednagar,Sangamner,18.76099,77.00486,Soybean,JS-335,Seedling,Loamy,6.48,32.4,Blast,Severe,67.5,Whitefly,Pheromone Trap,1,24.5,45.4,27.0,2.2,88.1,Good,0.813,0.521,Yes,Yes,Bacterial Blight,Aphids,Medium
KR_01481,2026-005-17,Pune,Indapur,17.95472,76.81874,Grapes,Sonaka,Fruiting,Sandy Loam,6.04,47.0,Leaf Mold,Moderate,37.4,Fruit Fly,Pheromone Trap,0,26.8,53.8,44.0,6.6,52.7,Good,0.903,0.799,Yes,No,Blast,Aphids,Medium
KR_01482,2026-003-08,Sangli,Miraj,18.48976,74.59081,Cotton,Bunny Bt,Maturity,Clay Loam,8.11,30.8,Brown Spot,Severe,71.0,Stem Borer,Pheromone Trap,0,36.4,50.3,25.4,5.6,55.9,Blurry,0.415,0.6,Yes,Yes,Stem Borer,Bollworm,Medium
KR_01483,2026-007-11,Kolhapur,Karveer,18.44407,75.49267,Soybean,MAUS-71,Seedling,Sandy Loam,6.73,44.6,Leaf Miner,Severe,68.8,Thrips,Sticky Trap,12,21.7,72.5,28.8,2.6,24.5,Too Dark,0.206,0.605,Yes,Yes,Rust,Whitefly,Medium
KR_01484,2026-006-20,Sangli,Miraj,16.17829,77.74082,Soybean,MAUS-71,Vegetative,Clay Loam,6.67,26.1,Downy Mildew,Mild,17.9,Leaf Miner,Light Trap,2,37.6,46.9,10.5,20.8,88.3,Too Bright,0.641,0.669,No,Yes,Thrips,Whitefly,Medium
KR_01485,2026-004-15,Nanded,Deglur,21.12986,78.33753,Cotton,Bunny Bt,Seedling,Sandy Loam,8.19,24.4,Stem Borer,Severe,74.6,Fruit Fly,Light Trap,15,18.0,65.9,22.0,14.6,67.5,Too Dark,0.493,0.748,Yes,Yes,Brown Spot,Aphids,Medium
KR_01486,2026-003-20,Ahmednagar,Sangamner,16.26071,79.05779,Grapes,Sonaka,Maturity,Loamy,7.91,65.7,Downy Mildew,Mild,13.5,Leaf Miner,Light Trap,9,34.2,93.6,43.9,17.8,76.6,Poor Framing,0.489,0.6,Yes,Yes,Rust,Aphids,Medium
KR_01487,2026-002-15,Ahmednagar,Sangamner,21.19835,78.81565,Cotton,Bunny Bt,Seedling,Black Soil,6.04,41.5,Early Blight,Severe,56.4,Thrips,Light Trap,6,21.0,67.6,15.6,9.7,21.2,Too Dark,0.337,0.492,Yes,Yes,Rust,Bollworm,Medium
KR_01488,2026-007-11,Nanded,Deglur,17.11813,76.58245,Cotton,RCH-659,Vegetative,Clay Loam,7.76,33.9,Leaf Spot,Severe,80.8,Aphids,Light Trap,11,18.7,66.9,22.5,2.1,44.7,Good,0.941,0.823,Yes,No,Thrips,Whitefly,Medium
KR_01489,2026-008-28,Nanded,Biloli,18.40558,74.41001,Potato,Kufri Jyoti,Seedling,Sandy Loam,7.63,73.4,Thrips,Mild,17.0,Aphids,Pheromone Trap,0,26.2,61.2,8.2,17.6,60.1,Good,0.847,0.581,Yes,Yes,Rust,Thrips,Medium
KR_01490,2026-004-28,Sangli,Tasgaon,18.47388,78.70323,Potato,Local-P1,Seedling,Clay Loam,8.15,58.5,Stem Borer,Moderate,22.5,Stem Borer,Pheromone Trap,0,27.6,35.2,39.9,15.8,62.5,Too Bright,0.631,0.651,No,Yes,Downy Mildew,Stem Borer,Medium
KR_01491,2026-008-22,Ahmednagar,Kopargaon,18.32862,74.05224,Potato,Kufri Jyoti,Fruiting,Clay Loam,7.47,17.8,Downy Mildew,Moderate,34.4,Whitefly,Pheromone Trap,8,33.7,81.3,33.9,8.5,27.5,Good,0.83,0.852,Yes,No,Bollworm,Aphids,Medium
KR_01492,2026-002-12,Satara,Wai,21.37471,74.90882,Rice,Phule Samruddhi,Maturity,Black Soil,6.06,47.4,Thrips,Moderate,35.9,Thrips,Sticky Trap,6,27.7,53.4,16.2,11.5,31.2,Too Dark,0.21,0.606,No,Yes,Brown Spot,Stem Borer,Medium
KR_01493,2026-001-02,Solapur,Akkalkot,20.04328,79.08608,Tomato,Abhinav,Vegetative,Black Soil,6.89,15.8,Powdery Mildew,Mild,11.4,Leaf Miner,Pheromone Trap,0,19.7,75.0,28.3,21.4,26.7,Poor Framing,0.328,0.83,Yes,Yes,Powdery Mildew,Fruit Fly,Medium
KR_01494,2026-007-07,Solapur,Malshiras,17.84643,74.95565,Cotton,Bunny Bt,Maturity,Loamy,6.29,43.7,Downy Mildew,Severe,71.8,Bollworm,Light Trap,5,30.1,54.4,10.9,10.7,46.1,Poor Framing,0.584,0.801,Yes,Yes,Rust,Whitefly,Medium
KR_01495,2026-007-23,Nashik,Sinnar,17.61085,73.91068,Rice,Phule Samruddhi,Flowering,Clay Loam,7.7,70.0,Leaf Spot,Moderate,21.2,Leaf Miner,Sticky Trap,4,25.0,84.3,34.8,19.4,70.1,Good,0.818,0.793,Yes,No,Powdery Mildew,Leaf Miner,Medium
KR_01496,2026-002-16,Nashik,Dindori,20.23728,77.7426,Tomato,Arka Rakshak,Vegetative,Black Soil,6.6,73.4,Bollworm,Severe,69.3,Aphids,Light Trap,8,30.6,88.1,4.7,2.2,63.2,Good,0.935,0.478,Yes,Yes,Rust,Whitefly,High
KR_01497,2026-002-05,Solapur,Mangalwedhe,20.88147,79.30262,Potato,Kufri Pukhraj,Seedling,Loamy,7.97,28.8,Powdery Mildew,Severe,60.3,Fruit Fly,Pheromone Trap,0,31.6,69.6,16.4,4.0,38.9,Good,0.982,0.658,No,Yes,Rust,Whitefly,Medium
KR_01498,2026-006-25,Sangli,Tasgaon,18.31937,73.827,Grapes,Sharad Seedless,Maturity,Sandy Loam,6.87,61.2,Stem Borer,Severe,62.4,Stem Borer,Pheromone Trap,8,23.6,37.3,2.7,13.3,57.9,Too Bright,0.403,0.702,No,Yes,Early Blight,Bollworm,Medium
KR_01499,2026-005-24,Nanded,Hadgaon,21.1306,73.23935,Tomato,Hybrid-T1,Fruiting,Black Soil,6.58,69.5,Late Blight,Moderate,22.6,Stem Borer,Pheromone Trap,1,35.0,51.5,4.7,5.7,39.6,Good,0.921,0.72,Yes,Yes,Bacterial Blight,Leaf Miner,Medium
KR_01500,2026-001-23,Sangli,Miraj,16.47471,77.37559,Potato,Local-P1,Vegetative,Sandy Loam,7.23,30.3,Blast,Moderate,44.9,Thrips,Pheromone Trap,0,30.1,86.1,36.4,10.9,64.6,Good,0.934,0.619,No,Yes,Rust,Leaf Miner,High
KR_01501,2026-006-03,Nanded,Deglur,19.62943,73.78692,Grapes,Thompson Seedless,Flowering,Black Soil,7.75,41.1,Leaf Spot,Mild,10.3,Whitefly,Sticky Trap,6,25.1,59.3,25.1,4.9,90.8,Poor Framing,0.269,0.498,Yes,Yes,Leaf Spot,Fruit Fly,Low
KR_01502,2026-004-16,Solapur,Malshiras,17.50244,73.86141,Cotton,RCH-659,Vegetative,Sandy Loam,6.75,37.1,Bollworm,Severe,67.6,Bollworm,Pheromone Trap,11,35.5,93.1,31.4,10.8,55.3,Good,0.848,0.561,No,Yes,Powdery Mildew,Thrips,High
KR_01503,2026-005-19,Pune,Shirur,16.83295,76.0541,Grapes,Sonaka,Vegetative,Loamy,7.93,22.5,Rust,Severe,65.0,Whitefly,Light Trap,15,30.3,92.4,35.7,19.2,63.5,Too Bright,0.332,0.658,Yes,Yes,Powdery Mildew,Aphids,High
KR_01504,2026-003-02,Satara,Wai,17.47667,76.96874,Soybean,MACS-1188,Fruiting,Sandy Loam,6.76,68.1,Stem Borer,Severe,76.3,Stem Borer,Light Trap,9,23.2,86.3,43.4,2.1,71.5,Good,0.851,0.678,Yes,Yes,Blast,Whitefly,High
KR_01505,2026-003-08,Nashik,Dindori,18.18258,78.86262,Cotton,Bt Cotton,Seedling,Sandy Loam,6.99,15.9,Early Blight,Moderate,21.2,Thrips,Sticky Trap,4,22.0,76.2,35.8,15.3,86.5,Good,0.878,0.507,Yes,Yes,Blast,Aphids,Medium
KR_01506,2026-001-17,Ahmednagar,Sangamner,18.9576,78.64665,Potato,Local-P1,Maturity,Clay Loam,8.1,19.3,Thrips,Moderate,43.2,Leaf Miner,Sticky Trap,10,27.7,92.3,16.2,6.9,80.7,Too Bright,0.343,0.884,No,Yes,Downy Mildew,Leaf Miner,High
KR_01507,2026-002-26,Ahmednagar,Sangamner,17.29624,75.47036,Soybean,JS-335,Fruiting,Black Soil,8.09,39.6,Powdery Mildew,Mild,17.1,Whitefly,Light Trap,9,30.8,43.3,42.0,21.2,27.9,Too Bright,0.448,0.826,Yes,Yes,Bollworm,Leaf Miner,Medium
KR_01508,2026-007-12,Nashik,Niphad,16.23712,75.70277,Soybean,MACS-1188,Maturity,Clay Loam,6.07,34.4,Rust,Severe,81.2,Stem Borer,Pheromone Trap,0,25.9,79.7,39.8,3.3,62.3,Too Dark,0.415,0.641,Yes,Yes,Downy Mildew,Leaf Miner,Medium
KR_01509,2026-003-13,Solapur,Pandharpur,18.30311,73.60413,Grapes,Sharad Seedless,Vegetative,Black Soil,6.64,41.6,Early Blight,Moderate,49.6,Bollworm,Light Trap,2,36.5,82.5,26.0,5.9,20.8,Good,0.757,0.478,Yes,Yes,Leaf Mold,Leaf Miner,High
KR_01510,2026-003-25,Solapur,Akkalkot,16.04,74.15226,Cotton,RCH-659,Fruiting,Clay Loam,7.13,34.6,Powdery Mildew,Moderate,38.7,Leaf Miner,Sticky Trap,2,22.6,64.1,24.0,19.8,90.4,Good,0.899,0.896,No,No,Bacterial Blight,Aphids,Medium
KR_01511,2026-004-13,Sangli,Miraj,16.20445,74.92865,Cotton,Bunny Bt,Vegetative,Clay Loam,7.08,68.0,Late Blight,Mild,14.6,Fruit Fly,Light Trap,13,24.2,72.8,20.5,3.0,55.7,Poor Framing,0.574,0.76,Yes,Yes,Late Blight,Leaf Miner,Medium
KR_01512,2026-004-25,Ahmednagar,Sangamner,18.62922,75.27751,Cotton,Bunny Bt,Flowering,Black Soil,6.62,70.1,Blast,Mild,13.1,Whitefly,Pheromone Trap,0,18.3,81.7,33.6,21.4,66.3,Good,0.933,0.512,Yes,Yes,Leaf Spot,Bollworm,Medium
KR_01513,2026-007-24,Sangli,Jat,17.55514,74.36161,Soybean,JS-335,Fruiting,Sandy Loam,6.58,21.9,Leaf Spot,Moderate,32.2,Bollworm,Sticky Trap,15,36.4,55.6,0.3,20.7,32.5,Good,0.952,0.657,Yes,Yes,Early Blight,Bollworm,Medium
KR_01514,2026-001-18,Kolhapur,Kagal,20.18293,75.59095,Rice,Indrayani,Seedling,Sandy Loam,6.21,18.1,Blast,Mild,7.9,Bollworm,Pheromone Trap,0,27.5,78.5,5.4,17.9,42.1,Blurry,0.615,0.585,Yes,Yes,Leaf Spot,Fruit Fly,Medium
KR_01515,2026-008-04,Pune,Daund,16.03124,78.3953,Tomato,Arka Rakshak,Fruiting,Loamy,7.4,24.4,Downy Mildew,Mild,10.5,Whitefly,Pheromone Trap,0,27.4,62.2,16.3,7.3,38.0,Good,0.788,0.55,Yes,Yes,Blast,Leaf Miner,Medium
KR_01516,2026-006-06,Solapur,Akkalkot,18.27817,77.82619,Soybean,MACS-1188,Flowering,Loamy,8.13,37.0,Rust,Moderate,33.3,Bollworm,Pheromone Trap,10,18.9,64.7,22.4,5.8,29.6,Blurry,0.589,0.787,Yes,Yes,Leaf Miner,Aphids,Medium
KR_01517,2026-007-15,Ahmednagar,Kopargaon,17.7375,76.01983,Potato,Kufri Pukhraj,Maturity,Black Soil,6.88,58.7,Leaf Miner,Mild,6.5,Bollworm,Pheromone Trap,14,37.1,40.9,11.6,16.5,28.7,Good,0.925,0.72,Yes,Yes,Bollworm,Stem Borer,Low
KR_01518,2026-008-13,Nashik,Dindori,21.03419,79.07901,Grapes,Sonaka,Fruiting,Clay Loam,6.2,68.5,Healthy,Mild,3.4,Bollworm,Light Trap,10,24.4,92.0,14.3,3.1,46.4,Poor Framing,0.566,0.554,No,Yes,Leaf Spot,Bollworm,Medium
KR_01519,2026-006-10,Pune,Baramati,16.1591,73.67773,Cotton,Bt Cotton,Seedling,Black Soil,7.48,42.1,Blast,Mild,17.9,Leaf Miner,Pheromone Trap,0,27.1,36.9,11.0,8.4,64.0,Good,0.989,0.678,No,Yes,Leaf Spot,Bollworm,Medium
KR_01520,2026-005-25,Satara,Karad,19.97539,77.61245,Grapes,Sharad Seedless,Vegetative,Clay Loam,6.17,40.3,Late Blight,Mild,9.1,Leaf Miner,Sticky Trap,5,37.2,79.6,37.9,18.7,39.0,Blurry,0.343,0.607,Yes,Yes,Downy Mildew,Thrips,Medium
KR_01521,2026-003-03,Satara,Koregaon,17.25853,78.47923,Cotton,RCH-659,Flowering,Loamy,7.63,62.8,Downy Mildew,Severe,59.2,Bollworm,Sticky Trap,9,34.1,94.3,36.4,4.0,72.6,Too Dark,0.267,0.601,Yes,Yes,Downy Mildew,Fruit Fly,High
KR_01522,2026-002-25,Nanded,Deglur,18.33578,75.11089,Rice,Indrayani,Fruiting,Clay Loam,7.28,33.9,Downy Mildew,Mild,16.7,Leaf Miner,Pheromone Trap,2,19.9,90.5,21.4,22.0,69.0,Good,0.91,0.607,Yes,Yes,Bollworm,Whitefly,Medium
KR_01523,2026-005-27,Solapur,Akkalkot,18.98827,78.51089,Soybean,MAUS-71,Fruiting,Sandy Loam,7.27,56.1,Thrips,Moderate,42.4,Bollworm,Pheromone Trap,0,29.1,83.3,10.2,2.3,28.0,Poor Framing,0.345,0.914,No,Yes,Late Blight,Aphids,High
KR_01524,2026-008-01,Nanded,Biloli,17.30965,77.56387,Tomato,Abhinav,Maturity,Sandy Loam,6.55,60.5,Rust,Mild,6.4,Stem Borer,Pheromone Trap,3,34.7,57.9,10.9,15.3,83.1,Blurry,0.559,0.623,No,Yes,Rust,Whitefly,Low
KR_01525,2026-003-10,Pune,Daund,18.85087,77.03896,Potato,Kufri Pukhraj,Fruiting,Clay Loam,7.42,59.3,Thrips,Mild,13.5,Whitefly,Pheromone Trap,1,30.0,65.4,25.7,12.0,59.8,Blurry,0.528,0.661,Yes,Yes,Downy Mildew,Whitefly,Medium
KR_01526,2026-002-25,Pune,Baramati,21.16949,73.61652,Potato,Kufri Jyoti,Flowering,Black Soil,7.79,58.3,Bollworm,Severe,79.0,Aphids,Light Trap,3,32.8,67.3,40.1,14.2,58.3,Too Dark,0.649,0.852,No,Yes,Blast,Whitefly,Medium
KR_01527,2026-007-06,Pune,Shirur,21.28015,78.34092,Grapes,Sharad Seedless,Flowering,Loamy,7.93,23.9,Leaf Miner,Mild,8.1,Bollworm,Sticky Trap,6,25.8,66.4,15.6,18.5,73.1,Good,0.88,0.636,Yes,Yes,Downy Mildew,Bollworm,Medium
KR_01528,2026-008-09,Nanded,Hadgaon,21.26885,74.69784,Rice,Phule Samruddhi,Vegetative,Sandy Loam,7.44,44.7,Stem Borer,Mild,9.7,Stem Borer,Sticky Trap,12,27.8,51.0,40.9,4.0,87.2,Poor Framing,0.268,0.779,No,Yes,Rust,Whitefly,Low
KR_01529,2026-008-20,Pune,Indapur,19.57216,75.95974,Potato,Kufri Pukhraj,Maturity,Clay Loam,6.32,18.0,Leaf Miner,Severe,61.5,Fruit Fly,Sticky Trap,11,37.2,85.0,10.2,19.4,68.1,Good,0.966,0.76,Yes,No,Leaf Miner,Aphids,High
KR_01530,2026-006-07,Nashik,Sinnar,17.62461,78.09407,Grapes,Sonaka,Fruiting,Clay Loam,7.0,28.4,Leaf Mold,Severe,53.5,Leaf Miner,Pheromone Trap,0,20.6,44.4,10.8,4.1,69.5,Poor Framing,0.233,0.804,No,Yes,Rust,Aphids,Medium
KR_01531,2026-004-19,Sangli,Jat,16.97966,74.69087,Potato,Kufri Jyoti,Maturity,Clay Loam,7.57,67.6,Stem Borer,Mild,7.1,Leaf Miner,Sticky Trap,3,22.6,45.7,1.5,11.7,38.7,Too Bright,0.345,0.83,Yes,Yes,Rust,Stem Borer,Low
KR_01532,2026-005-09,Pune,Shirur,18.64021,79.39588,Tomato,Abhinav,Fruiting,Loamy,7.06,25.2,Early Blight,Mild,11.4,Leaf Miner,Sticky Trap,3,25.5,38.4,0.3,21.9,64.7,Blurry,0.23,0.508,No,Yes,Bollworm,Aphids,Low
KR_01533,2026-004-09,Nashik,Dindori,17.08538,77.14667,Cotton,RCH-659,Vegetative,Black Soil,6.21,62.6,Rust,Mild,15.1,Fruit Fly,Pheromone Trap,7,21.4,88.1,14.1,2.6,84.2,Good,0.754,0.943,Yes,No,Thrips,Thrips,Medium
KR_01534,2026-002-11,Pune,Daund,20.2848,73.17832,Potato,Local-P1,Maturity,Loamy,7.14,34.3,Brown Spot,Mild,15.9,Fruit Fly,Pheromone Trap,8,27.6,96.4,34.4,21.2,58.7,Poor Framing,0.359,0.701,Yes,Yes,Downy Mildew,Stem Borer,Medium
KR_01535,2026-004-16,Nashik,Malegaon,20.08928,75.90061,Soybean,JS-335,Fruiting,Sandy Loam,7.5,44.6,Powdery Mildew,Severe,74.4,Thrips,Sticky Trap,2,20.0,84.7,3.1,10.6,27.0,Good,0.997,0.769,Yes,No,Early Blight,Aphids,High
KR_01536,2026-003-02,Nashik,Dindori,20.62563,74.66162,Soybean,MACS-1188,Fruiting,Sandy Loam,7.37,73.4,Healthy,Mild,3.9,Bollworm,Sticky Trap,8,29.4,76.1,1.2,4.0,60.4,Good,0.97,0.934,No,No,Bollworm,Fruit Fly,Medium
KR_01537,2026-003-01,Nanded,Biloli,20.43548,75.5425,Tomato,Arka Rakshak,Flowering,Loamy,6.66,48.5,Bollworm,Moderate,27.3,Whitefly,Pheromone Trap,1,33.4,94.5,37.6,13.5,65.4,Good,0.929,0.568,Yes,Yes,Rust,Bollworm,Medium
KR_01538,2026-005-11,Nanded,Biloli,20.98589,77.86225,Soybean,MAUS-71,Flowering,Sandy Loam,7.21,54.7,Bacterial Blight,Mild,17.7,Whitefly,Pheromone Trap,1,36.4,68.8,25.6,17.1,79.2,Too Bright,0.386,0.914,Yes,Yes,Leaf Mold,Stem Borer,Medium
KR_01539,2026-003-02,Ahmednagar,Rahata,21.23304,75.90354,Cotton,Bunny Bt,Maturity,Black Soil,7.81,41.8,Late Blight,Mild,5.5,Whitefly,Pheromone Trap,1,36.5,75.1,40.7,21.5,89.1,Poor Framing,0.5,0.677,Yes,Yes,Late Blight,Aphids,Medium
KR_01540,2026-007-12,Pune,Baramati,19.55294,78.1928,Potato,Kufri Pukhraj,Maturity,Loamy,6.08,73.9,Leaf Spot,Mild,18.3,Aphids,Pheromone Trap,0,24.1,37.1,33.2,12.8,49.1,Blurry,0.209,0.489,No,Yes,Brown Spot,Stem Borer,Medium
KR_01541,2026-005-13,Kolhapur,Hatkanangale,16.03057,73.31865,Soybean,JS-335,Seedling,Black Soil,6.64,39.7,Leaf Miner,Moderate,27.6,Stem Borer,Light Trap,9,33.8,53.6,43.5,18.2,46.3,Good,0.852,0.602,Yes,Yes,Bacterial Blight,Thrips,Medium
KR_01542,2026-001-10,Ahmednagar,Sangamner,17.73941,75.74334,Soybean,MACS-1188,Maturity,Black Soil,7.53,51.1,Leaf Mold,Mild,6.3,Fruit Fly,Pheromone Trap,0,21.4,91.2,35.7,9.7,33.3,Poor Framing,0.368,0.751,No,Yes,Bacterial Blight,Fruit Fly,Medium
KR_01543,2026-007-16,Nashik,Dindori,17.86009,73.13997,Soybean,JS-335,Flowering,Black Soil,7.39,56.0,Rust,Moderate,45.7,Leaf Miner,Light Trap,15,21.8,83.5,36.7,14.5,71.8,Good,0.944,0.534,No,Yes,Bacterial Blight,Aphids,High
KR_01544,2026-003-09,Solapur,Pandharpur,17.99222,79.26216,Soybean,JS-335,Maturity,Clay Loam,8.03,31.7,Bacterial Blight,Moderate,28.5,Aphids,Sticky Trap,5,31.7,40.3,29.9,6.6,58.1,Too Bright,0.23,0.498,Yes,Yes,Early Blight,Aphids,Medium
KR_01545,2026-004-26,Kolhapur,Karveer,21.13446,76.87203,Cotton,Bt Cotton,Maturity,Sandy Loam,7.65,34.5,Bacterial Blight,Mild,15.8,Whitefly,Pheromone Trap,9,36.2,71.2,13.8,19.8,63.1,Good,0.846,0.909,Yes,No,Late Blight,Leaf Miner,Medium
KR_01546,2026-008-04,Satara,Wai,19.08192,78.4795,Potato,Kufri Jyoti,Maturity,Black Soil,7.42,43.6,Early Blight,Moderate,31.9,Leaf Miner,Light Trap,7,34.1,88.8,21.2,6.1,59.8,Good,0.812,0.912,Yes,No,Bacterial Blight,Bollworm,Medium
KR_01547,2026-001-17,Ahmednagar,Sangamner,20.65674,76.71572,Tomato,Arka Rakshak,Fruiting,Sandy Loam,6.95,56.7,Downy Mildew,Mild,15.4,Bollworm,Pheromone Trap,0,30.0,91.3,7.4,18.8,29.5,Too Dark,0.496,0.78,No,Yes,Downy Mildew,Aphids,Medium
KR_01548,2026-001-05,Sangli,Kavathe Mahankal,20.13614,75.90875,Potato,Local-P1,Seedling,Clay Loam,7.86,41.2,Brown Spot,Mild,16.9,Leaf Miner,Light Trap,8,18.9,54.1,12.5,10.9,92.4,Too Bright,0.647,0.597,Yes,Yes,Rust,Aphids,Medium
KR_01549,2026-008-13,Sangli,Jat,19.83467,75.33984,Tomato,Arka Rakshak,Maturity,Clay Loam,6.08,64.8,Bacterial Blight,Severe,71.8,Fruit Fly,Pheromone Trap,8,34.2,43.3,17.5,14.6,56.8,Good,0.983,0.747,Yes,Yes,Leaf Mold,Fruit Fly,Medium
KR_01550,2026-001-23,Ahmednagar,Sangamner,17.33114,75.19872,Tomato,Hybrid-T1,Seedling,Clay Loam,6.06,48.9,Thrips,Mild,16.7,Leaf Miner,Light Trap,3,27.4,81.2,5.9,14.5,72.2,Good,0.869,0.759,Yes,No,Bollworm,Aphids,Medium
KR_01551,2026-001-02,Kolhapur,Kagal,20.0446,77.19324,Grapes,Thompson Seedless,Seedling,Loamy,6.9,40.4,Bacterial Blight,Severe,51.1,Leaf Miner,Sticky Trap,13,27.3,77.9,13.8,12.8,68.1,Too Bright,0.47,0.895,Yes,Yes,Early Blight,Fruit Fly,Medium
KR_01552,2026-006-02,Nanded,Loha,20.41082,75.81029,Rice,Phule Samruddhi,Fruiting,Sandy Loam,7.5,30.4,Late Blight,Moderate,23.2,Whitefly,Pheromone Trap,0,29.7,59.5,42.5,10.6,45.0,Too Bright,0.576,0.704,No,Yes,Bacterial Blight,Thrips,Medium
KR_01553,2026-003-27,Pune,Baramati,19.33541,75.26644,Potato,Kufri Jyoti,Maturity,Black Soil,7.06,45.6,Early Blight,Mild,12.2,Bollworm,Pheromone Trap,0,28.5,47.4,33.9,17.0,81.9,Too Dark,0.208,0.563,Yes,Yes,Late Blight,Whitefly,Low
KR_01554,2026-002-09,Ahmednagar,Sangamner,20.16842,74.8116,Tomato,Hybrid-T1,Maturity,Black Soil,6.2,37.8,Bacterial Blight,Severe,62.3,Fruit Fly,Pheromone Trap,0,20.4,78.7,25.8,8.0,87.6,Good,0.812,0.985,Yes,No,Blast,Aphids,Medium
KR_01555,2026-005-06,Ahmednagar,Rahata,19.24568,73.62327,Soybean,MAUS-71,Vegetative,Black Soil,7.78,64.6,Bacterial Blight,Severe,84.3,Whitefly,Light Trap,7,31.6,75.7,11.4,6.3,91.1,Good,0.957,0.751,No,No,Rust,Fruit Fly,Medium
KR_01556,2026-003-14,Kolhapur,Karveer,17.33285,77.67679,Rice,Phule Samruddhi,Maturity,Clay Loam,6.12,29.6,Leaf Miner,Severe,56.3,Stem Borer,Light Trap,13,20.7,85.0,44.8,13.5,81.1,Blurry,0.271,0.475,Yes,Yes,Thrips,Whitefly,High
KR_01557,2026-003-17,Nanded,Biloli,17.52856,78.47236,Cotton,RCH-659,Maturity,Loamy,7.52,23.6,Blast,Severe,66.1,Leaf Miner,Light Trap,10,35.7,81.2,39.6,12.5,82.4,Too Bright,0.468,0.883,Yes,Yes,Downy Mildew,Aphids,High
KR_01558,2026-001-15,Nanded,Loha,17.41411,78.12494,Grapes,Sharad Seedless,Seedling,Black Soil,6.65,41.6,Leaf Mold,Mild,14.0,Aphids,Light Trap,6,21.7,82.2,4.5,8.3,36.5,Poor Framing,0.431,0.526,No,Yes,Late Blight,Bollworm,Medium
KR_01559,2026-005-12,Pune,Daund,16.74058,78.04135,Tomato,Hybrid-T1,Vegetative,Sandy Loam,6.12,70.6,Downy Mildew,Moderate,33.1,Bollworm,Pheromone Trap,10,25.9,85.4,14.3,3.6,35.7,Good,0.976,0.807,No,No,Leaf Spot,Fruit Fly,Medium
KR_01560,2026-004-15,Ahmednagar,Shrigonda,20.63839,79.20355,Soybean,MACS-1188,Fruiting,Black Soil,7.53,58.4,Leaf Mold,Mild,19.8,Leaf Miner,Light Trap,5,29.3,40.8,42.8,9.2,91.4,Too Bright,0.425,0.576,No,Yes,Leaf Spot,Aphids,Medium
KR_01561,2026-007-03,Nashik,Malegaon,20.586,76.12698,Cotton,Bunny Bt,Seedling,Black Soil,7.85,67.5,Leaf Spot,Severe,80.8,Whitefly,Sticky Trap,7,21.1,87.1,44.1,14.3,31.9,Too Bright,0.272,0.842,Yes,Yes,Rust,Aphids,High
KR_01562,2026-001-03,Nashik,Sinnar,17.84052,78.50209,Potato,Kufri Jyoti,Fruiting,Black Soil,6.38,54.0,Leaf Miner,Mild,19.6,Whitefly,Sticky Trap,6,28.8,37.6,12.5,11.4,24.8,Too Dark,0.52,0.467,Yes,Yes,Late Blight,Fruit Fly,Medium
KR_01563,2026-003-11,Sangli,Tasgaon,21.07498,77.60026,Potato,Kufri Jyoti,Maturity,Sandy Loam,6.13,72.8,Rust,Moderate,38.0,Thrips,Pheromone Trap,13,36.5,82.7,44.9,14.1,51.3,Too Bright,0.347,0.943,Yes,Yes,Thrips,Leaf Miner,Medium
KR_01564,2026-005-18,Nanded,Deglur,16.04526,74.77687,Rice,Phule Samruddhi,Fruiting,Clay Loam,7.67,38.2,Bollworm,Moderate,39.9,Leaf Miner,Light Trap,13,20.2,80.9,22.1,19.1,86.0,Poor Framing,0.433,0.719,Yes,Yes,Brown Spot,Bollworm,Medium
KR_01565,2026-005-25,Pune,Baramati,16.30534,79.26931,Soybean,MACS-1188,Maturity,Sandy Loam,7.48,66.8,Thrips,Moderate,21.3,Thrips,Light Trap,8,32.8,59.0,43.1,19.8,39.7,Poor Framing,0.33,0.937,Yes,Yes,Late Blight,Thrips,Medium
KR_01566,2026-005-05,Satara,Karad,18.71527,77.08951,Potato,Kufri Pukhraj,Seedling,Clay Loam,7.87,18.9,Leaf Miner,Mild,8.4,Leaf Miner,Light Trap,13,35.6,60.9,11.3,14.3,94.5,Good,0.823,0.588,Yes,Yes,Bacterial Blight,Bollworm,Medium
KR_01567,2026-002-11,Solapur,Akkalkot,21.36718,77.28653,Soybean,JS-335,Seedling,Black Soil,6.94,19.7,Late Blight,Mild,11.4,Fruit Fly,Light Trap,3,31.4,49.2,33.7,17.7,49.4,Poor Framing,0.247,0.476,No,Yes,Leaf Miner,Aphids,Low
KR_01568,2026-007-14,Solapur,Mangalwedhe,20.38094,75.81073,Soybean,MAUS-71,Fruiting,Clay Loam,7.67,21.7,Leaf Mold,Severe,80.8,Bollworm,Light Trap,15,27.5,50.8,22.8,21.5,47.2,Blurry,0.246,0.788,Yes,Yes,Rust,Aphids,Medium
KR_01569,2026-002-06,Nanded,Biloli,19.78432,76.92673,Rice,Indrayani,Maturity,Loamy,6.66,66.8,Late Blight,Mild,5.2,Leaf Miner,Sticky Trap,2,25.2,63.5,8.0,9.3,56.4,Good,0.799,0.965,Yes,No,Late Blight,Aphids,Medium
KR_01570,2026-002-28,Solapur,Malshiras,19.26155,78.25466,Tomato,Abhinav,Fruiting,Sandy Loam,7.3,65.8,Leaf Miner,Severe,51.0,Thrips,Sticky Trap,6,33.1,85.2,2.7,6.3,27.2,Good,0.965,0.741,No,Yes,Rust,Aphids,High
KR_01571,2026-004-13,Ahmednagar,Sangamner,19.94726,77.77896,Grapes,Sharad Seedless,Vegetative,Sandy Loam,6.14,69.1,Bollworm,Moderate,38.6,Fruit Fly,Pheromone Trap,0,24.4,59.7,40.5,17.1,52.7,Blurry,0.268,0.759,Yes,Yes,Thrips,Leaf Miner,Medium
KR_01572,2026-008-04,Solapur,Pandharpur,20.29302,74.58255,Grapes,Sharad Seedless,Fruiting,Loamy,8.04,63.6,Bacterial Blight,Mild,7.7,Aphids,Pheromone Trap,6,18.9,69.6,42.5,2.4,66.1,Good,0.903,0.752,Yes,No,Leaf Miner,Whitefly,Medium
KR_01573,2026-001-13,Nashik,Niphad,20.90619,77.90535,Soybean,MAUS-71,Seedling,Sandy Loam,6.86,47.4,Blast,Moderate,49.8,Thrips,Sticky Trap,1,33.1,52.4,2.8,16.0,43.5,Poor Framing,0.522,0.451,Yes,Yes,Leaf Mold,Aphids,Medium
KR_01574,2026-001-11,Kolhapur,Kagal,18.58671,77.05482,Soybean,JS-335,Flowering,Sandy Loam,7.94,73.7,Powdery Mildew,Moderate,42.4,Aphids,Sticky Trap,1,23.3,35.9,22.0,12.6,21.8,Too Bright,0.405,0.592,No,Yes,Early Blight,Aphids,Medium
KR_01575,2026-006-03,Solapur,Mangalwedhe,20.92263,76.54522,Tomato,Arka Rakshak,Flowering,Clay Loam,7.06,69.2,Blast,Mild,13.1,Thrips,Light Trap,5,18.5,45.1,7.4,8.5,20.2,Good,0.836,0.571,No,Yes,Leaf Mold,Thrips,Low
KR_01576,2026-005-04,Sangli,Miraj,20.94101,73.76093,Tomato,Hybrid-T1,Flowering,Sandy Loam,6.18,63.1,Blast,Severe,66.6,Aphids,Pheromone Trap,1,32.4,42.7,44.3,14.4,71.9,Too Dark,0.486,0.497,No,Yes,Leaf Mold,Bollworm,Medium
KR_01577,2026-008-27,Satara,Phaltan,21.32275,79.08609,Soybean,JS-335,Flowering,Black Soil,8.15,59.1,Thrips,Mild,10.0,Fruit Fly,Sticky Trap,4,34.0,44.7,18.3,14.5,78.8,Blurry,0.453,0.932,Yes,Yes,Rust,Whitefly,Low
KR_01578,2026-004-14,Nashik,Dindori,19.12043,73.98055,Tomato,Hybrid-T1,Vegetative,Black Soil,6.83,18.1,Downy Mildew,Mild,11.2,Bollworm,Light Trap,2,21.0,87.3,38.1,6.1,35.4,Too Bright,0.334,0.497,Yes,Yes,Blast,Bollworm,Medium
KR_01579,2026-008-20,Ahmednagar,Rahata,20.78299,75.79942,Rice,Phule Samruddhi,Flowering,Loamy,6.18,33.4,Leaf Mold,Moderate,40.8,Fruit Fly,Pheromone Trap,6,37.0,69.8,5.3,2.6,60.7,Good,0.998,0.945,Yes,No,Early Blight,Bollworm,Medium
KR_01580,2026-004-25,Nanded,Loha,20.29581,74.55905,Cotton,Bt Cotton,Vegetative,Loamy,6.02,24.3,Leaf Miner,Mild,8.6,Thrips,Sticky Trap,2,31.2,59.4,34.6,8.5,65.8,Poor Framing,0.497,0.718,No,Yes,Rust,Stem Borer,Low
KR_01581,2026-004-28,Ahmednagar,Shrigonda,18.35808,74.97088,Soybean,JS-335,Vegetative,Sandy Loam,6.09,24.6,Thrips,Moderate,42.0,Fruit Fly,Light Trap,7,22.1,66.7,16.1,21.4,56.4,Too Dark,0.226,0.75,Yes,Yes,Stem Borer,Whitefly,Medium
KR_01582,2026-002-14,Solapur,Akkalkot,16.16248,76.95659,Potato,Kufri Pukhraj,Vegetative,Clay Loam,7.02,18.0,Powdery Mildew,Moderate,30.9,Fruit Fly,Light Trap,3,20.1,70.5,29.7,19.5,69.2,Blurry,0.578,0.668,Yes,Yes,Powdery Mildew,Thrips,Medium
KR_01583,2026-002-22,Ahmednagar,Kopargaon,16.07574,78.03772,Grapes,Sharad Seedless,Maturity,Black Soil,7.93,24.6,Bacterial Blight,Mild,9.7,Aphids,Sticky Trap,6,21.4,77.3,17.0,12.1,21.7,Too Dark,0.549,0.816,Yes,Yes,Stem Borer,Stem Borer,Medium
KR_01584,2026-007-23,Nanded,Loha,16.04613,73.80152,Potato,Local-P1,Maturity,Loamy,6.58,58.5,Bacterial Blight,Severe,82.0,Whitefly,Pheromone Trap,5,36.2,97.1,24.8,2.9,81.5,Good,0.974,0.738,No,Yes,Downy Mildew,Fruit Fly,High
KR_01585,2026-004-15,Nanded,Biloli,18.12789,74.18819,Rice,Indrayani,Maturity,Black Soil,6.93,40.3,Leaf Mold,Moderate,28.9,Whitefly,Light Trap,11,31.7,49.0,1.1,12.0,61.7,Too Bright,0.516,0.69,No,Yes,Powdery Mildew,Fruit Fly,Medium
KR_01586,2026-008-20,Pune,Shirur,18.30048,78.69956,Potato,Kufri Pukhraj,Fruiting,Black Soil,6.63,68.7,Thrips,Moderate,34.6,Leaf Miner,Pheromone Trap,0,22.7,81.2,9.0,3.6,81.4,Good,0.96,0.811,Yes,No,Stem Borer,Stem Borer,Medium
KR_01587,2026-006-15,Kolhapur,Hatkanangale,17.35439,78.42794,Grapes,Sharad Seedless,Vegetative,Sandy Loam,6.5,63.4,Thrips,Severe,80.2,Stem Borer,Light Trap,7,20.7,68.3,37.1,20.4,53.0,Good,0.929,0.667,Yes,Yes,Brown Spot,Bollworm,Medium
KR_01588,2026-003-23,Nanded,Deglur,18.23455,75.51027,Soybean,MAUS-71,Maturity,Sandy Loam,7.12,34.0,Downy Mildew,Moderate,38.9,Whitefly,Pheromone Trap,11,35.1,44.4,15.0,17.8,50.1,Good,0.903,0.759,No,No,Rust,Thrips,Medium
KR_01589,2026-003-12,Ahmednagar,Shrigonda,19.3874,73.28386,Cotton,Bt Cotton,Seedling,Clay Loam,8.18,30.6,Early Blight,Severe,55.7,Leaf Miner,Sticky Trap,9,26.1,68.9,9.8,6.7,30.1,Good,0.959,0.81,Yes,No,Downy Mildew,Thrips,Medium
KR_01590,2026-001-21,Kolhapur,Karveer,19.57051,77.80766,Rice,Basmati,Fruiting,Sandy Loam,8.16,18.6,Thrips,Moderate,31.2,Whitefly,Pheromone Trap,0,29.2,54.7,22.1,20.5,73.0,Too Bright,0.547,0.537,No,Yes,Early Blight,Fruit Fly,Medium
KR_01591,2026-004-02,Ahmednagar,Kopargaon,16.28758,73.50147,Grapes,Thompson Seedless,Flowering,Sandy Loam,7.4,17.2,Brown Spot,Moderate,22.3,Fruit Fly,Pheromone Trap,0,29.3,89.0,0.3,13.9,52.2,Good,0.959,0.77,Yes,No,Thrips,Stem Borer,Medium
KR_01592,2026-001-16,Solapur,Mangalwedhe,18.61014,76.37303,Tomato,Arka Rakshak,Vegetative,Sandy Loam,7.6,66.7,Powdery Mildew,Severe,55.5,Aphids,Pheromone Trap,0,36.2,54.8,37.0,4.6,69.9,Too Dark,0.457,0.954,Yes,Yes,Bollworm,Whitefly,Medium
KR_01593,2026-003-15,Nashik,Malegaon,16.59954,79.44706,Tomato,Arka Rakshak,Maturity,Black Soil,6.1,41.8,Powdery Mildew,Severe,73.8,Stem Borer,Pheromone Trap,0,35.3,86.3,4.2,15.4,39.0,Poor Framing,0.266,0.468,No,Yes,Late Blight,Thrips,High
KR_01594,2026-008-11,Ahmednagar,Rahata,17.3486,78.40832,Cotton,RCH-659,Fruiting,Clay Loam,6.31,40.9,Powdery Mildew,Moderate,21.8,Whitefly,Sticky Trap,5,28.0,65.9,38.2,3.6,94.7,Good,0.789,0.652,Yes,Yes,Thrips,Whitefly,Medium
KR_01595,2026-008-23,Sangli,Kavathe Mahankal,21.07671,76.66457,Cotton,Bt Cotton,Seedling,Clay Loam,7.59,55.4,Bollworm,Moderate,24.9,Aphids,Sticky Trap,13,22.6,85.8,4.5,20.5,40.5,Good,0.755,0.806,Yes,No,Stem Borer,Aphids,Medium
KR_01596,2026-003-26,Kolhapur,Hatkanangale,19.53852,74.86723,Rice,Basmati,Vegetative,Clay Loam,6.76,42.4,Downy Mildew,Moderate,40.8,Leaf Miner,Pheromone Trap,15,32.1,53.6,38.6,11.4,54.1,Good,0.909,0.863,Yes,No,Bollworm,Aphids,Medium
KR_01597,2026-003-10,Nashik,Niphad,16.56526,78.16807,Grapes,Thompson Seedless,Seedling,Black Soil,6.07,49.3,Blast,Moderate,28.7,Thrips,Sticky Trap,10,29.4,39.2,28.6,4.6,29.7,Good,0.856,0.723,Yes,Yes,Rust,Aphids,Medium
KR_01598,2026-001-14,Pune,Daund,17.88313,75.36423,Potato,Kufri Pukhraj,Maturity,Black Soil,6.8,65.9,Blast,Severe,59.1,Whitefly,Pheromone Trap,15,25.6,95.6,29.3,21.9,36.7,Good,0.98,0.599,Yes,Yes,Rust,Aphids,High
KR_01599,2026-005-21,Nashik,Dindori,21.16994,74.55571,Tomato,Abhinav,Flowering,Loamy,6.71,42.0,Leaf Mold,Severe,82.1,Aphids,Pheromone Trap,10,18.4,64.8,44.9,16.6,29.3,Too Dark,0.274,0.794,Yes,Yes,Stem Borer,Leaf Miner,Medium
KR_01600,2026-003-15,Satara,Phaltan,21.34668,76.32063,Tomato,Arka Rakshak,Flowering,Sandy Loam,8.14,45.3,Early Blight,Moderate,39.1,Stem Borer,Pheromone Trap,0,27.8,58.3,1.3,2.5,47.8,Poor Framing,0.525,0.795,Yes,Yes,Downy Mildew,Whitefly,Medium
KR_01601,2026-003-23,Ahmednagar,Sangamner,21.12421,77.63966,Rice,Indrayani,Fruiting,Clay Loam,7.0,15.2,Brown Spot,Moderate,38.2,Bollworm,Pheromone Trap,12,27.8,65.3,28.0,17.8,83.6,Good,0.86,0.949,Yes,No,Powdery Mildew,Fruit Fly,Medium
KR_01602,2026-002-11,Nashik,Sinnar,20.59692,74.26857,Potato,Local-P1,Maturity,Clay Loam,6.8,31.1,Leaf Miner,Severe,78.2,Fruit Fly,Sticky Trap,9,36.3,63.5,32.3,13.4,59.5,Blurry,0.564,0.851,No,Yes,Downy Mildew,Fruit Fly,Medium
KR_01603,2026-002-28,Sangli,Tasgaon,18.6492,74.84639,Potato,Kufri Pukhraj,Fruiting,Black Soil,6.79,34.9,Early Blight,Mild,19.4,Bollworm,Light Trap,10,36.8,49.3,35.7,6.3,42.4,Blurry,0.348,0.657,No,Yes,Leaf Miner,Leaf Miner,Medium
KR_01604,2026-001-28,Nanded,Loha,17.98426,73.32882,Soybean,MACS-1188,Seedling,Black Soil,6.38,46.7,Late Blight,Severe,71.4,Fruit Fly,Pheromone Trap,15,34.3,67.9,41.2,19.4,54.8,Too Bright,0.202,0.515,No,Yes,Thrips,Whitefly,Medium
KR_01605,2026-004-03,Ahmednagar,Sangamner,16.52555,77.55115,Tomato,Hybrid-T1,Fruiting,Sandy Loam,8.17,27.5,Leaf Mold,Severe,66.4,Fruit Fly,Sticky Trap,12,35.4,95.2,12.9,18.9,48.9,Good,0.795,0.942,Yes,No,Rust,Fruit Fly,High
KR_01606,2026-007-06,Pune,Indapur,16.89935,74.69096,Rice,Basmati,Fruiting,Loamy,7.89,16.6,Thrips,Moderate,38.1,Leaf Miner,Pheromone Trap,0,24.2,76.0,11.3,14.2,80.7,Too Bright,0.252,0.831,Yes,Yes,Late Blight,Fruit Fly,Medium
KR_01607,2026-002-21,Kolhapur,Kagal,19.04075,73.04123,Potato,Kufri Pukhraj,Vegetative,Sandy Loam,6.98,54.9,Leaf Miner,Moderate,33.5,Thrips,Light Trap,9,24.6,75.8,2.6,15.5,87.2,Good,0.837,0.799,No,No,Rust,Whitefly,Medium
KR_01608,2026-001-06,Ahmednagar,Shrigonda,16.71819,73.12312,Tomato,Abhinav,Seedling,Clay Loam,6.61,59.5,Downy Mildew,Moderate,48.5,Bollworm,Light Trap,13,26.0,63.9,16.9,2.2,26.9,Good,0.764,0.596,No,Yes,Rust,Bollworm,Medium
KR_01609,2026-004-08,Ahmednagar,Rahata,17.88191,75.46019,Tomato,Arka Rakshak,Flowering,Sandy Loam,7.86,65.8,Leaf Miner,Moderate,30.9,Stem Borer,Sticky Trap,12,20.8,75.5,21.6,8.0,77.3,Good,0.751,0.731,Yes,Yes,Brown Spot,Thrips,Medium
KR_01610,2026-008-23,Solapur,Malshiras,20.9016,75.77046,Cotton,Bt Cotton,Seedling,Clay Loam,7.55,53.2,Leaf Miner,Moderate,45.1,Aphids,Light Trap,14,24.7,88.5,40.4,6.4,82.7,Good,0.83,0.869,Yes,No,Stem Borer,Aphids,High
KR_01611,2026-008-20,Pune,Baramati,16.81913,74.31555,Potato,Kufri Pukhraj,Fruiting,Black Soil,6.77,18.4,Leaf Spot,Mild,11.5,Bollworm,Light Trap,10,19.1,62.3,39.2,3.2,63.2,Good,0.78,0.698,Yes,Yes,Powdery Mildew,Aphids,Medium
KR_01612,2026-008-28,Ahmednagar,Sangamner,16.5715,76.73916,Tomato,Arka Rakshak,Fruiting,Black Soil,7.25,52.3,Powdery Mildew,Mild,13.2,Whitefly,Light Trap,14,19.4,44.4,27.2,20.6,36.4,Too Dark,0.501,0.715,Yes,Yes,Leaf Mold,Aphids,Low
KR_01613,2026-002-26,Satara,Wai,20.27726,75.95925,Potato,Kufri Jyoti,Maturity,Sandy Loam,7.18,40.8,Stem Borer,Moderate,49.6,Fruit Fly,Sticky Trap,12,22.7,90.0,42.5,13.4,53.0,Good,0.814,0.89,Yes,No,Thrips,Aphids,High
KR_01614,2026-004-15,Nashik,Malegaon,18.11554,78.57632,Cotton,Bunny Bt,Seedling,Black Soil,7.84,37.9,Brown Spot,Severe,68.3,Bollworm,Pheromone Trap,1,28.7,92.1,8.2,7.9,82.4,Good,0.985,0.797,Yes,No,Brown Spot,Bollworm,High
KR_01615,2026-001-09,Pune,Baramati,20.3567,73.36359,Tomato,Abhinav,Vegetative,Loamy,7.45,37.4,Bacterial Blight,Moderate,39.2,Stem Borer,Pheromone Trap,0,33.9,42.4,29.4,14.2,47.3,Too Dark,0.527,0.833,Yes,Yes,Bacterial Blight,Aphids,Medium
KR_01616,2026-001-01,Nanded,Hadgaon,17.67125,77.76879,Tomato,Abhinav,Flowering,Black Soil,7.69,55.9,Blast,Mild,9.9,Fruit Fly,Sticky Trap,10,23.1,44.8,25.2,19.7,95.0,Poor Framing,0.482,0.489,Yes,Yes,Stem Borer,Leaf Miner,Low
KR_01617,2026-006-18,Ahmednagar,Kopargaon,19.52271,78.37462,Potato,Local-P1,Flowering,Clay Loam,7.89,40.7,Powdery Mildew,Moderate,46.1,Stem Borer,Pheromone Trap,0,20.1,82.8,30.8,18.7,40.9,Good,0.852,0.917,No,No,Rust,Fruit Fly,High
KR_01618,2026-003-25,Satara,Wai,21.49411,73.07572,Potato,Kufri Pukhraj,Fruiting,Sandy Loam,7.57,50.4,Leaf Mold,Moderate,41.0,Thrips,Pheromone Trap,1,18.7,38.7,3.8,3.3,79.0,Too Bright,0.386,0.692,Yes,Yes,Bacterial Blight,Leaf Miner,Medium
KR_01619,2026-008-25,Satara,Wai,19.35925,77.11884,Grapes,Thompson Seedless,Flowering,Black Soil,7.34,50.4,Leaf Miner,Moderate,45.9,Thrips,Sticky Trap,6,19.5,71.1,3.7,4.7,84.6,Blurry,0.305,0.592,Yes,Yes,Stem Borer,Thrips,Medium
KR_01620,2026-005-25,Nanded,Loha,16.30176,75.12793,Tomato,Abhinav,Vegetative,Sandy Loam,7.11,29.1,Powdery Mildew,Severe,62.6,Whitefly,Pheromone Trap,4,31.9,51.1,35.5,3.8,59.2,Good,0.779,0.619,Yes,Yes,Rust,Leaf Miner,Medium
KR_01621,2026-002-24,Pune,Indapur,20.78552,73.66728,Potato,Kufri Pukhraj,Flowering,Clay Loam,7.77,29.9,Bollworm,Mild,12.1,Bollworm,Sticky Trap,10,27.9,42.4,14.4,5.3,44.0,Poor Framing,0.641,0.569,No,Yes,Late Blight,Thrips,Low
KR_01622,2026-003-17,Nashik,Niphad,20.38724,76.1366,Potato,Kufri Jyoti,Flowering,Sandy Loam,6.36,15.4,Early Blight,Mild,10.6,Bollworm,Light Trap,12,23.2,78.5,34.7,16.4,23.3,Good,0.945,0.542,Yes,Yes,Rust,Aphids,Medium
KR_01623,2026-007-05,Ahmednagar,Sangamner,18.00923,75.25744,Grapes,Sharad Seedless,Vegetative,Loamy,7.91,59.9,Healthy,Mild,3.8,Bollworm,Sticky Trap,11,30.8,89.7,42.8,16.5,48.5,Too Dark,0.227,0.64,No,Yes,Powdery Mildew,Thrips,Medium
KR_01624,2026-004-24,Nashik,Dindori,21.34578,79.45851,Tomato,Hybrid-T1,Seedling,Black Soil,6.81,66.0,Powdery Mildew,Moderate,42.4,Aphids,Sticky Trap,14,24.0,41.0,40.7,7.7,90.7,Blurry,0.616,0.859,Yes,Yes,Blast,Leaf Miner,Medium
KR_01625,2026-006-15,Nanded,Hadgaon,17.30003,75.85728,Potato,Kufri Pukhraj,Maturity,Sandy Loam,6.02,16.9,Brown Spot,Severe,84.0,Whitefly,Sticky Trap,9,21.7,93.9,24.8,21.9,79.9,Poor Framing,0.268,0.873,No,Yes,Powdery Mildew,Leaf Miner,High
KR_01626,2026-002-07,Sangli,Tasgaon,20.17707,76.16368,Grapes,Thompson Seedless,Flowering,Clay Loam,6.25,52.6,Bollworm,Moderate,24.6,Thrips,Sticky Trap,1,28.8,90.2,9.2,7.6,50.6,Good,0.919,0.882,No,No,Bacterial Blight,Leaf Miner,Medium
KR_01627,2026-008-26,Solapur,Akkalkot,16.41344,77.40555,Grapes,Sonaka,Fruiting,Loamy,7.33,30.8,Leaf Spot,Mild,19.3,Leaf Miner,Sticky Trap,9,32.4,73.8,3.2,4.9,63.7,Poor Framing,0.37,0.615,No,Yes,Blast,Fruit Fly,Medium
KR_01628,2026-007-25,Pune,Daund,17.35007,77.23103,Cotton,Bt Cotton,Flowering,Sandy Loam,7.32,54.1,Powdery Mildew,Moderate,47.4,Whitefly,Pheromone Trap,0,31.7,59.1,13.5,4.8,43.9,Too Dark,0.438,0.782,Yes,Yes,Leaf Miner,Aphids,Medium
KR_01629,2026-004-06,Solapur,Mangalwedhe,16.50469,78.82315,Grapes,Sonaka,Flowering,Loamy,8.01,27.3,Downy Mildew,Mild,8.7,Stem Borer,Pheromone Trap,0,28.2,56.0,25.1,12.1,39.6,Too Bright,0.322,0.883,Yes,Yes,Brown Spot,Bollworm,Low
KR_01630,2026-003-04,Ahmednagar,Shrigonda,21.46469,78.54891,Rice,Basmati,Vegetative,Black Soil,7.57,19.6,Bollworm,Severe,51.9,Whitefly,Sticky Trap,9,35.8,79.0,2.1,13.8,55.2,Blurry,0.348,0.867,Yes,Yes,Brown Spot,Stem Borer,Medium
KR_01631,2026-005-06,Pune,Daund,16.36139,76.41646,Cotton,RCH-659,Flowering,Sandy Loam,6.37,20.5,Leaf Mold,Mild,6.6,Thrips,Light Trap,6,30.4,62.8,17.4,6.3,29.8,Good,0.777,0.489,Yes,Yes,Rust,Aphids,Medium
KR_01632,2026-001-27,Nashik,Malegaon,18.71662,75.04564,Potato,Kufri Pukhraj,Seedling,Black Soil,7.17,51.7,Stem Borer,Mild,11.2,Bollworm,Pheromone Trap,2,25.6,43.2,20.4,19.5,26.7,Too Dark,0.246,0.76,No,Yes,Bollworm,Aphids,Low
KR_01633,2026-007-20,Pune,Baramati,19.31081,78.45293,Tomato,Hybrid-T1,Vegetative,Sandy Loam,7.91,25.2,Early Blight,Severe,72.8,Bollworm,Sticky Trap,11,27.0,37.0,1.3,13.3,86.6,Too Bright,0.241,0.772,No,Yes,Leaf Miner,Stem Borer,Medium
KR_01634,2026-006-01,Ahmednagar,Kopargaon,20.75918,74.53543,Grapes,Sonaka,Fruiting,Sandy Loam,6.31,44.5,Healthy,Mild,3.2,Bollworm,Pheromone Trap,6,19.0,79.9,43.0,2.1,75.2,Good,0.922,0.929,Yes,No,Early Blight,Whitefly,Medium
KR_01635,2026-005-01,Pune,Baramati,19.90641,75.73788,Tomato,Hybrid-T1,Seedling,Clay Loam,7.85,49.6,Downy Mildew,Mild,12.3,Bollworm,Pheromone Trap,11,19.5,80.9,15.2,6.1,69.3,Good,0.898,0.689,No,Yes,Leaf Miner,Thrips,Medium
KR_01636,2026-001-26,Nanded,Deglur,16.5135,78.4761,Tomato,Abhinav,Fruiting,Sandy Loam,6.74,29.2,Healthy,Mild,1.1,Bollworm,Light Trap,4,31.2,67.6,42.9,11.6,35.0,Too Dark,0.246,0.623,Yes,Yes,Leaf Mold,Aphids,Medium
KR_01637,2026-007-28,Kolhapur,Shirol,18.15517,77.43082,Grapes,Thompson Seedless,Seedling,Black Soil,7.57,40.8,Early Blight,Severe,54.2,Stem Borer,Pheromone Trap,1,37.3,84.2,10.1,7.1,67.5,Good,0.967,0.645,Yes,Yes,Leaf Mold,Stem Borer,High
KR_01638,2026-007-27,Kolhapur,Kagal,16.3226,76.26303,Cotton,Bunny Bt,Seedling,Loamy,6.47,15.1,Downy Mildew,Moderate,23.2,Fruit Fly,Pheromone Trap,0,26.1,36.0,26.7,19.0,77.4,Good,0.864,0.636,Yes,Yes,Leaf Mold,Thrips,Medium
KR_01639,2026-003-01,Nanded,Loha,19.48699,78.21569,Tomato,Arka Rakshak,Seedling,Sandy Loam,7.42,54.7,Powdery Mildew,Severe,81.8,Leaf Miner,Pheromone Trap,4,32.7,77.5,15.6,12.8,75.8,Poor Framing,0.451,0.86,Yes,Yes,Stem Borer,Aphids,Medium
KR_01640,2026-006-12,Kolhapur,Karveer,16.44183,73.1942,Rice,Phule Samruddhi,Flowering,Loamy,6.63,37.6,Late Blight,Mild,8.8,Aphids,Sticky Trap,12,37.3,89.2,21.1,15.7,63.7,Blurry,0.622,0.632,No,Yes,Late Blight,Fruit Fly,Medium
KR_01641,2026-001-21,Solapur,Mangalwedhe,16.27357,77.08284,Soybean,JS-335,Maturity,Clay Loam,6.67,26.7,Thrips,Moderate,47.3,Whitefly,Sticky Trap,13,27.0,43.8,11.4,10.3,27.0,Too Bright,0.475,0.755,Yes,Yes,Late Blight,Fruit Fly,Medium
KR_01642,2026-003-18,Pune,Indapur,19.90371,77.32259,Grapes,Sonaka,Vegetative,Loamy,6.92,41.4,Leaf Spot,Moderate,21.8,Stem Borer,Pheromone Trap,0,21.3,57.9,15.1,20.2,35.2,Poor Framing,0.236,0.587,No,Yes,Downy Mildew,Thrips,Medium
KR_01643,2026-007-21,Solapur,Malshiras,17.64543,73.45022,Tomato,Arka Rakshak,Seedling,Black Soil,6.85,73.6,Rust,Severe,51.3,Aphids,Pheromone Trap,9,21.3,42.2,8.5,6.1,76.6,Too Dark,0.534,0.784,Yes,Yes,Rust,Thrips,Medium
KR_01644,2026-003-12,Sangli,Kavathe Mahankal,21.23723,73.88802,Soybean,JS-335,Flowering,Sandy Loam,6.61,39.5,Rust,Moderate,27.8,Fruit Fly,Pheromone Trap,7,21.4,91.6,25.0,20.4,24.3,Poor Framing,0.235,0.918,Yes,Yes,Late Blight,Whitefly,Medium
KR_01645,2026-006-27,Nanded,Hadgaon,20.84347,76.76318,Rice,Basmati,Fruiting,Black Soil,6.02,46.3,Powdery Mildew,Moderate,42.9,Bollworm,Pheromone Trap,4,28.6,89.1,14.5,8.7,20.8,Good,0.985,0.813,Yes,No,Brown Spot,Leaf Miner,High
KR_01646,2026-007-21,Pune,Daund,20.73605,76.65819,Potato,Local-P1,Flowering,Loamy,7.17,27.3,Bacterial Blight,Mild,17.8,Whitefly,Sticky Trap,1,37.4,65.8,40.0,16.7,60.6,Too Bright,0.224,0.753,Yes,Yes,Rust,Bollworm,Medium
KR_01647,2026-004-17,Nanded,Loha,20.35461,76.85106,Cotton,Bunny Bt,Seedling,Black Soil,7.62,34.7,Leaf Miner,Moderate,46.4,Fruit Fly,Light Trap,1,30.0,96.6,13.2,20.2,43.0,Poor Framing,0.325,0.909,Yes,Yes,Leaf Spot,Stem Borer,High
KR_01648,2026-004-22,Nanded,Loha,18.58953,76.58998,Tomato,Hybrid-T1,Seedling,Clay Loam,7.64,37.4,Rust,Moderate,38.2,Fruit Fly,Light Trap,10,21.3,58.8,33.2,6.5,73.7,Good,0.792,0.593,No,Yes,Brown Spot,Aphids,Medium
KR_01649,2026-002-16,Pune,Daund,17.79556,75.63575,Tomato,Abhinav,Seedling,Clay Loam,6.14,29.0,Early Blight,Mild,18.4,Stem Borer,Sticky Trap,3,37.0,84.2,20.0,18.2,61.0,Poor Framing,0.485,0.683,Yes,Yes,Brown Spot,Bollworm,Medium
KR_01650,2026-002-03,Solapur,Pandharpur,19.74389,74.20956,Rice,Phule Samruddhi,Vegetative,Sandy Loam,6.55,54.7,Rust,Mild,13.0,Bollworm,Sticky Trap,2,28.5,51.6,12.9,5.8,84.5,Blurry,0.522,0.885,Yes,Yes,Stem Borer,Leaf Miner,Low
KR_01651,2026-007-17,Pune,Indapur,18.53696,79.01381,Rice,Indrayani,Fruiting,Loamy,6.56,47.3,Bollworm,Mild,16.0,Whitefly,Pheromone Trap,0,23.6,95.7,41.9,17.9,51.3,Good,0.863,0.956,No,No,Powdery Mildew,Bollworm,Medium
KR_01652,2026-005-03,Sangli,Tasgaon,18.22489,74.50406,Cotton,Bunny Bt,Seedling,Black Soil,7.2,53.8,Bollworm,Severe,59.4,Fruit Fly,Sticky Trap,1,20.5,69.5,16.5,12.1,94.7,Good,0.851,0.937,No,No,Blast,Aphids,Medium
KR_01653,2026-004-17,Solapur,Pandharpur,17.54716,79.16203,Cotton,Bt Cotton,Maturity,Loamy,6.95,43.0,Late Blight,Severe,63.2,Aphids,Light Trap,4,33.3,62.3,9.1,7.2,34.6,Good,0.879,0.553,Yes,Yes,Brown Spot,Thrips,Medium
KR_01654,2026-003-21,Solapur,Malshiras,17.8665,77.22457,Soybean,MAUS-71,Maturity,Loamy,6.61,21.7,Leaf Spot,Moderate,28.6,Stem Borer,Pheromone Trap,10,21.7,65.1,25.2,21.5,61.6,Good,0.801,0.576,Yes,Yes,Powdery Mildew,Thrips,Medium
KR_01655,2026-005-20,Nanded,Hadgaon,19.07046,75.36456,Rice,Basmati,Maturity,Loamy,6.8,45.2,Early Blight,Mild,19.0,Bollworm,Sticky Trap,7,27.7,60.7,29.3,6.9,43.3,Poor Framing,0.413,0.731,Yes,Yes,Stem Borer,Aphids,Medium
KR_01656,2026-003-26,Solapur,Akkalkot,16.87925,78.9368,Cotton,RCH-659,Maturity,Black Soil,6.01,56.7,Early Blight,Severe,53.1,Stem Borer,Pheromone Trap,0,21.5,67.2,11.0,14.2,36.6,Poor Framing,0.443,0.939,Yes,Yes,Brown Spot,Aphids,Medium
KR_01657,2026-004-02,Satara,Karad,19.55436,76.3598,Tomato,Arka Rakshak,Maturity,Clay Loam,6.55,34.0,Leaf Miner,Moderate,37.7,Leaf Miner,Sticky Trap,4,36.9,83.9,1.9,5.3,42.5,Too Dark,0.386,0.914,No,Yes,Downy Mildew,Thrips,Medium
KR_01658,2026-006-13,Ahmednagar,Shrigonda,19.03897,73.41937,Potato,Kufri Jyoti,Fruiting,Sandy Loam,6.08,20.1,Leaf Mold,Mild,17.7,Fruit Fly,Pheromone Trap,0,23.1,62.6,44.6,19.7,31.9,Too Dark,0.291,0.677,No,Yes,Rust,Stem Borer,Medium
KR_01659,2026-007-12,Satara,Koregaon,20.48953,76.5395,Potato,Kufri Jyoti,Seedling,Sandy Loam,8.04,63.2,Stem Borer,Moderate,33.8,Stem Borer,Pheromone Trap,0,32.1,96.4,8.5,19.5,71.5,Poor Framing,0.23,0.58,Yes,Yes,Leaf Miner,Aphids,Medium
KR_01660,2026-005-11,Nanded,Deglur,16.40949,75.68375,Potato,Kufri Jyoti,Vegetative,Sandy Loam,6.89,57.5,Powdery Mildew,Mild,12.1,Aphids,Pheromone Trap,7,33.6,92.1,22.8,9.1,45.7,Blurry,0.417,0.718,Yes,Yes,Bacterial Blight,Thrips,Medium
KR_01661,2026-006-26,Nashik,Sinnar,16.40541,79.32423,Potato,Kufri Pukhraj,Vegetative,Sandy Loam,6.64,47.5,Bacterial Blight,Mild,7.9,Fruit Fly,Light Trap,1,23.6,51.9,14.6,5.6,82.4,Blurry,0.423,0.484,No,Yes,Rust,Thrips,Low
KR_01662,2026-002-01,Pune,Baramati,20.17463,77.70135,Rice,Phule Samruddhi,Fruiting,Loamy,7.68,50.3,Healthy,Mild,1.1,Bollworm,Pheromone Trap,0,24.1,65.9,4.1,5.1,65.8,Too Bright,0.447,0.455,Yes,Yes,Thrips,Fruit Fly,Medium
KR_01663,2026-006-16,Ahmednagar,Kopargaon,19.38095,76.85832,Soybean,JS-335,Maturity,Loamy,7.37,27.4,Leaf Spot,Mild,6.9,Whitefly,Pheromone Trap,0,21.3,64.7,16.5,7.8,46.9,Good,0.766,0.958,Yes,No,Thrips,Fruit Fly,Medium
KR_01664,2026-007-26,Kolhapur,Karveer,17.16704,73.965,Soybean,MACS-1188,Fruiting,Black Soil,7.73,38.7,Leaf Miner,Moderate,49.7,Stem Borer,Sticky Trap,9,32.3,83.1,37.7,4.3,62.9,Good,0.945,0.853,Yes,No,Leaf Miner,Bollworm,High
KR_01665,2026-005-13,Pune,Indapur,17.06523,73.51536,Grapes,Thompson Seedless,Seedling,Loamy,6.65,56.6,Downy Mildew,Severe,66.2,Fruit Fly,Pheromone Trap,0,28.2,53.5,10.4,15.8,85.9,Blurry,0.59,0.977,Yes,Yes,Thrips,Fruit Fly,Medium
KR_01666,2026-005-04,Solapur,Akkalkot,19.06127,74.74409,Rice,Phule Samruddhi,Seedling,Clay Loam,6.43,67.3,Blast,Mild,17.2,Whitefly,Light Trap,10,26.0,80.7,24.6,17.6,90.3,Too Bright,0.508,0.728,Yes,Yes,Blast,Aphids,Medium
KR_01667,2026-002-22,Kolhapur,Shirol,17.0613,79.37734,Tomato,Abhinav,Fruiting,Clay Loam,6.73,23.3,Leaf Mold,Moderate,23.6,Fruit Fly,Sticky Trap,14,27.0,38.6,7.4,15.1,87.0,Good,0.97,0.774,Yes,No,Late Blight,Whitefly,Medium
KR_01668,2026-008-23,Satara,Phaltan,20.35094,74.78541,Cotton,RCH-659,Flowering,Sandy Loam,7.33,50.8,Bollworm,Mild,12.1,Whitefly,Light Trap,7,33.6,88.7,25.1,4.6,38.7,Blurry,0.488,0.958,Yes,Yes,Leaf Miner,Whitefly,Medium
KR_01669,2026-002-26,Pune,Indapur,16.60038,78.11876,Tomato,Hybrid-T1,Vegetative,Sandy Loam,7.07,44.0,Downy Mildew,Moderate,38.2,Aphids,Sticky Trap,12,20.6,95.0,12.2,14.0,56.0,Blurry,0.236,0.678,Yes,Yes,Brown Spot,Aphids,Medium
KR_01670,2026-001-17,Satara,Phaltan,20.60617,74.9873,Tomato,Abhinav,Seedling,Loamy,7.18,52.5,Leaf Mold,Moderate,47.1,Thrips,Sticky Trap,7,34.8,63.2,25.7,21.1,37.7,Blurry,0.374,0.596,Yes,Yes,Downy Mildew,Leaf Miner,Medium
KR_01671,2026-001-20,Nanded,Loha,17.2757,78.93393,Tomato,Hybrid-T1,Maturity,Loamy,6.71,17.3,Leaf Mold,Severe,60.0,Bollworm,Pheromone Trap,13,23.8,64.4,8.4,3.1,30.3,Good,0.818,0.842,Yes,No,Downy Mildew,Bollworm,Medium
KR_01672,2026-001-18,Sangli,Miraj,18.53037,77.21999,Potato,Kufri Jyoti,Flowering,Black Soil,7.0,73.8,Leaf Miner,Severe,58.6,Bollworm,Pheromone Trap,7,34.0,50.1,24.6,21.6,90.5,Good,0.807,0.674,Yes,Yes,Bacterial Blight,Bollworm,Medium
KR_01673,2026-002-25,Sangli,Kavathe Mahankal,18.6417,73.00276,Cotton,RCH-659,Flowering,Black Soil,6.23,49.5,Powdery Mildew,Severe,57.5,Aphids,Sticky Trap,6,25.9,94.8,37.7,20.6,95.0,Blurry,0.511,0.614,Yes,Yes,Downy Mildew,Whitefly,High
KR_01674,2026-005-13,Nanded,Loha,16.36877,75.62116,Grapes,Thompson Seedless,Fruiting,Sandy Loam,6.15,69.1,Brown Spot,Mild,16.5,Stem Borer,Sticky Trap,13,28.7,50.2,42.2,4.8,80.0,Good,0.826,0.892,Yes,No,Late Blight,Aphids,Medium
KR_01675,2026-005-17,Ahmednagar,Rahata,20.45038,74.79923,Grapes,Thompson Seedless,Seedling,Clay Loam,6.49,32.8,Brown Spot,Mild,17.3,Fruit Fly,Pheromone Trap,5,20.1,41.9,20.9,5.4,87.9,Poor Framing,0.214,0.491,No,Yes,Blast,Whitefly,Medium
KR_01676,2026-005-01,Satara,Phaltan,21.04418,78.13407,Potato,Local-P1,Seedling,Clay Loam,6.54,38.1,Healthy,Mild,1.4,Bollworm,Pheromone Trap,7,28.5,74.0,26.9,2.8,26.0,Good,0.969,0.552,Yes,Yes,Thrips,Thrips,Medium
KR_01677,2026-003-01,Kolhapur,Shirol,21.10319,77.14222,Tomato,Abhinav,Flowering,Loamy,7.02,46.0,Leaf Miner,Mild,14.8,Thrips,Light Trap,8,34.3,80.9,37.9,16.9,34.8,Good,0.807,0.898,Yes,No,Leaf Miner,Stem Borer,Medium
KR_01678,2026-007-12,Pune,Indapur,17.41074,75.08314,Grapes,Thompson Seedless,Seedling,Sandy Loam,7.91,58.0,Stem Borer,Severe,79.4,Leaf Miner,Pheromone Trap,1,32.6,52.7,0.6,3.6,43.0,Poor Framing,0.493,0.924,Yes,Yes,Early Blight,Thrips,Medium
KR_01679,2026-002-10,Satara,Koregaon,17.40597,79.49457,Tomato,Abhinav,Flowering,Clay Loam,6.94,18.8,Leaf Miner,Severe,78.0,Thrips,Pheromone Trap,12,37.6,63.7,7.8,7.2,70.6,Good,0.968,0.959,Yes,No,Bacterial Blight,Thrips,Medium
KR_01680,2026-006-28,Nashik,Niphad,21.40144,75.20773,Cotton,RCH-659,Vegetative,Clay Loam,7.39,72.8,Downy Mildew,Mild,17.4,Fruit Fly,Light Trap,13,33.0,35.1,31.2,12.2,82.7,Good,0.946,0.99,No,No,Leaf Mold,Aphids,Medium
KR_01681,2026-002-04,Pune,Shirur,20.06435,74.67255,Soybean,JS-335,Flowering,Black Soil,7.11,59.1,Healthy,Mild,1.9,Bollworm,Sticky Trap,11,23.2,82.8,30.2,8.3,40.2,Poor Framing,0.358,0.521,Yes,Yes,Rust,Leaf Miner,Medium
KR_01682,2026-002-19,Sangli,Kavathe Mahankal,17.20189,75.85759,Tomato,Hybrid-T1,Seedling,Loamy,6.26,47.1,Downy Mildew,Moderate,26.8,Aphids,Pheromone Trap,5,35.8,82.8,24.6,15.8,39.1,Good,0.765,0.985,Yes,No,Leaf Mold,Whitefly,Medium
KR_01683,2026-003-17,Sangli,Jat,21.25711,76.64131,Rice,Indrayani,Flowering,Loamy,7.28,65.9,Early Blight,Moderate,39.0,Aphids,Sticky Trap,3,32.9,45.0,17.5,2.5,44.8,Good,0.942,0.649,Yes,Yes,Bollworm,Leaf Miner,Medium
KR_01684,2026-006-16,Kolhapur,Karveer,18.04307,78.17828,Cotton,RCH-659,Maturity,Loamy,7.84,63.6,Bacterial Blight,Mild,14.0,Aphids,Pheromone Trap,4,19.4,71.4,15.8,21.4,57.8,Good,0.94,0.745,Yes,Yes,Stem Borer,Aphids,Medium
KR_01685,2026-008-04,Satara,Koregaon,19.32199,76.36981,Soybean,MAUS-71,Seedling,Sandy Loam,7.79,52.9,Bacterial Blight,Severe,68.3,Stem Borer,Pheromone Trap,0,34.7,82.5,15.4,10.4,70.2,Poor Framing,0.536,0.796,No,Yes,Early Blight,Thrips,High
KR_01686,2026-008-16,Nanded,Deglur,18.86224,78.34648,Soybean,MAUS-71,Maturity,Black Soil,7.46,17.1,Thrips,Severe,81.7,Bollworm,Pheromone Trap,7,33.9,71.9,2.1,11.3,41.6,Too Dark,0.209,0.665,No,Yes,Blast,Stem Borer,Medium
KR_01687,2026-003-14,Nashik,Malegaon,16.22788,74.93617,Tomato,Arka Rakshak,Seedling,Sandy Loam,6.52,21.1,Rust,Mild,18.6,Leaf Miner,Pheromone Trap,0,20.4,46.4,34.1,17.1,56.6,Good,0.903,0.974,No,No,Downy Mildew,Stem Borer,Medium
KR_01688,2026-004-06,Pune,Baramati,18.2831,75.73192,Grapes,Sonaka,Seedling,Sandy Loam,7.53,28.2,Stem Borer,Moderate,30.2,Whitefly,Sticky Trap,12,32.1,69.3,4.8,15.7,87.1,Too Bright,0.287,0.802,No,Yes,Downy Mildew,Bollworm,Medium
KR_01689,2026-005-09,Pune,Indapur,16.87086,76.69681,Soybean,MACS-1188,Fruiting,Clay Loam,6.15,59.3,Bollworm,Moderate,41.3,Whitefly,Sticky Trap,1,29.0,36.5,13.4,13.1,69.8,Good,0.849,0.526,No,Yes,Late Blight,Leaf Miner,Medium
KR_01690,2026-002-21,Nanded,Hadgaon,16.20975,73.31359,Grapes,Sonaka,Fruiting,Sandy Loam,8.11,29.2,Bollworm,Moderate,35.9,Fruit Fly,Sticky Trap,2,23.1,69.2,1.8,11.2,80.5,Good,0.876,0.589,Yes,Yes,Leaf Miner,Aphids,Medium
KR_01691,2026-002-27,Pune,Baramati,16.33524,75.24149,Grapes,Thompson Seedless,Fruiting,Sandy Loam,7.63,47.4,Thrips,Moderate,42.7,Stem Borer,Pheromone Trap,0,35.7,85.8,10.1,14.6,85.3,Good,0.908,0.855,Yes,No,Brown Spot,Aphids,High
KR_01692,2026-003-13,Solapur,Pandharpur,20.08256,79.12022,Potato,Kufri Jyoti,Maturity,Sandy Loam,6.69,28.0,Healthy,Mild,2.7,Bollworm,Pheromone Trap,6,34.8,47.2,39.5,2.5,65.9,Too Dark,0.278,0.875,Yes,Yes,Rust,Aphids,Low
KR_01693,2026-007-08,Nanded,Deglur,17.85653,75.90336,Rice,Basmati,Maturity,Sandy Loam,7.77,62.4,Leaf Spot,Moderate,26.3,Thrips,Pheromone Trap,2,20.1,88.8,6.3,21.7,35.2,Good,0.961,0.638,No,Yes,Rust,Thrips,Medium
KR_01694,2026-003-03,Nashik,Dindori,18.99246,78.89474,Cotton,RCH-659,Maturity,Black Soil,7.18,56.5,Leaf Mold,Moderate,46.4,Bollworm,Pheromone Trap,0,21.3,58.1,0.9,8.1,86.0,Good,0.849,0.622,Yes,Yes,Rust,Aphids,Medium
KR_01695,2026-007-17,Pune,Shirur,18.44872,77.56539,Potato,Local-P1,Seedling,Black Soil,8.12,66.1,Leaf Miner,Moderate,50.0,Stem Borer,Sticky Trap,15,25.3,40.4,6.9,10.4,35.1,Poor Framing,0.403,0.489,Yes,Yes,Rust,Leaf Miner,Medium
KR_01696,2026-004-22,Ahmednagar,Rahata,18.30551,77.79814,Tomato,Hybrid-T1,Flowering,Sandy Loam,7.95,36.0,Bacterial Blight,Moderate,32.8,Fruit Fly,Pheromone Trap,4,30.7,53.4,8.4,5.4,54.5,Blurry,0.442,0.901,Yes,Yes,Rust,Aphids,Medium
KR_01697,2026-004-05,Sangli,Jat,18.13416,78.85332,Soybean,MACS-1188,Vegetative,Loamy,7.44,59.4,Healthy,Mild,0.5,Bollworm,Pheromone Trap,0,35.6,57.2,29.1,3.2,53.0,Poor Framing,0.565,0.64,Yes,Yes,Leaf Spot,Leaf Miner,Low
KR_01698,2026-007-06,Nashik,Dindori,19.57775,76.16982,Grapes,Sonaka,Flowering,Sandy Loam,6.17,20.5,Powdery Mildew,Severe,71.3,Leaf Miner,Pheromone Trap,11,31.7,89.1,10.4,17.6,78.0,Good,0.848,0.949,Yes,No,Leaf Miner,Aphids,High
KR_01699,2026-008-20,Pune,Indapur,19.95802,77.73971,Grapes,Sonaka,Vegetative,Black Soil,8.13,49.5,Healthy,Mild,1.8,Bollworm,Pheromone Trap,0,30.8,48.6,41.9,7.5,62.6,Blurry,0.312,0.685,No,Yes,Bollworm,Aphids,Low
KR_01700,2026-006-04,Nashik,Niphad,18.67983,74.91616,Cotton,RCH-659,Seedling,Sandy Loam,7.02,23.7,Brown Spot,Severe,67.2,Whitefly,Sticky Trap,1,30.3,53.0,13.6,14.1,35.1,Blurry,0.438,0.844,Yes,Yes,Rust,Thrips,Medium
KR_01701,2026-001-09,Ahmednagar,Sangamner,19.08083,76.83001,Potato,Kufri Jyoti,Flowering,Clay Loam,7.16,24.3,Stem Borer,Moderate,34.3,Thrips,Sticky Trap,2,35.2,46.8,23.5,4.6,77.6,Too Bright,0.452,0.701,Yes,Yes,Early Blight,Stem Borer,Medium
KR_01702,2026-005-11,Pune,Baramati,21.36101,77.82485,Tomato,Arka Rakshak,Fruiting,Clay Loam,7.57,66.0,Stem Borer,Moderate,32.0,Fruit Fly,Light Trap,9,34.0,94.2,5.2,13.9,25.0,Good,0.768,0.506,Yes,Yes,Powdery Mildew,Thrips,Medium
KR_01703,2026-004-12,Kolhapur,Karveer,16.16041,77.07017,Tomato,Hybrid-T1,Seedling,Clay Loam,7.77,41.4,Powdery Mildew,Moderate,41.3,Bollworm,Light Trap,7,26.4,68.7,23.3,4.3,60.9,Good,0.78,0.696,No,Yes,Blast,Whitefly,Medium
KR_01704,2026-002-21,Kolhapur,Kagal,19.50463,78.67899,Rice,Phule Samruddhi,Flowering,Loamy,6.63,72.2,Brown Spot,Severe,68.8,Stem Borer,Pheromone Trap,0,31.3,90.4,36.3,8.2,56.5,Poor Framing,0.573,0.618,No,Yes,Late Blight,Bollworm,High
KR_01705,2026-006-13,Pune,Daund,19.59768,74.90386,Grapes,Sonaka,Maturity,Black Soil,7.38,64.7,Blast,Severe,58.2,Aphids,Pheromone Trap,9,23.0,70.3,40.3,2.2,27.4,Blurry,0.414,0.523,Yes,Yes,Rust,Bollworm,Medium
KR_01706,2026-006-18,Sangli,Tasgaon,20.55171,76.91023,Potato,Local-P1,Fruiting,Clay Loam,6.6,49.2,Late Blight,Mild,18.7,Bollworm,Sticky Trap,1,33.9,96.2,34.1,13.9,32.0,Too Dark,0.486,0.916,No,Yes,Leaf Spot,Leaf Miner,Medium
KR_01707,2026-002-28,Kolhapur,Shirol,16.85004,76.67279,Grapes,Thompson Seedless,Flowering,Clay Loam,6.28,40.0,Thrips,Severe,65.8,Thrips,Pheromone Trap,0,36.6,50.0,39.5,8.4,33.4,Blurry,0.22,0.457,No,Yes,Bacterial Blight,Aphids,Medium
KR_01708,2026-004-28,Solapur,Mangalwedhe,19.84452,73.00033,Tomato,Hybrid-T1,Fruiting,Loamy,7.2,38.8,Blast,Severe,66.8,Thrips,Sticky Trap,1,36.2,97.9,0.5,3.4,93.9,Too Dark,0.228,0.862,Yes,Yes,Stem Borer,Thrips,High
KR_01709,2026-007-07,Nanded,Loha,21.19619,75.54532,Soybean,JS-335,Flowering,Black Soil,6.77,73.7,Leaf Spot,Severe,84.7,Bollworm,Light Trap,1,34.8,77.8,5.7,16.7,66.5,Good,0.958,0.825,Yes,No,Leaf Miner,Thrips,Medium
KR_01710,2026-005-13,Sangli,Tasgaon,17.68493,74.08871,Grapes,Sonaka,Maturity,Sandy Loam,7.42,31.2,Thrips,Moderate,38.3,Bollworm,Sticky Trap,13,33.5,49.5,10.8,9.3,59.3,Good,0.864,0.972,Yes,No,Powdery Mildew,Whitefly,Medium
KR_01711,2026-007-15,Nashik,Dindori,20.88117,73.53069,Potato,Local-P1,Flowering,Clay Loam,8.11,48.3,Thrips,Mild,5.3,Leaf Miner,Sticky Trap,10,26.2,52.1,26.3,15.4,24.3,Too Bright,0.594,0.913,Yes,Yes,Late Blight,Bollworm,Low
KR_01712,2026-007-06,Sangli,Tasgaon,19.58645,74.21616,Potato,Kufri Pukhraj,Maturity,Black Soil,6.6,66.0,Bollworm,Severe,52.8,Bollworm,Pheromone Trap,0,27.5,45.2,12.6,17.7,42.6,Poor Framing,0.418,0.767,No,Yes,Rust,Thrips,Medium
KR_01713,2026-006-12,Ahmednagar,Rahata,20.04261,78.46189,Grapes,Sharad Seedless,Vegetative,Black Soil,7.82,48.4,Powdery Mildew,Mild,10.3,Aphids,Pheromone Trap,0,19.6,91.9,12.8,6.2,77.2,Poor Framing,0.647,0.691,Yes,Yes,Powdery Mildew,Thrips,Medium
KR_01714,2026-002-19,Sangli,Kavathe Mahankal,18.7512,77.56432,Potato,Kufri Jyoti,Fruiting,Black Soil,6.0,35.4,Powdery Mildew,Severe,53.9,Aphids,Sticky Trap,7,35.1,52.2,8.4,14.4,93.6,Good,0.946,0.816,No,No,Bollworm,Fruit Fly,Medium
KR_01715,2026-002-28,Solapur,Akkalkot,20.92951,75.91507,Rice,Phule Samruddhi,Flowering,Sandy Loam,6.11,71.3,Brown Spot,Moderate,40.7,Thrips,Pheromone Trap,9,27.6,53.2,17.4,21.1,91.8,Poor Framing,0.439,0.63,No,Yes,Blast,Aphids,Medium
KR_01716,2026-008-13,Solapur,Mangalwedhe,19.93864,78.3919,Rice,Phule Samruddhi,Fruiting,Clay Loam,7.38,55.5,Blast,Mild,17.3,Aphids,Sticky Trap,1,31.6,44.9,0.7,17.6,62.3,Good,0.864,0.566,Yes,Yes,Downy Mildew,Thrips,Medium
KR_01717,2026-001-06,Sangli,Kavathe Mahankal,17.97956,75.32199,Rice,Phule Samruddhi,Maturity,Sandy Loam,7.23,71.4,Bollworm,Severe,62.6,Leaf Miner,Light Trap,13,25.7,97.1,22.5,12.5,69.3,Good,0.969,0.725,No,Yes,Rust,Aphids,High
KR_01718,2026-007-20,Sangli,Miraj,17.43657,77.16698,Tomato,Hybrid-T1,Vegetative,Clay Loam,6.98,45.6,Stem Borer,Severe,59.3,Leaf Miner,Pheromone Trap,5,27.1,53.1,5.3,16.0,47.9,Good,0.917,0.658,Yes,Yes,Rust,Aphids,Medium
KR_01719,2026-002-03,Sangli,Jat,20.69013,76.39674,Potato,Kufri Jyoti,Seedling,Loamy,7.18,41.5,Leaf Miner,Moderate,39.6,Whitefly,Pheromone Trap,10,23.6,46.2,23.6,4.1,34.3,Poor Framing,0.268,0.491,Yes,Yes,Rust,Aphids,Medium
KR_01720,2026-008-13,Solapur,Mangalwedhe,19.92606,75.45328,Cotton,RCH-659,Flowering,Loamy,6.83,64.8,Blast,Severe,84.0,Aphids,Pheromone Trap,10,21.1,41.3,11.6,15.7,63.0,Good,0.868,0.989,No,No,Powdery Mildew,Stem Borer,Medium
KR_01721,2026-006-07,Nashik,Sinnar,16.44823,77.10705,Soybean,MAUS-71,Maturity,Sandy Loam,7.77,38.0,Leaf Mold,Moderate,35.7,Bollworm,Pheromone Trap,4,19.6,74.0,28.6,5.3,25.1,Poor Framing,0.401,0.755,No,Yes,Brown Spot,Aphids,Medium
KR_01722,2026-004-02,Pune,Shirur,21.46056,73.12895,Tomato,Abhinav,Fruiting,Clay Loam,6.14,69.4,Brown Spot,Severe,76.3,Whitefly,Pheromone Trap,10,25.3,83.0,42.4,10.5,44.1,Too Dark,0.592,0.501,No,Yes,Blast,Bollworm,High
KR_01723,2026-007-06,Nanded,Biloli,18.48062,74.36308,Potato,Kufri Pukhraj,Vegetative,Clay Loam,7.28,33.4,Stem Borer,Severe,58.3,Leaf Miner,Pheromone Trap,6,29.7,45.9,7.9,9.4,58.7,Poor Framing,0.282,0.638,Yes,Yes,Leaf Spot,Bollworm,Medium
KR_01724,2026-004-27,Nanded,Deglur,20.24305,75.16413,Tomato,Abhinav,Vegetative,Sandy Loam,6.44,44.7,Healthy,Mild,0.8,Bollworm,Pheromone Trap,0,27.3,74.9,43.1,4.6,75.8,Good,0.991,0.452,Yes,Yes,Rust,Leaf Miner,Medium
KR_01725,2026-004-12,Kolhapur,Hatkanangale,17.14311,74.81893,Grapes,Sonaka,Vegetative,Sandy Loam,8.14,27.5,Leaf Mold,Moderate,31.9,Bollworm,Light Trap,11,21.6,85.7,29.9,11.9,80.9,Good,0.788,0.644,Yes,Yes,Leaf Spot,Stem Borer,Medium
KR_01726,2026-006-26,Pune,Baramati,16.71889,74.28694,Grapes,Sharad Seedless,Flowering,Black Soil,6.58,59.7,Powdery Mildew,Moderate,36.1,Thrips,Light Trap,1,30.7,82.3,37.0,21.8,45.0,Poor Framing,0.412,0.924,No,Yes,Bollworm,Fruit Fly,Medium
KR_01727,2026-006-19,Nashik,Dindori,20.20114,78.81665,Soybean,MACS-1188,Maturity,Black Soil,6.01,36.9,Blast,Severe,54.7,Whitefly,Sticky Trap,4,23.4,66.9,1.6,9.5,62.2,Poor Framing,0.301,0.631,Yes,Yes,Downy Mildew,Whitefly,Medium
KR_01728,2026-001-19,Pune,Shirur,19.06099,78.73924,Potato,Kufri Pukhraj,Fruiting,Clay Loam,7.17,38.4,Blast,Mild,5.7,Whitefly,Pheromone Trap,8,32.2,48.1,38.9,6.0,59.3,Blurry,0.481,0.847,No,Yes,Powdery Mildew,Leaf Miner,Low
KR_01729,2026-003-07,Kolhapur,Shirol,17.6719,75.96368,Tomato,Hybrid-T1,Seedling,Sandy Loam,7.78,15.9,Downy Mildew,Severe,79.4,Whitefly,Pheromone Trap,9,29.9,73.6,43.5,2.8,49.8,Too Dark,0.62,0.918,Yes,Yes,Brown Spot,Thrips,Medium
KR_01730,2026-001-27,Satara,Wai,16.99925,74.63837,Soybean,MACS-1188,Fruiting,Loamy,7.52,49.4,Leaf Miner,Mild,17.4,Aphids,Light Trap,14,34.9,81.6,11.1,17.2,45.5,Good,0.94,0.88,No,No,Late Blight,Thrips,Medium
KR_01731,2026-001-01,Satara,Karad,16.59846,78.30223,Rice,Indrayani,Maturity,Sandy Loam,7.49,70.0,Brown Spot,Mild,9.0,Leaf Miner,Sticky Trap,11,23.8,55.8,6.1,7.2,64.6,Good,0.822,0.462,No,Yes,Stem Borer,Aphids,Low
KR_01732,2026-005-14,Pune,Shirur,16.71177,76.42177,Potato,Local-P1,Maturity,Loamy,6.58,29.1,Healthy,Mild,3.2,Bollworm,Light Trap,10,19.9,93.7,15.1,17.2,65.3,Blurry,0.252,0.958,Yes,Yes,Stem Borer,Stem Borer,Medium
KR_01733,2026-007-16,Nanded,Loha,17.57232,78.84748,Potato,Kufri Pukhraj,Fruiting,Sandy Loam,7.28,36.8,Downy Mildew,Mild,18.6,Bollworm,Sticky Trap,1,30.8,37.5,2.4,6.9,89.7,Blurry,0.225,0.712,No,Yes,Leaf Spot,Fruit Fly,Medium
KR_01734,2026-003-06,Satara,Karad,16.37873,77.84826,Rice,Phule Samruddhi,Vegetative,Loamy,6.64,63.7,Powdery Mildew,Severe,70.0,Leaf Miner,Light Trap,14,27.1,69.3,33.4,15.8,34.6,Too Dark,0.27,0.601,No,Yes,Stem Borer,Thrips,Medium
KR_01735,2026-006-06,Nashik,Malegaon,18.87124,78.11139,Rice,Basmati,Flowering,Loamy,7.59,28.0,Bacterial Blight,Mild,10.8,Stem Borer,Pheromone Trap,0,33.4,89.3,13.1,21.7,83.9,Poor Framing,0.509,0.989,No,Yes,Stem Borer,Stem Borer,Medium
KR_01736,2026-004-23,Satara,Koregaon,17.38402,75.40293,Grapes,Sharad Seedless,Seedling,Loamy,7.27,28.6,Leaf Miner,Severe,72.5,Bollworm,Pheromone Trap,7,36.2,78.7,27.6,5.8,68.2,Blurry,0.325,0.64,No,Yes,Thrips,Whitefly,Medium
KR_01737,2026-008-01,Nanded,Deglur,20.3327,73.51796,Potato,Local-P1,Flowering,Loamy,7.68,49.8,Leaf Mold,Moderate,30.2,Stem Borer,Pheromone Trap,10,24.9,67.1,44.6,8.9,88.2,Good,0.806,0.85,Yes,No,Rust,Aphids,Medium
KR_01738,2026-008-28,Ahmednagar,Kopargaon,19.06654,76.91953,Tomato,Abhinav,Flowering,Sandy Loam,7.5,32.1,Leaf Mold,Severe,76.4,Thrips,Pheromone Trap,0,23.4,50.7,16.5,14.9,85.2,Good,0.889,0.866,Yes,No,Powdery Mildew,Thrips,Medium
KR_01739,2026-001-24,Solapur,Pandharpur,17.83117,73.84622,Cotton,RCH-659,Flowering,Black Soil,7.75,59.8,Healthy,Mild,4.5,Bollworm,Pheromone Trap,6,32.8,46.2,13.6,3.4,51.7,Blurry,0.401,0.934,Yes,Yes,Brown Spot,Stem Borer,Low
KR_01740,2026-008-03,Sangli,Kavathe Mahankal,17.66219,73.23012,Rice,Phule Samruddhi,Flowering,Loamy,7.85,65.5,Thrips,Mild,19.7,Thrips,Pheromone Trap,0,26.6,52.1,32.7,6.5,93.4,Poor Framing,0.23,0.984,No,Yes,Rust,Whitefly,Medium
KR_01741,2026-008-18,Sangli,Tasgaon,20.89297,77.62319,Rice,Indrayani,Seedling,Black Soil,6.74,65.6,Downy Mildew,Severe,58.7,Bollworm,Pheromone Trap,4,32.5,94.7,33.6,5.7,94.4,Good,0.934,0.867,No,No,Rust,Stem Borer,High
KR_01742,2026-006-13,Nanded,Hadgaon,18.39176,77.22842,Cotton,RCH-659,Flowering,Clay Loam,6.36,39.8,Bollworm,Mild,5.6,Leaf Miner,Pheromone Trap,0,27.2,40.0,1.8,3.4,22.7,Good,0.824,0.903,No,No,Brown Spot,Aphids,Low
KR_01743,2026-007-10,Kolhapur,Kagal,16.57632,77.80279,Grapes,Thompson Seedless,Maturity,Black Soil,6.06,30.4,Leaf Spot,Mild,14.9,Aphids,Pheromone Trap,0,26.8,79.0,30.9,16.6,80.4,Too Dark,0.278,0.467,Yes,Yes,Early Blight,Aphids,Medium
KR_01744,2026-002-11,Solapur,Malshiras,16.47079,73.477,Grapes,Sonaka,Flowering,Loamy,6.17,63.0,Thrips,Mild,8.3,Whitefly,Light Trap,9,24.3,59.4,0.7,10.6,92.5,Good,0.912,0.594,No,Yes,Early Blight,Fruit Fly,Low
KR_01745,2026-005-04,Ahmednagar,Kopargaon,19.11744,73.78286,Cotton,Bt Cotton,Fruiting,Sandy Loam,6.11,24.4,Thrips,Mild,13.1,Bollworm,Pheromone Trap,0,37.3,42.7,3.6,16.2,33.1,Poor Framing,0.412,0.502,No,Yes,Thrips,Whitefly,Low
KR_01746,2026-005-01,Solapur,Akkalkot,16.57771,78.57055,Tomato,Hybrid-T1,Flowering,Sandy Loam,6.41,34.1,Early Blight,Mild,17.7,Bollworm,Light Trap,4,28.0,39.7,6.6,10.8,44.1,Good,0.886,0.984,Yes,No,Leaf Mold,Thrips,Medium
KR_01747,2026-003-27,Ahmednagar,Kopargaon,20.06829,75.78534,Potato,Local-P1,Flowering,Loamy,7.79,39.5,Leaf Spot,Severe,50.5,Fruit Fly,Sticky Trap,13,19.5,89.9,44.2,20.9,72.9,Good,0.943,0.464,Yes,Yes,Powdery Mildew,Bollworm,High
KR_01748,2026-007-21,Nanded,Hadgaon,21.46667,76.817,Cotton,Bunny Bt,Vegetative,Sandy Loam,7.89,33.4,Leaf Spot,Moderate,41.3,Aphids,Pheromone Trap,10,21.0,57.4,28.6,8.0,44.8,Good,0.787,0.68,Yes,Yes,Rust,Whitefly,Medium
KR_01749,2026-001-17,Ahmednagar,Shrigonda,20.91829,76.56658,Soybean,MACS-1188,Flowering,Black Soil,8.09,25.3,Powdery Mildew,Severe,54.7,Stem Borer,Sticky Trap,14,23.4,36.2,19.2,11.4,66.3,Good,0.916,0.696,Yes,Yes,Rust,Aphids,Medium
KR_01750,2026-003-19,Satara,Wai,21.28351,76.27156,Rice,Basmati,Flowering,Black Soil,7.57,66.7,Early Blight,Mild,16.1,Bollworm,Pheromone Trap,8,29.5,38.5,8.1,7.0,52.4,Good,0.957,0.659,No,Yes,Leaf Spot,Aphids,Medium
KR_01751,2026-004-26,Sangli,Jat,19.73565,75.47881,Grapes,Sonaka,Maturity,Sandy Loam,8.09,40.4,Leaf Spot,Mild,17.8,Bollworm,Pheromone Trap,1,31.5,74.4,33.4,5.6,69.1,Blurry,0.376,0.711,Yes,Yes,Rust,Leaf Miner,Medium
KR_01752,2026-006-02,Nashik,Malegaon,20.48924,76.87093,Tomato,Hybrid-T1,Fruiting,Sandy Loam,7.54,53.6,Rust,Moderate,20.3,Leaf Miner,Pheromone Trap,6,18.4,75.7,29.2,8.8,89.1,Poor Framing,0.474,0.746,No,Yes,Powdery Mildew,Thrips,Medium
KR_01753,2026-002-24,Solapur,Malshiras,21.40946,79.26192,Grapes,Thompson Seedless,Flowering,Black Soil,7.29,59.9,Brown Spot,Mild,17.7,Whitefly,Sticky Trap,7,19.3,38.0,0.6,5.6,67.7,Too Dark,0.475,0.473,Yes,Yes,Bacterial Blight,Bollworm,Medium
KR_01754,2026-006-21,Kolhapur,Kagal,18.27181,76.3922,Potato,Local-P1,Vegetative,Loamy,7.84,20.6,Rust,Moderate,36.9,Leaf Miner,Pheromone Trap,0,37.5,83.3,19.6,8.7,21.7,Poor Framing,0.649,0.877,No,Yes,Leaf Miner,Aphids,Medium
KR_01755,2026-006-03,Nashik,Dindori,17.82822,75.89754,Cotton,Bunny Bt,Vegetative,Loamy,7.37,18.1,Blast,Mild,17.3,Stem Borer,Pheromone Trap,0,36.1,94.7,2.6,10.5,41.8,Blurry,0.399,0.644,Yes,Yes,Thrips,Whitefly,Medium
KR_01756,2026-002-27,Sangli,Tasgaon,17.42291,77.54169,Grapes,Thompson Seedless,Vegetative,Loamy,7.09,46.1,Stem Borer,Mild,11.9,Bollworm,Pheromone Trap,0,22.1,69.0,38.5,4.3,38.7,Good,0.951,0.453,No,Yes,Early Blight,Stem Borer,Medium
KR_01757,2026-002-14,Ahmednagar,Kopargaon,19.28504,76.99437,Potato,Kufri Jyoti,Flowering,Sandy Loam,7.55,47.1,Brown Spot,Moderate,23.4,Stem Borer,Light Trap,2,29.3,66.4,17.8,8.2,87.2,Good,0.82,0.873,No,No,Powdery Mildew,Leaf Miner,Medium
KR_01758,2026-007-18,Satara,Koregaon,19.79204,79.40374,Cotton,RCH-659,Vegetative,Sandy Loam,6.23,35.4,Brown Spot,Severe,77.7,Bollworm,Sticky Trap,12,25.6,82.0,8.1,15.0,83.9,Blurry,0.36,0.629,No,Yes,Leaf Spot,Fruit Fly,High
KR_01759,2026-004-13,Ahmednagar,Rahata,20.8045,77.06095,Rice,Indrayani,Maturity,Sandy Loam,8.15,36.1,Bollworm,Severe,83.7,Fruit Fly,Pheromone Trap,0,21.5,69.1,25.0,10.2,78.9,Good,0.826,0.571,Yes,Yes,Early Blight,Aphids,Medium
KR_01760,2026-007-24,Solapur,Mangalwedhe,18.8165,75.84932,Rice,Basmati,Fruiting,Clay Loam,6.97,60.2,Leaf Spot,Severe,75.0,Leaf Miner,Pheromone Trap,3,32.2,36.0,7.1,20.6,32.4,Blurry,0.442,0.88,No,Yes,Early Blight,Stem Borer,Medium
KR_01761,2026-006-18,Pune,Indapur,16.38166,79.34726,Rice,Indrayani,Fruiting,Sandy Loam,6.89,15.3,Blast,Severe,64.3,Bollworm,Pheromone Trap,0,25.6,91.2,39.3,12.1,66.6,Too Dark,0.505,0.831,No,Yes,Thrips,Leaf Miner,High
KR_01762,2026-007-02,Satara,Koregaon,19.06236,75.14269,Cotton,Bunny Bt,Seedling,Clay Loam,7.59,52.6,Healthy,Mild,3.4,Bollworm,Light Trap,4,28.5,92.0,33.6,9.5,91.1,Blurry,0.471,0.462,No,Yes,Late Blight,Stem Borer,Medium
KR_01763,2026-004-08,Satara,Karad,20.36511,79.42339,Rice,Basmati,Maturity,Loamy,7.9,35.7,Bollworm,Mild,5.3,Bollworm,Light Trap,15,30.0,97.4,27.8,17.9,72.9,Poor Framing,0.423,0.679,No,Yes,Thrips,Aphids,Medium
KR_01764,2026-001-27,Kolhapur,Hatkanangale,16.38742,76.94016,Rice,Basmati,Flowering,Clay Loam,6.6,20.2,Early Blight,Mild,16.7,Fruit Fly,Pheromone Trap,0,24.1,66.0,40.8,8.2,86.3,Good,0.864,0.944,No,No,Leaf Miner,Thrips,Medium
KR_01765,2026-007-03,Nashik,Niphad,20.54339,73.38721,Cotton,Bt Cotton,Fruiting,Sandy Loam,6.98,67.0,Thrips,Mild,5.5,Whitefly,Sticky Trap,12,24.4,85.1,38.3,14.6,81.4,Poor Framing,0.227,0.569,Yes,Yes,Early Blight,Whitefly,Medium
KR_01766,2026-008-22,Kolhapur,Kagal,21.34654,76.06646,Soybean,JS-335,Seedling,Sandy Loam,7.62,24.0,Thrips,Moderate,32.5,Bollworm,Pheromone Trap,9,35.6,85.1,31.1,21.2,39.8,Good,0.854,0.745,No,Yes,Blast,Thrips,Medium
KR_01767,2026-003-15,Sangli,Kavathe Mahankal,18.6074,73.39113,Grapes,Sonaka,Flowering,Sandy Loam,6.06,44.6,Late Blight,Mild,13.9,Whitefly,Pheromone Trap,0,36.0,38.8,37.1,13.8,44.6,Poor Framing,0.43,0.559,Yes,Yes,Thrips,Leaf Miner,Low
KR_01768,2026-003-19,Nashik,Sinnar,18.62668,75.48577,Tomato,Hybrid-T1,Vegetative,Loamy,6.65,74.8,Brown Spot,Mild,9.2,Bollworm,Sticky Trap,8,23.5,90.3,35.1,12.6,78.6,Blurry,0.568,0.881,Yes,Yes,Downy Mildew,Fruit Fly,Medium
KR_01769,2026-006-09,Nashik,Sinnar,18.63273,75.52521,Grapes,Thompson Seedless,Flowering,Clay Loam,7.48,30.5,Early Blight,Moderate,37.5,Fruit Fly,Sticky Trap,10,27.0,74.1,14.8,10.0,42.4,Good,0.795,0.477,Yes,Yes,Rust,Aphids,Medium
KR_01770,2026-004-09,Kolhapur,Karveer,20.76083,75.32733,Cotton,Bunny Bt,Vegetative,Black Soil,6.15,48.7,Powdery Mildew,Moderate,31.6,Leaf Miner,Sticky Trap,14,26.9,52.2,10.8,12.8,87.9,Good,0.967,0.731,No,Yes,Bollworm,Fruit Fly,Medium
KR_01771,2026-008-13,Kolhapur,Kagal,16.13559,78.3493,Potato,Kufri Pukhraj,Fruiting,Loamy,7.21,33.6,Leaf Miner,Mild,17.0,Bollworm,Sticky Trap,10,35.9,83.5,36.9,12.7,20.6,Poor Framing,0.391,0.734,Yes,Yes,Bollworm,Aphids,Medium
KR_01772,2026-004-03,Nashik,Niphad,21.15952,74.13164,Rice,Phule Samruddhi,Fruiting,Sandy Loam,6.23,36.1,Blast,Moderate,25.8,Aphids,Pheromone Trap,0,24.8,60.6,37.8,10.1,24.9,Blurry,0.295,0.953,Yes,Yes,Early Blight,Aphids,Medium
KR_01773,2026-008-19,Kolhapur,Shirol,19.84284,79.37883,Soybean,MAUS-71,Seedling,Sandy Loam,6.94,67.0,Leaf Mold,Mild,11.4,Whitefly,Light Trap,10,32.5,67.9,26.0,16.6,56.0,Blurry,0.278,0.848,Yes,Yes,Stem Borer,Stem Borer,Medium
KR_01774,2026-005-25,Satara,Koregaon,17.41698,75.63132,Potato,Kufri Jyoti,Fruiting,Black Soil,8.17,42.4,Downy Mildew,Moderate,22.8,Whitefly,Pheromone Trap,8,30.2,56.0,24.2,15.8,34.4,Good,0.999,0.773,No,No,Rust,Whitefly,Medium
KR_01775,2026-001-14,Pune,Shirur,20.27523,74.55465,Tomato,Arka Rakshak,Vegetative,Clay Loam,7.05,67.3,Brown Spot,Mild,19.5,Whitefly,Pheromone Trap,9,37.8,89.0,42.7,13.1,82.0,Good,0.771,0.5,Yes,Yes,Rust,Aphids,Medium
KR_01776,2026-002-02,Nanded,Loha,19.59238,79.33843,Potato,Local-P1,Seedling,Loamy,6.21,65.9,Bollworm,Moderate,29.4,Fruit Fly,Sticky Trap,4,26.0,53.6,15.7,21.8,84.1,Good,0.811,0.825,Yes,No,Leaf Mold,Thrips,Medium
KR_01777,2026-005-26,Pune,Shirur,17.85514,74.94942,Grapes,Thompson Seedless,Flowering,Black Soil,6.64,50.3,Bacterial Blight,Moderate,45.5,Aphids,Light Trap,8,18.8,41.0,36.2,2.0,52.1,Poor Framing,0.526,0.65,No,Yes,Rust,Bollworm,Medium
KR_01778,2026-003-21,Nashik,Niphad,17.68639,75.52429,Rice,Phule Samruddhi,Fruiting,Loamy,6.96,41.0,Downy Mildew,Severe,79.8,Whitefly,Pheromone Trap,12,24.2,71.5,39.4,2.6,50.3,Good,0.938,0.873,Yes,No,Brown Spot,Whitefly,Medium
KR_01779,2026-008-05,Solapur,Akkalkot,20.51377,78.098,Tomato,Hybrid-T1,Maturity,Clay Loam,6.32,51.6,Stem Borer,Mild,6.3,Aphids,Sticky Trap,5,26.9,95.3,28.9,17.8,45.6,Blurry,0.471,0.711,Yes,Yes,Rust,Whitefly,Medium
KR_01780,2026-001-10,Pune,Daund,16.76122,73.12038,Potato,Local-P1,Maturity,Loamy,7.29,64.2,Bacterial Blight,Mild,6.6,Bollworm,Pheromone Trap,10,25.0,53.8,44.3,3.6,61.9,Too Bright,0.227,0.789,Yes,Yes,Rust,Whitefly,Low
KR_01781,2026-003-19,Solapur,Mangalwedhe,20.75438,75.12375,Cotton,RCH-659,Fruiting,Black Soil,6.17,57.0,Early Blight,Mild,17.3,Whitefly,Sticky Trap,15,22.8,35.1,16.1,7.2,33.9,Poor Framing,0.597,0.515,Yes,Yes,Late Blight,Fruit Fly,Medium
KR_01782,2026-002-14,Pune,Baramati,19.27379,79.29681,Potato,Kufri Jyoti,Maturity,Black Soil,7.32,19.0,Downy Mildew,Moderate,22.0,Leaf Miner,Light Trap,6,37.1,70.8,0.8,18.8,47.6,Too Dark,0.336,0.793,Yes,Yes,Rust,Aphids,Medium
KR_01783,2026-006-08,Solapur,Mangalwedhe,20.15977,75.21213,Cotton,Bt Cotton,Fruiting,Black Soil,7.37,32.5,Bacterial Blight,Moderate,30.9,Aphids,Sticky Trap,11,23.3,73.3,9.3,3.2,83.8,Blurry,0.215,0.513,No,Yes,Early Blight,Aphids,Medium
KR_01784,2026-008-25,Satara,Wai,21.30877,77.84262,Tomato,Abhinav,Maturity,Black Soil,7.9,33.0,Bacterial Blight,Moderate,21.3,Stem Borer,Pheromone Trap,9,35.7,55.8,16.0,21.8,71.2,Too Dark,0.529,0.538,No,Yes,Leaf Miner,Fruit Fly,Medium
KR_01785,2026-005-23,Kolhapur,Shirol,16.44303,77.16127,Rice,Phule Samruddhi,Vegetative,Black Soil,7.38,29.1,Powdery Mildew,Severe,52.6,Stem Borer,Light Trap,8,26.8,36.7,39.0,21.7,31.6,Too Dark,0.611,0.629,Yes,Yes,Downy Mildew,Aphids,Medium
KR_01786,2026-005-17,Nashik,Niphad,16.79422,73.09107,Potato,Kufri Pukhraj,Maturity,Loamy,6.72,69.7,Blast,Severe,61.4,Fruit Fly,Sticky Trap,10,32.3,95.5,2.0,11.6,36.1,Blurry,0.293,0.495,No,Yes,Blast,Leaf Miner,High
KR_01787,2026-001-02,Sangli,Tasgaon,19.80548,75.96993,Potato,Kufri Jyoti,Maturity,Black Soil,7.77,30.4,Healthy,Mild,3.6,Bollworm,Pheromone Trap,12,31.1,93.2,0.6,3.1,25.4,Good,0.811,0.906,Yes,No,Rust,Aphids,Medium
KR_01788,2026-008-02,Kolhapur,Hatkanangale,17.67431,77.2716,Cotton,Bunny Bt,Vegetative,Loamy,7.46,45.4,Leaf Spot,Mild,18.1,Fruit Fly,Pheromone Trap,11,24.5,55.1,39.8,16.0,48.9,Good,0.96,0.683,No,Yes,Leaf Spot,Thrips,Medium
KR_01789,2026-003-04,Pune,Daund,19.36684,77.29871,Soybean,JS-335,Vegetative,Clay Loam,6.24,63.4,Leaf Spot,Mild,6.4,Aphids,Pheromone Trap,9,37.4,44.9,33.8,2.8,50.5,Good,0.982,0.523,Yes,Yes,Leaf Miner,Bollworm,Low
KR_01790,2026-007-17,Ahmednagar,Shrigonda,21.47929,76.66325,Potato,Local-P1,Seedling,Black Soil,6.17,24.9,Early Blight,Mild,19.7,Bollworm,Pheromone Trap,0,26.4,71.5,17.2,21.6,66.9,Blurry,0.493,0.939,No,Yes,Blast,Whitefly,Medium
KR_01791,2026-003-11,Kolhapur,Shirol,17.61387,74.99733,Grapes,Sonaka,Vegetative,Black Soil,7.65,30.8,Bacterial Blight,Severe,52.0,Thrips,Pheromone Trap,0,24.9,73.7,0.3,17.3,89.0,Good,0.79,0.796,Yes,No,Early Blight,Leaf Miner,Medium
KR_01792,2026-002-18,Nanded,Loha,16.9852,73.17081,Potato,Kufri Jyoti,Vegetative,Sandy Loam,6.63,70.5,Healthy,Mild,4.2,Bollworm,Pheromone Trap,10,19.6,95.3,15.7,11.2,85.2,Too Dark,0.536,0.855,No,Yes,Thrips,Fruit Fly,Medium
KR_01793,2026-003-13,Kolhapur,Hatkanangale,19.95001,78.13536,Rice,Basmati,Fruiting,Clay Loam,6.54,34.0,Stem Borer,Mild,12.3,Thrips,Pheromone Trap,3,23.3,68.0,41.7,15.4,62.5,Good,0.916,0.462,No,Yes,Leaf Spot,Aphids,Medium
KR_01794,2026-001-01,Sangli,Jat,19.59574,74.58581,Tomato,Hybrid-T1,Seedling,Clay Loam,7.38,65.5,Blast,Mild,19.8,Thrips,Pheromone Trap,0,23.8,95.4,38.9,4.7,48.0,Good,0.805,0.927,No,No,Leaf Spot,Whitefly,Medium
KR_01795,2026-005-19,Pune,Daund,17.16014,74.83099,Tomato,Arka Rakshak,Vegetative,Black Soil,6.62,42.9,Rust,Severe,73.7,Leaf Miner,Pheromone Trap,0,37.3,58.4,29.9,14.3,75.4,Blurry,0.635,0.463,Yes,Yes,Downy Mildew,Aphids,Medium
KR_01796,2026-004-07,Nanded,Loha,19.42623,77.22826,Potato,Kufri Pukhraj,Maturity,Sandy Loam,7.53,36.1,Powdery Mildew,Severe,65.3,Aphids,Pheromone Trap,2,19.3,56.9,38.4,15.8,79.0,Too Dark,0.48,0.694,Yes,Yes,Leaf Mold,Leaf Miner,Medium
KR_01797,2026-004-21,Ahmednagar,Kopargaon,21.20064,75.8788,Soybean,MAUS-71,Flowering,Sandy Loam,6.69,54.5,Brown Spot,Moderate,39.0,Thrips,Pheromone Trap,0,19.9,44.1,38.0,18.6,81.1,Good,0.933,0.527,Yes,Yes,Thrips,Whitefly,Medium
KR_01798,2026-002-04,Satara,Koregaon,20.20177,73.55713,Tomato,Hybrid-T1,Vegetative,Black Soil,6.89,73.6,Leaf Spot,Moderate,49.5,Leaf Miner,Light Trap,5,31.6,92.4,18.6,11.7,56.6,Good,0.901,0.735,Yes,Yes,Thrips,Bollworm,High
KR_01799,2026-008-03,Sangli,Kavathe Mahankal,18.99834,75.94874,Rice,Basmati,Seedling,Loamy,7.09,34.3,Thrips,Severe,64.0,Thrips,Light Trap,5,20.6,60.4,8.0,18.8,45.4,Too Dark,0.442,0.979,Yes,Yes,Leaf Mold,Whitefly,Medium
KR_01800,2026-008-20,Kolhapur,Karveer,19.55823,76.22962,Soybean,MAUS-71,Seedling,Clay Loam,7.42,42.6,Leaf Spot,Mild,18.3,Aphids,Light Trap,9,23.2,54.3,2.2,5.1,56.6,Good,0.943,0.775,No,No,Late Blight,Whitefly,Medium
KR_01801,2026-006-23,Nashik,Sinnar,18.14352,79.21975,Tomato,Arka Rakshak,Maturity,Sandy Loam,7.73,59.1,Leaf Spot,Mild,13.1,Bollworm,Light Trap,2,28.5,81.6,32.3,14.9,42.2,Blurry,0.409,0.768,Yes,Yes,Blast,Stem Borer,Medium
KR_01802,2026-008-15,Satara,Karad,20.92788,77.49548,Rice,Basmati,Seedling,Black Soil,6.7,44.7,Leaf Miner,Moderate,23.6,Thrips,Pheromone Trap,5,30.6,90.1,15.8,15.2,64.8,Poor Framing,0.563,0.841,Yes,Yes,Leaf Mold,Aphids,Medium
KR_01803,2026-006-28,Solapur,Malshiras,19.47002,75.42632,Rice,Indrayani,Seedling,Black Soil,7.07,21.2,Bollworm,Moderate,23.1,Stem Borer,Sticky Trap,6,29.8,41.8,8.3,14.5,46.8,Blurry,0.511,0.589,Yes,Yes,Thrips,Thrips,Medium
KR_01804,2026-001-15,Pune,Baramati,18.5803,77.12525,Tomato,Arka Rakshak,Flowering,Loamy,8.03,39.2,Bollworm,Mild,16.4,Leaf Miner,Pheromone Trap,4,26.8,44.7,33.5,17.6,21.8,Good,0.763,0.489,Yes,Yes,Bollworm,Leaf Miner,Medium
KR_01805,2026-006-24,Satara,Karad,17.8725,77.64146,Cotton,Bt Cotton,Flowering,Sandy Loam,6.92,52.4,Rust,Mild,11.6,Whitefly,Pheromone Trap,0,19.1,50.0,7.2,4.3,63.0,Blurry,0.524,0.985,No,Yes,Stem Borer,Aphids,Low
KR_01806,2026-007-24,Solapur,Akkalkot,20.00559,73.2709,Potato,Kufri Jyoti,Seedling,Clay Loam,8.01,46.2,Late Blight,Severe,62.3,Thrips,Light Trap,5,29.6,51.7,4.7,16.9,80.0,Too Bright,0.6,0.542,Yes,Yes,Downy Mildew,Aphids,Medium
KR_01807,2026-003-06,Solapur,Malshiras,16.32162,78.13159,Rice,Indrayani,Vegetative,Black Soil,7.84,22.2,Leaf Miner,Moderate,29.5,Fruit Fly,Light Trap,8,29.8,46.3,25.9,2.5,59.2,Good,0.809,0.963,Yes,No,Early Blight,Stem Borer,Medium
KR_01808,2026-008-07,Solapur,Akkalkot,20.54745,78.86354,Rice,Indrayani,Seedling,Sandy Loam,7.01,25.0,Blast,Moderate,27.6,Fruit Fly,Pheromone Trap,15,28.1,47.1,18.0,20.6,32.3,Poor Framing,0.379,0.494,Yes,Yes,Bollworm,Aphids,Medium
KR_01809,2026-005-14,Solapur,Mangalwedhe,16.57107,78.24256,Soybean,MAUS-71,Flowering,Loamy,7.51,49.8,Early Blight,Severe,57.8,Thrips,Sticky Trap,4,27.3,56.1,12.1,17.9,80.1,Blurry,0.494,0.79,No,Yes,Blast,Leaf Miner,Medium
KR_01810,2026-005-16,Solapur,Malshiras,20.64331,79.02074,Cotton,Bt Cotton,Fruiting,Black Soil,6.87,59.6,Thrips,Severe,60.9,Stem Borer,Sticky Trap,4,31.2,71.0,2.5,4.4,86.3,Poor Framing,0.371,0.85,Yes,Yes,Leaf Mold,Aphids,Medium
KR_01811,2026-004-15,Ahmednagar,Kopargaon,16.27751,79.27351,Grapes,Sharad Seedless,Flowering,Clay Loam,6.65,50.2,Healthy,Mild,3.8,Bollworm,Pheromone Trap,4,27.8,89.6,7.5,15.2,54.4,Good,0.833,0.561,Yes,Yes,Leaf Miner,Thrips,Medium
KR_01812,2026-006-04,Satara,Wai,18.18345,74.74539,Tomato,Arka Rakshak,Seedling,Clay Loam,7.18,68.8,Thrips,Mild,6.3,Fruit Fly,Pheromone Trap,0,36.2,55.2,17.7,6.7,84.6,Poor Framing,0.382,0.777,Yes,Yes,Leaf Spot,Aphids,Low
KR_01813,2026-003-06,Satara,Wai,19.3153,74.11387,Grapes,Sonaka,Maturity,Black Soil,6.89,32.5,Stem Borer,Mild,7.0,Aphids,Sticky Trap,15,25.0,69.4,3.2,10.9,79.3,Blurry,0.635,0.661,Yes,Yes,Thrips,Aphids,Medium
KR_01814,2026-007-17,Kolhapur,Hatkanangale,20.62359,78.83789,Potato,Local-P1,Fruiting,Sandy Loam,6.03,50.1,Early Blight,Mild,20.0,Whitefly,Pheromone Trap,0,28.3,81.2,36.1,11.4,36.4,Too Bright,0.486,0.64,Yes,Yes,Stem Borer,Leaf Miner,Medium
KR_01815,2026-004-15,Ahmednagar,Shrigonda,19.54447,73.15337,Soybean,JS-335,Maturity,Clay Loam,6.92,29.3,Healthy,Mild,0.2,Bollworm,Sticky Trap,8,38.0,35.9,9.1,10.2,81.1,Good,0.868,0.453,No,Yes,Rust,Whitefly,Low
KR_01816,2026-007-24,Pune,Indapur,16.78107,73.7245,Grapes,Thompson Seedless,Fruiting,Loamy,7.1,49.1,Bacterial Blight,Mild,14.5,Leaf Miner,Light Trap,12,32.1,74.2,39.3,8.6,31.8,Too Bright,0.387,0.923,Yes,Yes,Leaf Mold,Whitefly,Medium
KR_01817,2026-004-13,Nashik,Malegaon,20.13602,73.19356,Grapes,Sonaka,Maturity,Black Soil,7.72,52.0,Thrips,Severe,67.6,Leaf Miner,Light Trap,15,19.5,66.6,26.5,12.1,76.3,Too Dark,0.44,0.841,No,Yes,Bacterial Blight,Whitefly,Medium
KR_01818,2026-007-20,Satara,Karad,16.80626,74.74647,Tomato,Arka Rakshak,Vegetative,Loamy,7.06,51.1,Stem Borer,Moderate,34.7,Aphids,Sticky Trap,12,32.1,79.5,8.1,19.9,27.6,Good,0.999,0.579,Yes,Yes,Brown Spot,Bollworm,Medium
KR_01819,2026-001-24,Nashik,Malegaon,19.11684,78.8994,Tomato,Arka Rakshak,Seedling,Black Soil,7.55,38.7,Leaf Miner,Severe,84.6,Aphids,Pheromone Trap,0,26.4,69.4,7.8,21.2,82.5,Too Bright,0.346,0.507,No,Yes,Downy Mildew,Leaf Miner,Medium
KR_01820,2026-007-07,Sangli,Kavathe Mahankal,17.78039,73.96812,Potato,Kufri Jyoti,Fruiting,Clay Loam,7.99,43.7,Powdery Mildew,Mild,12.7,Thrips,Sticky Trap,11,18.1,44.8,33.2,4.4,73.2,Too Dark,0.318,0.666,Yes,Yes,Leaf Miner,Aphids,Low
KR_01821,2026-002-28,Ahmednagar,Rahata,21.48293,78.12049,Grapes,Thompson Seedless,Fruiting,Clay Loam,6.78,52.1,Brown Spot,Severe,52.6,Fruit Fly,Light Trap,14,26.2,62.9,2.8,5.7,34.8,Good,0.996,0.759,Yes,No,Brown Spot,Fruit Fly,Medium
KR_01822,2026-004-17,Kolhapur,Kagal,18.47672,73.02945,Tomato,Hybrid-T1,Flowering,Loamy,6.65,21.2,Downy Mildew,Mild,11.4,Bollworm,Light Trap,8,27.4,52.1,40.5,5.0,30.9,Too Bright,0.284,0.613,Yes,Yes,Leaf Spot,Aphids,Low
KR_01823,2026-004-22,Pune,Daund,21.04218,74.67293,Rice,Indrayani,Fruiting,Clay Loam,6.22,54.7,Bacterial Blight,Moderate,36.2,Leaf Miner,Pheromone Trap,1,28.1,48.0,7.6,4.0,42.4,Good,0.934,0.624,Yes,Yes,Thrips,Leaf Miner,Medium
KR_01824,2026-007-18,Kolhapur,Kagal,16.35991,75.85672,Soybean,MAUS-71,Seedling,Sandy Loam,6.51,63.4,Brown Spot,Moderate,27.8,Leaf Miner,Pheromone Trap,0,32.0,89.9,38.9,6.2,90.3,Poor Framing,0.428,0.936,Yes,Yes,Leaf Spot,Aphids,Medium
KR_01825,2026-006-10,Satara,Koregaon,16.17933,78.99979,Rice,Basmati,Maturity,Clay Loam,6.75,48.1,Healthy,Mild,0.9,Bollworm,Pheromone Trap,6,27.2,77.5,18.8,21.1,93.5,Too Bright,0.454,0.798,Yes,Yes,Downy Mildew,Thrips,Medium
KR_01826,2026-007-16,Nashik,Dindori,21.06155,75.09458,Cotton,RCH-659,Flowering,Black Soil,6.44,70.2,Downy Mildew,Mild,16.8,Stem Borer,Light Trap,12,23.8,59.3,19.4,10.6,20.8,Good,0.81,0.694,No,Yes,Brown Spot,Whitefly,Medium
KR_01827,2026-003-20,Pune,Shirur,18.73986,74.6878,Soybean,JS-335,Maturity,Clay Loam,8.12,63.3,Stem Borer,Mild,11.8,Fruit Fly,Pheromone Trap,14,18.0,78.3,28.0,11.0,94.0,Blurry,0.401,0.526,No,Yes,Leaf Spot,Leaf Miner,Medium
KR_01828,2026-005-13,Nashik,Dindori,19.38723,79.35528,Cotton,RCH-659,Fruiting,Sandy Loam,6.69,56.4,Blast,Moderate,40.7,Stem Borer,Pheromone Trap,1,35.8,90.7,27.3,4.9,47.3,Good,0.969,0.695,Yes,Yes,Brown Spot,Aphids,High
KR_01829,2026-007-22,Pune,Baramati,16.61707,77.58901,Potato,Kufri Pukhraj,Flowering,Black Soil,6.5,67.4,Stem Borer,Moderate,34.3,Whitefly,Pheromone Trap,8,26.4,72.1,2.6,7.9,39.3,Good,0.983,0.856,Yes,No,Downy Mildew,Whitefly,Medium
KR_01830,2026-008-14,Solapur,Pandharpur,18.80199,77.20112,Rice,Basmati,Maturity,Loamy,6.42,71.4,Stem Borer,Severe,71.7,Stem Borer,Light Trap,9,22.3,86.8,13.9,20.7,60.2,Poor Framing,0.502,0.783,No,Yes,Bacterial Blight,Aphids,High
KR_01831,2026-006-07,Nashik,Niphad,18.81498,75.54676,Cotton,Bunny Bt,Vegetative,Loamy,6.74,53.8,Late Blight,Mild,12.3,Stem Borer,Sticky Trap,7,26.1,66.7,4.4,11.2,28.7,Too Bright,0.397,0.915,Yes,Yes,Thrips,Fruit Fly,Medium
KR_01832,2026-004-03,Kolhapur,Hatkanangale,20.43734,75.76244,Potato,Kufri Pukhraj,Maturity,Clay Loam,7.11,54.4,Bacterial Blight,Moderate,36.1,Thrips,Pheromone Trap,0,30.1,81.1,31.7,12.4,44.4,Poor Framing,0.325,0.691,No,Yes,Leaf Miner,Stem Borer,Medium
KR_01833,2026-004-12,Kolhapur,Shirol,17.4482,78.91938,Tomato,Arka Rakshak,Flowering,Black Soil,7.28,42.8,Downy Mildew,Mild,9.7,Thrips,Pheromone Trap,8,23.2,54.5,42.7,9.4,75.8,Poor Framing,0.418,0.823,Yes,Yes,Brown Spot,Aphids,Low
KR_01834,2026-007-04,Kolhapur,Karveer,18.37053,79.07048,Rice,Indrayani,Fruiting,Sandy Loam,7.25,51.5,Thrips,Mild,15.0,Bollworm,Pheromone Trap,0,25.9,76.3,34.5,21.3,27.4,Too Bright,0.327,0.713,Yes,Yes,Early Blight,Stem Borer,Medium
KR_01835,2026-003-20,Sangli,Jat,17.4957,77.62893,Soybean,JS-335,Seedling,Loamy,7.24,23.3,Bacterial Blight,Mild,17.3,Bollworm,Sticky Trap,10,18.6,46.3,31.0,2.9,78.7,Good,0.826,0.589,Yes,Yes,Leaf Miner,Aphids,Medium
KR_01836,2026-007-11,Solapur,Malshiras,21.4957,75.09301,Rice,Phule Samruddhi,Maturity,Loamy,7.53,16.7,Bacterial Blight,Moderate,30.3,Leaf Miner,Pheromone Trap,6,25.5,69.3,12.8,18.5,37.4,Good,0.956,0.583,Yes,Yes,Powdery Mildew,Stem Borer,Medium
KR_01837,2026-008-24,Pune,Daund,17.13947,74.89121,Rice,Indrayani,Maturity,Loamy,6.65,27.5,Leaf Spot,Moderate,43.8,Stem Borer,Pheromone Trap,11,35.2,51.6,26.2,6.0,67.9,Too Dark,0.309,0.987,Yes,Yes,Leaf Spot,Aphids,Medium
KR_01838,2026-002-22,Nashik,Malegaon,17.56588,77.46725,Rice,Basmati,Seedling,Sandy Loam,6.24,58.2,Stem Borer,Mild,14.4,Fruit Fly,Sticky Trap,2,34.0,77.2,39.8,15.3,62.7,Good,0.767,0.951,Yes,No,Powdery Mildew,Bollworm,Medium
KR_01839,2026-008-23,Solapur,Mangalwedhe,16.84838,78.65572,Potato,Kufri Pukhraj,Vegetative,Sandy Loam,8.19,55.8,Bollworm,Mild,16.6,Thrips,Pheromone Trap,8,30.2,54.9,35.2,10.5,40.3,Good,0.976,0.777,Yes,No,Thrips,Stem Borer,Medium
KR_01840,2026-008-05,Satara,Karad,17.36957,79.36834,Cotton,RCH-659,Vegetative,Clay Loam,7.78,54.8,Early Blight,Severe,74.6,Fruit Fly,Sticky Trap,1,22.5,64.9,15.5,3.5,44.1,Too Dark,0.22,0.797,Yes,Yes,Bacterial Blight,Fruit Fly,Medium
KR_01841,2026-004-18,Ahmednagar,Sangamner,19.38177,74.53111,Cotton,Bt Cotton,Seedling,Sandy Loam,7.87,43.8,Early Blight,Mild,18.8,Thrips,Light Trap,7,37.4,55.2,9.7,17.2,60.5,Good,0.965,0.824,Yes,No,Downy Mildew,Thrips,Medium
KR_01842,2026-001-07,Sangli,Miraj,19.98505,77.80401,Soybean,MACS-1188,Seedling,Black Soil,8.16,57.0,Bollworm,Severe,82.4,Leaf Miner,Pheromone Trap,11,24.2,83.7,24.8,8.2,64.6,Good,0.862,0.481,No,Yes,Leaf Mold,Aphids,High
KR_01843,2026-001-05,Satara,Koregaon,16.56473,77.23617,Grapes,Thompson Seedless,Maturity,Black Soil,6.29,61.6,Leaf Mold,Severe,70.9,Fruit Fly,Sticky Trap,10,19.5,95.6,9.4,2.1,40.6,Poor Framing,0.224,0.796,No,Yes,Brown Spot,Bollworm,High
KR_01844,2026-007-27,Nanded,Biloli,19.27492,78.31406,Grapes,Thompson Seedless,Flowering,Black Soil,6.34,27.9,Healthy,Mild,3.2,Bollworm,Light Trap,13,30.1,83.5,41.9,16.9,35.6,Good,0.949,0.536,No,Yes,Downy Mildew,Leaf Miner,Medium
KR_01845,2026-005-03,Satara,Phaltan,20.98356,76.17916,Grapes,Sonaka,Seedling,Loamy,6.47,36.9,Bollworm,Severe,62.2,Thrips,Pheromone Trap,7,36.7,60.1,2.9,21.1,64.8,Poor Framing,0.347,0.773,Yes,Yes,Leaf Mold,Stem Borer,Medium
KR_01846,2026-006-04,Kolhapur,Karveer,18.00464,74.35226,Grapes,Thompson Seedless,Vegetative,Sandy Loam,7.67,69.4,Leaf Miner,Mild,10.2,Stem Borer,Pheromone Trap,13,28.2,69.2,40.9,21.9,52.8,Too Dark,0.361,0.809,Yes,Yes,Rust,Aphids,Medium
KR_01847,2026-006-02,Ahmednagar,Rahata,21.17584,73.33967,Grapes,Sharad Seedless,Maturity,Sandy Loam,8.03,66.9,Leaf Spot,Mild,10.6,Leaf Miner,Pheromone Trap,0,24.3,43.7,44.9,8.6,57.7,Good,0.828,0.539,No,Yes,Bacterial Blight,Aphids,Low
KR_01848,2026-003-25,Solapur,Malshiras,19.78753,75.64701,Soybean,MAUS-71,Fruiting,Loamy,7.12,61.9,Leaf Miner,Mild,12.6,Bollworm,Pheromone Trap,2,26.4,83.1,14.9,19.2,67.2,Good,0.757,0.782,No,No,Stem Borer,Bollworm,Medium
KR_01849,2026-006-25,Nashik,Dindori,16.96007,78.3106,Cotton,RCH-659,Flowering,Sandy Loam,8.15,67.7,Stem Borer,Moderate,31.3,Whitefly,Pheromone Trap,0,35.7,53.5,20.9,13.8,55.3,Good,0.829,0.503,Yes,Yes,Thrips,Stem Borer,Medium
KR_01850,2026-002-05,Nashik,Niphad,17.22982,77.10842,Rice,Phule Samruddhi,Maturity,Clay Loam,7.26,52.6,Bacterial Blight,Severe,71.5,Aphids,Pheromone Trap,0,26.7,56.9,42.5,20.4,68.4,Too Dark,0.521,0.527,Yes,Yes,Rust,Fruit Fly,Medium
KR_01851,2026-007-21,Solapur,Mangalwedhe,16.36158,73.5838,Cotton,RCH-659,Maturity,Sandy Loam,6.55,18.8,Leaf Spot,Moderate,46.8,Stem Borer,Sticky Trap,4,26.5,36.6,24.4,16.4,89.7,Good,0.829,0.452,Yes,Yes,Brown Spot,Fruit Fly,Medium
KR_01852,2026-006-09,Pune,Baramati,20.94929,79.25395,Soybean,MACS-1188,Flowering,Sandy Loam,6.81,46.2,Late Blight,Severe,84.7,Whitefly,Pheromone Trap,3,19.8,80.1,7.3,15.5,87.9,Too Bright,0.24,0.727,Yes,Yes,Bollworm,Leaf Miner,High
KR_01853,2026-002-22,Solapur,Akkalkot,19.00954,74.13144,Tomato,Hybrid-T1,Flowering,Clay Loam,6.26,74.6,Leaf Spot,Severe,51.7,Thrips,Light Trap,6,34.7,82.8,44.2,21.6,84.1,Too Bright,0.553,0.987,Yes,Yes,Rust,Leaf Miner,High
KR_01854,2026-006-13,Ahmednagar,Rahata,16.6201,77.94286,Soybean,MACS-1188,Maturity,Clay Loam,7.73,48.4,Downy Mildew,Severe,61.0,Aphids,Pheromone Trap,10,34.6,68.9,7.2,11.3,24.6,Blurry,0.462,0.907,Yes,Yes,Downy Mildew,Bollworm,Medium
KR_01855,2026-004-23,Kolhapur,Shirol,18.39229,73.13549,Potato,Kufri Pukhraj,Vegetative,Sandy Loam,6.93,16.2,Stem Borer,Severe,57.9,Aphids,Pheromone Trap,0,31.2,36.7,28.1,19.4,47.4,Too Dark,0.519,0.657,No,Yes,Brown Spot,Aphids,Medium
KR_01856,2026-002-24,Kolhapur,Hatkanangale,20.84446,76.65605,Cotton,Bunny Bt,Fruiting,Loamy,6.45,36.5,Leaf Miner,Severe,74.3,Whitefly,Pheromone Trap,0,22.9,69.1,21.3,16.1,57.4,Good,0.778,0.729,Yes,Yes,Powdery Mildew,Bollworm,Medium
KR_01857,2026-002-07,Nashik,Malegaon,20.38005,76.96568,Cotton,Bt Cotton,Vegetative,Loamy,6.21,29.1,Late Blight,Mild,14.4,Stem Borer,Pheromone Trap,0,31.4,90.3,34.3,4.9,57.7,Too Bright,0.471,0.58,Yes,Yes,Rust,Aphids,Medium
KR_01858,2026-003-22,Satara,Koregaon,20.04999,78.39849,Rice,Indrayani,Seedling,Clay Loam,6.62,32.6,Leaf Miner,Severe,58.4,Whitefly,Pheromone Trap,0,30.1,67.4,39.5,13.2,51.2,Good,0.897,0.707,Yes,Yes,Rust,Stem Borer,Medium
KR_01859,2026-003-11,Sangli,Jat,16.08173,78.08131,Cotton,Bt Cotton,Maturity,Clay Loam,6.36,31.5,Leaf Spot,Moderate,21.3,Bollworm,Sticky Trap,14,30.5,41.0,22.2,15.5,35.7,Good,0.806,0.93,No,No,Thrips,Aphids,Medium
KR_01860,2026-007-06,Pune,Baramati,17.22777,74.59854,Tomato,Abhinav,Seedling,Loamy,6.9,24.8,Stem Borer,Mild,6.2,Whitefly,Sticky Trap,10,37.1,78.4,27.7,13.1,94.9,Blurry,0.279,0.5,Yes,Yes,Rust,Aphids,Medium
KR_01861,2026-006-01,Solapur,Pandharpur,21.19755,78.3524,Tomato,Hybrid-T1,Fruiting,Sandy Loam,6.95,58.1,Powdery Mildew,Moderate,40.0,Thrips,Light Trap,3,34.6,43.1,34.0,6.9,74.3,Good,0.908,0.504,No,Yes,Late Blight,Leaf Miner,Medium
KR_01862,2026-008-27,Satara,Phaltan,20.63018,76.42317,Potato,Kufri Pukhraj,Maturity,Clay Loam,6.78,55.1,Leaf Mold,Severe,59.7,Fruit Fly,Light Trap,3,25.0,64.4,6.6,20.0,24.1,Blurry,0.313,0.901,Yes,Yes,Powdery Mildew,Bollworm,Medium
KR_01863,2026-005-13,Sangli,Kavathe Mahankal,17.27013,74.67135,Soybean,JS-335,Fruiting,Clay Loam,6.22,32.0,Late Blight,Moderate,32.6,Aphids,Pheromone Trap,8,24.2,39.3,13.2,8.4,43.8,Poor Framing,0.599,0.858,Yes,Yes,Brown Spot,Leaf Miner,Medium
KR_01864,2026-008-24,Sangli,Jat,20.86628,76.96745,Soybean,JS-335,Vegetative,Black Soil,7.05,48.5,Stem Borer,Mild,8.6,Fruit Fly,Pheromone Trap,0,22.5,62.5,27.4,21.0,45.5,Too Dark,0.298,0.566,Yes,Yes,Bollworm,Thrips,Medium
KR_01865,2026-008-12,Pune,Indapur,17.38248,73.98547,Tomato,Hybrid-T1,Vegetative,Clay Loam,8.14,74.3,Healthy,Mild,3.6,Bollworm,Sticky Trap,5,33.1,46.7,21.4,5.6,93.1,Too Bright,0.405,0.529,Yes,Yes,Bollworm,Bollworm,Low
KR_01866,2026-007-08,Nashik,Sinnar,16.27113,77.38614,Grapes,Sonaka,Vegetative,Loamy,7.31,70.5,Blast,Severe,71.9,Stem Borer,Light Trap,4,22.5,58.5,4.4,2.0,45.6,Too Dark,0.285,0.796,Yes,Yes,Powdery Mildew,Thrips,Medium
KR_01867,2026-003-25,Satara,Phaltan,18.90096,74.82746,Tomato,Hybrid-T1,Seedling,Clay Loam,7.68,48.8,Leaf Mold,Severe,68.1,Leaf Miner,Pheromone Trap,0,28.6,92.5,36.0,14.0,40.3,Too Dark,0.254,0.892,Yes,Yes,Early Blight,Stem Borer,High
KR_01868,2026-004-27,Solapur,Akkalkot,17.40364,74.30308,Potato,Kufri Pukhraj,Flowering,Clay Loam,6.41,33.5,Early Blight,Moderate,36.9,Stem Borer,Pheromone Trap,0,33.4,63.0,28.1,7.4,82.1,Too Bright,0.454,0.959,No,Yes,Stem Borer,Stem Borer,Medium
KR_01869,2026-006-16,Solapur,Mangalwedhe,19.371,73.52681,Cotton,RCH-659,Vegetative,Black Soil,6.83,28.3,Late Blight,Severe,58.0,Leaf Miner,Light Trap,13,37.2,54.3,21.6,6.8,63.0,Good,0.981,0.514,No,Yes,Bollworm,Thrips,Medium
KR_01870,2026-006-04,Ahmednagar,Kopargaon,16.27418,74.97137,Soybean,MAUS-71,Maturity,Loamy,7.04,24.8,Late Blight,Moderate,39.5,Whitefly,Sticky Trap,1,26.8,70.9,28.3,3.5,30.8,Too Dark,0.295,0.499,Yes,Yes,Rust,Aphids,Medium
KR_01871,2026-004-13,Ahmednagar,Shrigonda,17.97053,78.94188,Soybean,MAUS-71,Seedling,Black Soil,6.82,32.8,Healthy,Mild,3.8,Bollworm,Light Trap,8,25.8,42.4,38.9,6.4,49.2,Good,0.961,0.649,No,Yes,Rust,Aphids,Low
KR_01872,2026-007-07,Ahmednagar,Rahata,18.59312,75.02966,Potato,Kufri Jyoti,Vegetative,Clay Loam,7.89,42.1,Powdery Mildew,Mild,16.2,Fruit Fly,Pheromone Trap,13,36.2,66.7,39.0,6.5,23.6,Good,0.777,0.77,No,No,Stem Borer,Whitefly,Medium
KR_01873,2026-003-11,Nanded,Biloli,17.81612,73.73588,Rice,Basmati,Maturity,Black Soil,7.64,27.3,Brown Spot,Severe,53.0,Thrips,Light Trap,3,22.6,36.6,1.7,17.6,70.5,Too Dark,0.525,0.544,Yes,Yes,Leaf Miner,Thrips,Medium
KR_01874,2026-008-06,Kolhapur,Karveer,17.85166,78.30952,Cotton,Bunny Bt,Flowering,Sandy Loam,6.83,63.7,Downy Mildew,Severe,53.2,Whitefly,Pheromone Trap,15,29.9,88.1,9.3,8.8,46.6,Poor Framing,0.616,0.93,No,Yes,Bollworm,Whitefly,High
KR_01875,2026-005-05,Kolhapur,Karveer,18.33276,78.635,Cotton,Bt Cotton,Vegetative,Sandy Loam,8.01,43.9,Leaf Spot,Moderate,29.1,Stem Borer,Pheromone Trap,0,23.5,57.4,33.8,20.8,76.7,Good,0.931,0.542,No,Yes,Bacterial Blight,Leaf Miner,Medium
KR_01876,2026-006-06,Sangli,Miraj,19.32359,76.46061,Grapes,Thompson Seedless,Vegetative,Sandy Loam,6.18,65.5,Powdery Mildew,Moderate,21.2,Leaf Miner,Sticky Trap,5,35.0,85.6,28.0,20.3,36.7,Good,0.857,0.516,Yes,Yes,Thrips,Whitefly,Medium
KR_01877,2026-006-17,Pune,Daund,20.24732,77.15468,Cotton,RCH-659,Flowering,Loamy,6.56,20.6,Healthy,Mild,3.4,Bollworm,Pheromone Trap,4,34.8,64.3,43.9,3.2,59.4,Too Bright,0.447,0.737,Yes,Yes,Thrips,Fruit Fly,Medium
KR_01878,2026-008-22,Nashik,Sinnar,17.43473,74.70892,Potato,Kufri Jyoti,Flowering,Sandy Loam,7.26,61.3,Leaf Mold,Moderate,27.8,Whitefly,Pheromone Trap,15,21.2,71.6,44.3,16.6,83.6,Good,0.846,0.54,Yes,Yes,Downy Mildew,Stem Borer,Medium
KR_01879,2026-003-26,Sangli,Jat,20.4374,78.78389,Grapes,Sharad Seedless,Fruiting,Sandy Loam,8.04,60.8,Early Blight,Mild,16.4,Bollworm,Pheromone Trap,9,18.1,89.1,43.4,12.4,78.3,Too Dark,0.318,0.508,Yes,Yes,Bollworm,Whitefly,Medium
KR_01880,2026-001-12,Kolhapur,Karveer,18.65285,77.19709,Cotton,Bunny Bt,Maturity,Loamy,7.02,25.3,Rust,Mild,5.3,Bollworm,Sticky Trap,12,33.9,95.6,16.6,14.2,48.9,Good,0.768,0.864,Yes,No,Thrips,Aphids,Medium
KR_01881,2026-003-23,Nashik,Malegaon,16.22858,77.66913,Grapes,Sonaka,Vegetative,Black Soil,6.14,33.7,Downy Mildew,Moderate,43.7,Bollworm,Light Trap,3,32.2,87.4,29.5,3.4,24.3,Blurry,0.422,0.737,No,Yes,Bacterial Blight,Whitefly,High
KR_01882,2026-008-12,Kolhapur,Shirol,16.38965,73.59406,Soybean,MACS-1188,Seedling,Loamy,8.09,44.1,Bacterial Blight,Moderate,23.0,Whitefly,Light Trap,14,27.2,38.6,20.9,18.0,37.6,Good,0.993,0.507,Yes,Yes,Bacterial Blight,Thrips,Medium
KR_01883,2026-007-04,Satara,Karad,17.7024,79.0221,Soybean,MACS-1188,Seedling,Sandy Loam,7.4,69.7,Leaf Miner,Moderate,34.1,Bollworm,Pheromone Trap,0,29.9,64.1,2.8,6.3,47.8,Poor Framing,0.51,0.665,Yes,Yes,Leaf Spot,Aphids,Medium
KR_01884,2026-002-24,Solapur,Malshiras,20.32544,78.27002,Soybean,MACS-1188,Fruiting,Black Soil,7.82,21.0,Bollworm,Mild,16.3,Thrips,Pheromone Trap,0,21.4,59.9,37.3,19.5,90.8,Good,0.83,0.906,No,No,Bollworm,Bollworm,Medium
KR_01885,2026-005-25,Ahmednagar,Sangamner,20.34339,77.72083,Soybean,MACS-1188,Fruiting,Sandy Loam,6.96,46.1,Rust,Mild,5.6,Bollworm,Pheromone Trap,10,24.1,40.1,36.1,17.5,51.9,Too Bright,0.281,0.531,No,Yes,Leaf Spot,Leaf Miner,Low
KR_01886,2026-003-11,Satara,Wai,18.78778,75.50995,Grapes,Thompson Seedless,Vegetative,Black Soil,6.14,67.5,Healthy,Mild,4.3,Bollworm,Sticky Trap,14,24.5,88.8,35.4,13.9,43.7,Good,0.993,0.831,Yes,No,Stem Borer,Bollworm,Medium
KR_01887,2026-003-01,Kolhapur,Shirol,17.82234,76.03293,Tomato,Abhinav,Flowering,Black Soil,8.16,25.2,Stem Borer,Moderate,39.5,Thrips,Light Trap,4,22.9,58.6,10.2,15.2,67.2,Good,0.876,0.719,No,Yes,Powdery Mildew,Whitefly,Medium
KR_01888,2026-007-08,Satara,Phaltan,18.20341,77.48633,Potato,Kufri Pukhraj,Vegetative,Black Soil,6.52,61.7,Downy Mildew,Moderate,32.8,Leaf Miner,Light Trap,5,24.1,90.7,8.0,16.9,61.6,Blurry,0.61,0.782,No,Yes,Leaf Miner,Stem Borer,Medium
KR_01889,2026-005-27,Solapur,Akkalkot,18.2958,78.63526,Grapes,Sonaka,Maturity,Sandy Loam,6.07,24.4,Brown Spot,Severe,71.3,Stem Borer,Pheromone Trap,14,30.2,39.4,44.1,2.8,79.4,Blurry,0.255,0.674,Yes,Yes,Bacterial Blight,Fruit Fly,Medium
KR_01890,2026-008-25,Sangli,Miraj,20.031,78.91036,Tomato,Arka Rakshak,Fruiting,Black Soil,6.54,63.9,Powdery Mildew,Moderate,23.3,Thrips,Pheromone Trap,3,27.3,82.0,9.5,18.8,59.1,Too Bright,0.409,0.566,Yes,Yes,Brown Spot,Thrips,Medium
KR_01891,2026-005-12,Ahmednagar,Shrigonda,21.28475,74.67088,Cotton,Bunny Bt,Flowering,Loamy,7.1,33.3,Bacterial Blight,Moderate,49.4,Leaf Miner,Pheromone Trap,6,30.6,75.8,8.5,16.6,74.0,Good,0.911,0.909,No,No,Downy Mildew,Fruit Fly,Medium
KR_01892,2026-002-07,Nashik,Malegaon,21.40782,74.39801,Rice,Phule Samruddhi,Flowering,Loamy,6.48,38.3,Blast,Mild,19.8,Aphids,Light Trap,14,25.3,65.5,16.6,14.1,67.6,Poor Framing,0.202,0.875,No,Yes,Leaf Mold,Aphids,Medium
KR_01893,2026-006-18,Nashik,Sinnar,19.51356,73.47596,Potato,Local-P1,Flowering,Sandy Loam,7.06,15.5,Bollworm,Moderate,46.3,Bollworm,Pheromone Trap,0,25.1,83.6,4.9,9.6,31.5,Good,0.838,0.779,No,No,Leaf Spot,Bollworm,High
KR_01894,2026-001-02,Nanded,Loha,17.85833,76.74956,Soybean,JS-335,Vegetative,Sandy Loam,7.94,36.9,Thrips,Moderate,44.6,Fruit Fly,Sticky Trap,2,35.4,58.4,1.7,20.8,61.7,Good,0.766,0.798,Yes,No,Late Blight,Whitefly,Medium
KR_01895,2026-002-10,Satara,Karad,18.68467,73.89912,Soybean,MAUS-71,Fruiting,Clay Loam,6.87,32.3,Rust,Severe,64.5,Thrips,Pheromone Trap,0,34.7,68.1,17.2,6.0,32.4,Blurry,0.564,0.675,No,Yes,Powdery Mildew,Bollworm,Medium
KR_01896,2026-007-16,Nashik,Dindori,20.10632,75.98216,Rice,Basmati,Maturity,Sandy Loam,8.18,31.6,Late Blight,Mild,11.5,Whitefly,Sticky Trap,10,22.4,85.0,30.2,18.0,74.8,Good,0.82,0.557,Yes,Yes,Leaf Miner,Bollworm,Medium
KR_01897,2026-003-26,Kolhapur,Kagal,19.7979,77.72069,Tomato,Arka Rakshak,Seedling,Clay Loam,7.17,54.4,Late Blight,Mild,13.4,Fruit Fly,Pheromone Trap,8,35.5,43.4,22.9,13.8,80.1,Good,0.913,0.63,Yes,Yes,Bollworm,Thrips,Low
KR_01898,2026-008-23,Kolhapur,Hatkanangale,17.89653,74.91813,Cotton,Bunny Bt,Flowering,Loamy,6.27,15.6,Late Blight,Severe,70.7,Stem Borer,Pheromone Trap,0,20.2,87.3,21.3,12.5,80.0,Good,0.802,0.849,Yes,No,Leaf Mold,Fruit Fly,High
KR_01899,2026-004-04,Ahmednagar,Shrigonda,21.13432,79.34705,Grapes,Sharad Seedless,Vegetative,Loamy,6.52,35.3,Early Blight,Severe,79.2,Bollworm,Sticky Trap,11,24.9,57.1,8.8,8.7,69.4,Too Bright,0.488,0.666,No,Yes,Leaf Miner,Aphids,Medium
KR_01900,2026-007-19,Satara,Wai,16.86965,75.35398,Cotton,RCH-659,Seedling,Black Soil,6.49,20.7,Leaf Miner,Mild,5.9,Whitefly,Pheromone Trap,0,27.8,77.0,16.4,5.9,30.7,Good,0.958,0.791,No,No,Leaf Spot,Fruit Fly,Medium
KR_01901,2026-004-20,Kolhapur,Hatkanangale,17.21153,76.22057,Potato,Kufri Jyoti,Seedling,Sandy Loam,8.05,28.9,Powdery Mildew,Severe,57.6,Leaf Miner,Pheromone Trap,0,36.3,92.6,35.3,7.6,87.2,Too Bright,0.647,0.629,No,Yes,Bollworm,Aphids,High
KR_01902,2026-006-02,Ahmednagar,Rahata,17.09509,78.06184,Soybean,JS-335,Seedling,Loamy,6.0,51.0,Stem Borer,Severe,64.7,Fruit Fly,Light Trap,9,23.9,77.0,21.2,8.6,43.6,Blurry,0.496,0.877,No,Yes,Bacterial Blight,Aphids,Medium
KR_01903,2026-001-06,Ahmednagar,Shrigonda,19.38777,73.67497,Cotton,Bt Cotton,Maturity,Clay Loam,8.12,59.3,Blast,Moderate,37.0,Whitefly,Pheromone Trap,2,26.4,86.8,10.6,4.0,87.9,Good,0.83,0.859,Yes,No,Thrips,Stem Borer,Medium
KR_01904,2026-004-26,Ahmednagar,Sangamner,16.54661,73.26837,Cotton,Bunny Bt,Seedling,Loamy,7.65,39.5,Stem Borer,Mild,15.3,Leaf Miner,Pheromone Trap,0,29.0,89.6,6.5,15.2,52.1,Good,0.85,0.558,Yes,Yes,Leaf Miner,Aphids,Medium
KR_01905,2026-002-17,Nanded,Hadgaon,19.56392,74.89136,Tomato,Abhinav,Flowering,Clay Loam,6.68,67.2,Healthy,Mild,0.0,Bollworm,Pheromone Trap,13,24.7,77.6,40.4,11.0,56.6,Good,0.78,0.93,Yes,No,Leaf Miner,Fruit Fly,Medium
KR_01906,2026-006-01,Nashik,Dindori,18.20756,74.30416,Rice,Phule Samruddhi,Vegetative,Loamy,7.55,26.8,Thrips,Moderate,42.0,Stem Borer,Light Trap,7,35.5,63.6,2.6,18.5,85.0,Good,0.864,0.984,Yes,No,Rust,Leaf Miner,Medium
KR_01907,2026-004-11,Sangli,Tasgaon,18.34596,79.16572,Grapes,Sharad Seedless,Maturity,Sandy Loam,6.82,66.6,Leaf Mold,Mild,7.0,Aphids,Pheromone Trap,8,23.4,41.8,31.9,3.3,70.4,Good,0.919,0.902,No,No,Downy Mildew,Stem Borer,Low
KR_01908,2026-008-20,Ahmednagar,Kopargaon,16.03918,78.73213,Potato,Kufri Pukhraj,Vegetative,Black Soil,7.98,44.3,Downy Mildew,Severe,57.6,Fruit Fly,Pheromone Trap,0,29.8,79.8,26.2,14.8,55.8,Too Dark,0.243,0.77,Yes,Yes,Blast,Bollworm,Medium
KR_01909,2026-003-17,Satara,Phaltan,18.27323,73.01773,Potato,Local-P1,Fruiting,Clay Loam,7.0,59.7,Leaf Spot,Severe,51.1,Fruit Fly,Light Trap,12,26.8,88.1,33.7,4.5,29.8,Too Dark,0.552,0.63,Yes,Yes,Bacterial Blight,Whitefly,High
KR_01910,2026-004-16,Pune,Baramati,20.79767,75.19047,Cotton,Bt Cotton,Fruiting,Sandy Loam,6.44,27.4,Leaf Miner,Severe,76.9,Stem Borer,Pheromone Trap,10,22.9,50.1,6.2,21.4,75.8,Poor Framing,0.628,0.882,Yes,Yes,Thrips,Fruit Fly,Medium
KR_01911,2026-006-01,Ahmednagar,Rahata,16.34435,78.59888,Rice,Phule Samruddhi,Fruiting,Sandy Loam,7.38,35.3,Downy Mildew,Mild,13.9,Stem Borer,Sticky Trap,8,19.9,55.8,24.1,5.9,32.9,Good,0.967,0.983,No,No,Leaf Spot,Whitefly,Low
KR_01912,2026-002-25,Nashik,Malegaon,17.55788,73.08044,Grapes,Thompson Seedless,Maturity,Sandy Loam,7.86,72.7,Rust,Moderate,33.4,Leaf Miner,Pheromone Trap,7,32.0,54.2,11.4,4.8,58.6,Too Bright,0.647,0.568,Yes,Yes,Powdery Mildew,Thrips,Medium
KR_01913,2026-005-10,Satara,Wai,20.98023,76.31567,Grapes,Thompson Seedless,Flowering,Black Soil,7.98,36.1,Early Blight,Mild,10.1,Thrips,Pheromone Trap,13,31.3,58.5,24.5,15.3,44.2,Blurry,0.479,0.947,Yes,Yes,Early Blight,Aphids,Low
KR_01914,2026-007-27,Nanded,Loha,16.43017,75.0015,Rice,Phule Samruddhi,Vegetative,Loamy,6.58,64.9,Healthy,Mild,2.1,Bollworm,Light Trap,14,35.9,73.5,32.6,21.5,90.8,Blurry,0.577,0.648,Yes,Yes,Leaf Mold,Aphids,Medium
KR_01915,2026-001-20,Nanded,Hadgaon,20.76855,78.79778,Rice,Indrayani,Fruiting,Sandy Loam,7.88,44.2,Late Blight,Moderate,45.4,Bollworm,Pheromone Trap,4,29.7,91.8,33.7,17.2,59.0,Poor Framing,0.225,0.457,Yes,Yes,Bollworm,Stem Borer,High
KR_01916,2026-005-12,Nashik,Niphad,20.05384,76.32242,Grapes,Sharad Seedless,Seedling,Sandy Loam,6.44,58.8,Stem Borer,Mild,8.2,Leaf Miner,Pheromone Trap,0,26.7,59.9,40.6,16.0,27.2,Too Dark,0.619,0.706,Yes,Yes,Rust,Aphids,Low
KR_01917,2026-003-25,Nanded,Deglur,18.55884,76.77634,Soybean,MACS-1188,Flowering,Black Soil,7.01,72.7,Leaf Miner,Moderate,32.5,Leaf Miner,Pheromone Trap,0,36.6,72.1,40.9,5.5,36.9,Poor Framing,0.457,0.641,No,Yes,Leaf Miner,Whitefly,Medium
KR_01918,2026-002-26,Nanded,Loha,18.15865,78.56818,Potato,Kufri Pukhraj,Maturity,Clay Loam,6.32,16.3,Stem Borer,Moderate,48.2,Whitefly,Pheromone Trap,0,30.8,97.8,39.5,20.3,39.6,Good,0.818,0.541,Yes,Yes,Downy Mildew,Fruit Fly,High
KR_01919,2026-004-17,Nashik,Malegaon,17.8552,78.45451,Tomato,Abhinav,Flowering,Sandy Loam,6.96,29.9,Powdery Mildew,Severe,64.6,Leaf Miner,Pheromone Trap,0,37.9,69.0,35.4,20.8,71.0,Good,0.939,0.769,No,No,Brown Spot,Fruit Fly,Medium
KR_01920,2026-006-08,Ahmednagar,Shrigonda,18.19137,73.9326,Potato,Kufri Jyoti,Fruiting,Sandy Loam,6.83,21.8,Powdery Mildew,Mild,10.0,Leaf Miner,Pheromone Trap,7,33.0,97.6,32.5,21.7,29.0,Poor Framing,0.289,0.809,Yes,Yes,Early Blight,Stem Borer,Medium
KR_01921,2026-003-10,Pune,Shirur,20.78579,78.92963,Soybean,MAUS-71,Flowering,Black Soil,6.69,73.3,Healthy,Mild,4.3,Bollworm,Pheromone Trap,2,37.5,63.4,9.7,16.3,33.7,Good,0.95,0.84,No,No,Early Blight,Stem Borer,Medium
KR_01922,2026-006-03,Pune,Indapur,20.86441,75.85888,Potato,Kufri Pukhraj,Fruiting,Sandy Loam,6.36,19.5,Rust,Moderate,38.2,Leaf Miner,Pheromone Trap,12,20.8,94.6,27.4,4.0,81.2,Blurry,0.261,0.932,Yes,Yes,Stem Borer,Bollworm,Medium
KR_01923,2026-006-16,Nanded,Deglur,21.41509,77.75826,Grapes,Sharad Seedless,Maturity,Sandy Loam,6.52,28.5,Late Blight,Severe,52.1,Aphids,Pheromone Trap,10,25.8,40.1,40.5,16.0,93.0,Good,0.773,0.664,No,Yes,Leaf Spot,Stem Borer,Medium
KR_01924,2026-008-13,Solapur,Akkalkot,17.74028,77.48577,Cotton,RCH-659,Maturity,Sandy Loam,6.36,61.2,Leaf Miner,Mild,11.6,Whitefly,Light Trap,8,19.9,90.7,20.8,5.6,63.1,Too Dark,0.635,0.911,Yes,Yes,Bacterial Blight,Bollworm,Medium
KR_01925,2026-007-26,Nanded,Hadgaon,19.66222,77.88871,Grapes,Sharad Seedless,Seedling,Black Soil,6.28,53.8,Bacterial Blight,Moderate,43.2,Leaf Miner,Pheromone Trap,5,24.7,62.9,44.6,7.8,34.7,Poor Framing,0.636,0.568,Yes,Yes,Blast,Aphids,Medium
KR_01926,2026-008-01,Kolhapur,Karveer,20.93947,75.21316,Potato,Kufri Jyoti,Maturity,Black Soil,7.45,66.3,Downy Mildew,Severe,72.6,Aphids,Pheromone Trap,10,31.0,65.7,12.2,16.2,72.4,Good,0.802,0.764,No,No,Blast,Leaf Miner,Medium
KR_01927,2026-001-09,Nashik,Sinnar,18.01877,79.3057,Cotton,RCH-659,Maturity,Clay Loam,7.73,32.2,Rust,Severe,74.3,Stem Borer,Pheromone Trap,4,18.1,44.0,33.6,10.4,35.4,Too Dark,0.25,0.52,No,Yes,Rust,Fruit Fly,Medium
KR_01928,2026-003-26,Pune,Shirur,16.89995,75.55603,Rice,Basmati,Flowering,Black Soil,7.26,65.3,Thrips,Moderate,49.0,Leaf Miner,Light Trap,4,20.0,83.5,6.8,21.1,51.6,Good,0.952,0.587,Yes,Yes,Rust,Whitefly,High
KR_01929,2026-008-27,Solapur,Akkalkot,21.28989,73.3956,Rice,Phule Samruddhi,Flowering,Sandy Loam,6.6,52.7,Powdery Mildew,Severe,58.4,Fruit Fly,Light Trap,10,27.6,50.4,39.3,17.6,68.0,Too Bright,0.558,0.864,No,Yes,Early Blight,Whitefly,Medium
KR_01930,2026-008-18,Ahmednagar,Sangamner,19.03435,78.17704,Potato,Kufri Pukhraj,Maturity,Loamy,6.76,22.4,Rust,Mild,13.4,Leaf Miner,Light Trap,9,20.0,97.9,15.7,16.9,38.7,Good,0.873,0.897,Yes,No,Leaf Mold,Whitefly,Medium
KR_01931,2026-007-22,Nanded,Biloli,20.03015,75.33941,Soybean,MAUS-71,Maturity,Black Soil,6.83,46.0,Bollworm,Severe,64.1,Leaf Miner,Sticky Trap,15,22.2,53.2,26.7,18.8,66.3,Good,0.764,0.663,No,Yes,Leaf Mold,Thrips,Medium
KR_01932,2026-004-02,Ahmednagar,Sangamner,18.94033,78.8387,Grapes,Thompson Seedless,Fruiting,Sandy Loam,7.63,41.7,Brown Spot,Severe,79.9,Stem Borer,Sticky Trap,12,30.0,39.7,44.8,21.7,23.4,Poor Framing,0.459,0.593,Yes,Yes,Brown Spot,Whitefly,Medium
KR_01933,2026-005-01,Sangli,Tasgaon,19.80683,74.82409,Cotton,RCH-659,Vegetative,Clay Loam,6.31,22.0,Leaf Mold,Mild,8.6,Whitefly,Light Trap,8,21.8,57.1,23.8,7.5,65.4,Too Dark,0.441,0.671,Yes,Yes,Early Blight,Thrips,Low
KR_01934,2026-001-01,Ahmednagar,Sangamner,21.19428,79.31634,Rice,Phule Samruddhi,Fruiting,Sandy Loam,7.87,51.0,Thrips,Moderate,43.0,Aphids,Light Trap,11,32.0,55.3,0.5,4.8,89.7,Poor Framing,0.335,0.572,Yes,Yes,Leaf Mold,Fruit Fly,Medium
KR_01935,2026-002-23,Ahmednagar,Shrigonda,20.94658,79.06349,Potato,Local-P1,Flowering,Clay Loam,7.52,70.8,Leaf Spot,Moderate,38.5,Whitefly,Light Trap,12,22.5,80.4,21.9,7.5,82.7,Too Bright,0.345,0.985,Yes,Yes,Bacterial Blight,Leaf Miner,Medium
KR_01936,2026-007-26,Solapur,Akkalkot,18.74708,78.96732,Potato,Kufri Pukhraj,Fruiting,Sandy Loam,6.31,24.6,Leaf Mold,Moderate,29.2,Stem Borer,Pheromone Trap,0,33.1,55.4,10.9,21.0,20.8,Blurry,0.205,0.699,Yes,Yes,Rust,Aphids,Medium
KR_01937,2026-006-12,Nanded,Loha,19.81586,74.58104,Potato,Kufri Pukhraj,Seedling,Clay Loam,6.24,36.5,Leaf Miner,Severe,63.2,Fruit Fly,Pheromone Trap,0,20.3,62.4,40.1,3.4,77.1,Good,0.874,0.921,No,No,Downy Mildew,Bollworm,Medium
KR_01938,2026-008-13,Sangli,Tasgaon,20.76644,78.80905,Rice,Indrayani,Flowering,Clay Loam,6.7,71.6,Thrips,Mild,8.2,Thrips,Pheromone Trap,0,24.1,96.3,44.4,8.2,77.5,Good,0.905,0.868,Yes,No,Powdery Mildew,Bollworm,Medium
KR_01939,2026-005-02,Nashik,Malegaon,21.1577,74.55004,Soybean,JS-335,Fruiting,Clay Loam,7.29,17.5,Healthy,Mild,1.7,Bollworm,Light Trap,10,25.4,39.1,37.8,18.4,35.7,Good,0.913,0.484,No,Yes,Leaf Miner,Aphids,Low
KR_01940,2026-007-28,Pune,Daund,18.49358,74.23986,Soybean,MAUS-71,Fruiting,Loamy,7.83,23.7,Late Blight,Moderate,24.0,Stem Borer,Light Trap,3,28.1,95.6,10.6,17.6,34.0,Good,0.764,0.528,Yes,Yes,Rust,Fruit Fly,Medium
KR_01941,2026-006-10,Solapur,Pandharpur,20.09226,76.71122,Rice,Basmati,Fruiting,Black Soil,6.58,58.8,Thrips,Severe,85.0,Fruit Fly,Light Trap,6,23.3,94.0,3.1,21.5,40.4,Good,0.899,0.581,Yes,Yes,Leaf Miner,Leaf Miner,High
KR_01942,2026-006-01,Nanded,Hadgaon,19.42213,74.21385,Grapes,Sharad Seedless,Seedling,Clay Loam,6.56,42.4,Blast,Moderate,21.1,Stem Borer,Light Trap,3,22.5,89.0,41.7,2.9,47.9,Good,0.896,0.99,No,No,Downy Mildew,Bollworm,Medium
KR_01943,2026-008-19,Pune,Shirur,20.62029,78.90103,Cotton,Bunny Bt,Vegetative,Clay Loam,6.12,38.7,Thrips,Moderate,33.0,Bollworm,Pheromone Trap,1,37.7,73.9,37.5,19.1,68.3,Poor Framing,0.406,0.628,Yes,Yes,Bacterial Blight,Whitefly,Medium
KR_01944,2026-007-26,Nashik,Dindori,21.09711,75.00449,Tomato,Hybrid-T1,Fruiting,Loamy,7.93,65.6,Healthy,Mild,3.5,Bollworm,Pheromone Trap,14,21.0,78.7,34.5,13.3,89.6,Blurry,0.564,0.46,No,Yes,Stem Borer,Aphids,Medium
KR_01945,2026-004-04,Kolhapur,Karveer,16.39185,77.9674,Tomato,Hybrid-T1,Flowering,Loamy,6.37,21.0,Leaf Miner,Severe,70.3,Thrips,Light Trap,11,26.3,77.4,10.6,11.0,94.4,Too Dark,0.249,0.568,Yes,Yes,Early Blight,Aphids,Medium
KR_01946,2026-001-02,Kolhapur,Hatkanangale,21.3803,74.62429,Potato,Local-P1,Vegetative,Clay Loam,6.85,63.0,Leaf Mold,Mild,12.7,Whitefly,Sticky Trap,13,25.3,55.2,43.4,20.1,49.5,Too Bright,0.439,0.854,Yes,Yes,Bollworm,Aphids,Low
KR_01947,2026-002-26,Sangli,Miraj,21.0641,77.54709,Rice,Basmati,Seedling,Clay Loam,7.03,37.3,Bollworm,Mild,18.7,Aphids,Pheromone Trap,5,22.4,69.2,31.0,18.1,45.0,Too Dark,0.248,0.793,Yes,Yes,Rust,Stem Borer,Medium
KR_01948,2026-005-28,Kolhapur,Shirol,17.91154,77.925,Cotton,Bt Cotton,Flowering,Clay Loam,6.94,20.6,Bacterial Blight,Severe,70.8,Whitefly,Pheromone Trap,0,27.1,37.2,39.0,10.1,47.3,Too Bright,0.264,0.664,Yes,Yes,Blast,Fruit Fly,Medium
KR_01949,2026-005-17,Sangli,Miraj,17.29219,78.67953,Cotton,RCH-659,Vegetative,Sandy Loam,8.05,44.8,Downy Mildew,Moderate,38.1,Whitefly,Pheromone Trap,0,21.4,49.4,12.7,17.5,30.0,Too Bright,0.452,0.901,No,Yes,Downy Mildew,Leaf Miner,Medium
KR_01950,2026-003-16,Kolhapur,Shirol,18.89571,75.54852,Tomato,Arka Rakshak,Vegetative,Loamy,6.89,57.7,Blast,Mild,14.9,Aphids,Sticky Trap,4,19.7,57.7,28.3,3.5,93.4,Good,0.858,0.89,Yes,No,Bollworm,Aphids,Low
KR_01951,2026-004-04,Kolhapur,Karveer,17.03213,74.99366,Potato,Local-P1,Fruiting,Loamy,7.65,28.6,Bacterial Blight,Severe,53.9,Aphids,Light Trap,2,30.2,96.2,18.3,5.2,32.8,Too Dark,0.446,0.81,Yes,Yes,Bollworm,Stem Borer,High
KR_01952,2026-005-09,Nashik,Niphad,19.8292,77.42523,Tomato,Hybrid-T1,Maturity,Sandy Loam,6.68,31.4,Leaf Miner,Moderate,25.9,Stem Borer,Sticky Trap,10,30.6,41.6,21.9,10.1,52.9,Too Dark,0.457,0.908,Yes,Yes,Blast,Whitefly,Medium
KR_01953,2026-005-20,Satara,Wai,16.68377,76.28925,Potato,Kufri Jyoti,Flowering,Clay Loam,6.69,50.1,Powdery Mildew,Mild,9.3,Whitefly,Sticky Trap,9,37.2,49.9,24.6,2.1,92.2,Too Bright,0.548,0.812,No,Yes,Leaf Miner,Leaf Miner,Low
KR_01954,2026-004-09,Pune,Indapur,17.68266,74.38024,Rice,Phule Samruddhi,Flowering,Loamy,6.04,64.1,Downy Mildew,Severe,53.3,Stem Borer,Pheromone Trap,0,25.6,94.5,44.7,9.0,55.6,Good,0.869,0.934,Yes,No,Rust,Bollworm,High
KR_01955,2026-003-20,Pune,Baramati,18.78756,73.10141,Soybean,JS-335,Seedling,Clay Loam,7.06,21.1,Late Blight,Moderate,23.0,Fruit Fly,Pheromone Trap,2,23.6,89.0,29.3,8.5,78.1,Too Dark,0.419,0.565,Yes,Yes,Leaf Miner,Aphids,Medium
KR_01956,2026-007-09,Ahmednagar,Shrigonda,19.99561,78.49188,Potato,Local-P1,Maturity,Clay Loam,6.53,46.2,Bollworm,Mild,10.7,Fruit Fly,Pheromone Trap,9,20.8,64.5,7.6,5.9,86.4,Too Bright,0.468,0.467,Yes,Yes,Brown Spot,Stem Borer,Medium
KR_01957,2026-003-07,Kolhapur,Hatkanangale,16.01764,73.14233,Soybean,JS-335,Seedling,Clay Loam,6.79,58.4,Powdery Mildew,Severe,71.5,Fruit Fly,Pheromone Trap,0,34.8,65.2,9.5,2.6,57.0,Too Bright,0.37,0.836,No,Yes,Rust,Thrips,Medium
KR_01958,2026-004-19,Nanded,Biloli,20.57999,76.9852,Tomato,Hybrid-T1,Flowering,Loamy,6.32,53.9,Bollworm,Mild,10.0,Bollworm,Pheromone Trap,8,22.7,48.3,38.0,5.3,76.8,Poor Framing,0.61,0.59,No,Yes,Brown Spot,Fruit Fly,Low
KR_01959,2026-005-03,Nanded,Biloli,20.22877,78.48255,Soybean,MACS-1188,Flowering,Sandy Loam,6.65,40.2,Powdery Mildew,Moderate,44.7,Leaf Miner,Pheromone Trap,0,30.2,74.2,20.6,11.3,86.2,Poor Framing,0.341,0.59,Yes,Yes,Leaf Spot,Leaf Miner,Medium
KR_01960,2026-005-12,Pune,Daund,19.85662,75.82236,Grapes,Thompson Seedless,Seedling,Loamy,7.54,70.5,Bollworm,Mild,11.4,Bollworm,Light Trap,3,28.8,75.7,29.6,5.3,59.0,Good,0.84,0.7,Yes,Yes,Early Blight,Fruit Fly,Medium
KR_01961,2026-007-12,Satara,Koregaon,17.79321,77.16629,Tomato,Arka Rakshak,Flowering,Loamy,7.31,52.4,Rust,Moderate,31.9,Whitefly,Pheromone Trap,0,21.2,88.3,36.5,15.5,66.3,Good,0.999,0.559,No,Yes,Rust,Leaf Miner,Medium
KR_01962,2026-008-10,Nanded,Hadgaon,17.15597,77.77876,Soybean,MACS-1188,Vegetative,Black Soil,6.54,53.6,Bollworm,Severe,83.8,Stem Borer,Pheromone Trap,13,22.2,84.0,35.3,5.6,42.6,Poor Framing,0.43,0.895,Yes,Yes,Powdery Mildew,Fruit Fly,High
KR_01963,2026-007-18,Nashik,Sinnar,20.87064,79.3088,Potato,Kufri Pukhraj,Vegetative,Clay Loam,6.33,67.1,Early Blight,Mild,14.3,Thrips,Pheromone Trap,12,23.0,82.6,7.8,3.3,24.7,Good,0.92,0.605,Yes,Yes,Leaf Miner,Aphids,Medium
KR_01964,2026-003-07,Satara,Wai,18.58618,79.25616,Grapes,Thompson Seedless,Fruiting,Black Soil,6.04,17.8,Bollworm,Mild,5.6,Thrips,Pheromone Trap,0,21.2,91.1,32.2,6.2,45.4,Good,0.777,0.502,Yes,Yes,Bacterial Blight,Whitefly,Medium
KR_01965,2026-002-22,Satara,Wai,21.01172,73.64169,Rice,Indrayani,Fruiting,Loamy,7.38,39.7,Leaf Mold,Mild,6.7,Whitefly,Pheromone Trap,4,36.2,41.7,29.1,7.3,29.3,Too Dark,0.377,0.744,Yes,Yes,Blast,Aphids,Low
KR_01966,2026-008-03,Pune,Indapur,20.18856,73.65272,Rice,Phule Samruddhi,Maturity,Clay Loam,6.41,69.4,Leaf Mold,Severe,63.8,Whitefly,Pheromone Trap,13,23.4,73.5,1.8,5.8,49.0,Poor Framing,0.453,0.552,No,Yes,Bollworm,Fruit Fly,Medium
KR_01967,2026-002-20,Nanded,Biloli,16.96794,77.57082,Soybean,JS-335,Flowering,Clay Loam,6.74,42.2,Blast,Severe,66.4,Leaf Miner,Sticky Trap,11,25.6,90.4,39.5,8.6,41.3,Poor Framing,0.462,0.458,Yes,Yes,Bacterial Blight,Leaf Miner,High
KR_01968,2026-002-12,Sangli,Jat,18.64937,76.64444,Grapes,Sharad Seedless,Fruiting,Loamy,7.47,72.0,Bacterial Blight,Severe,54.3,Leaf Miner,Pheromone Trap,9,37.4,92.4,20.7,9.8,33.0,Poor Framing,0.238,0.826,No,Yes,Stem Borer,Stem Borer,High
KR_01969,2026-002-02,Sangli,Jat,18.71942,78.93326,Potato,Kufri Jyoti,Vegetative,Sandy Loam,6.46,27.3,Stem Borer,Moderate,21.0,Fruit Fly,Light Trap,7,37.3,66.6,36.4,20.7,47.7,Too Dark,0.575,0.595,No,Yes,Downy Mildew,Thrips,Medium
KR_01970,2026-007-02,Ahmednagar,Rahata,20.74778,77.90442,Tomato,Abhinav,Maturity,Clay Loam,7.85,27.4,Bacterial Blight,Moderate,42.0,Leaf Miner,Pheromone Trap,12,22.0,36.1,15.9,11.9,69.7,Good,0.92,0.989,Yes,No,Rust,Fruit Fly,Medium
KR_01971,2026-001-22,Sangli,Kavathe Mahankal,19.35404,76.95137,Tomato,Abhinav,Flowering,Loamy,6.56,24.7,Leaf Spot,Moderate,37.0,Aphids,Pheromone Trap,3,32.8,45.6,31.8,21.3,61.1,Good,0.856,0.797,Yes,No,Brown Spot,Bollworm,Medium
KR_01972,2026-004-26,Kolhapur,Shirol,19.59304,78.67321,Cotton,Bunny Bt,Maturity,Black Soil,6.7,62.9,Late Blight,Severe,53.6,Bollworm,Pheromone Trap,13,19.2,57.0,29.9,16.1,70.6,Blurry,0.483,0.836,Yes,Yes,Leaf Mold,Leaf Miner,Medium
KR_01973,2026-003-12,Ahmednagar,Rahata,16.3969,74.18707,Grapes,Thompson Seedless,Fruiting,Loamy,6.7,31.0,Early Blight,Severe,70.1,Aphids,Sticky Trap,5,24.8,72.8,32.6,2.3,41.7,Good,0.757,0.965,Yes,No,Leaf Mold,Stem Borer,Medium
KR_01974,2026-001-06,Nashik,Sinnar,18.90357,75.19323,Cotton,Bt Cotton,Fruiting,Sandy Loam,7.11,25.6,Bacterial Blight,Mild,13.2,Fruit Fly,Pheromone Trap,0,21.3,54.3,44.1,9.7,29.2,Good,0.971,0.871,Yes,No,Bacterial Blight,Aphids,Low
KR_01975,2026-007-02,Solapur,Akkalkot,19.22805,73.09949,Grapes,Sharad Seedless,Vegetative,Clay Loam,7.91,21.1,Leaf Miner,Severe,61.1,Bollworm,Pheromone Trap,0,27.4,75.9,10.6,10.8,30.1,Too Bright,0.358,0.56,Yes,Yes,Rust,Aphids,Medium
KR_01976,2026-005-03,Kolhapur,Kagal,18.57241,76.11089,Tomato,Abhinav,Fruiting,Loamy,7.69,26.9,Leaf Spot,Moderate,24.2,Leaf Miner,Pheromone Trap,0,24.5,50.1,1.1,6.0,85.2,Good,0.988,0.761,Yes,No,Late Blight,Aphids,Medium
KR_01977,2026-002-08,Nashik,Malegaon,16.38472,73.65259,Soybean,MAUS-71,Fruiting,Loamy,7.34,74.2,Brown Spot,Severe,60.5,Thrips,Light Trap,11,26.6,40.5,13.6,6.2,64.5,Too Bright,0.477,0.988,Yes,Yes,Powdery Mildew,Stem Borer,Medium
KR_01978,2026-006-24,Pune,Indapur,20.51528,77.16386,Rice,Basmati,Fruiting,Sandy Loam,7.09,27.4,Late Blight,Moderate,46.5,Leaf Miner,Sticky Trap,6,19.7,93.5,14.6,5.7,76.6,Good,0.803,0.926,Yes,No,Leaf Miner,Stem Borer,High
KR_01979,2026-006-09,Satara,Karad,20.19237,76.69282,Cotton,RCH-659,Maturity,Sandy Loam,6.78,41.3,Thrips,Severe,58.4,Leaf Miner,Sticky Trap,6,21.5,77.1,22.3,21.6,49.1,Good,0.989,0.606,No,Yes,Bollworm,Bollworm,Medium
KR_01980,2026-007-10,Solapur,Pandharpur,17.69494,79.36974,Potato,Local-P1,Seedling,Sandy Loam,7.96,15.9,Downy Mildew,Mild,7.1,Leaf Miner,Pheromone Trap,0,37.2,76.0,25.7,7.1,84.9,Poor Framing,0.356,0.655,Yes,Yes,Downy Mildew,Whitefly,Medium
KR_01981,2026-004-07,Satara,Karad,21.12909,77.74731,Rice,Phule Samruddhi,Flowering,Clay Loam,8.07,27.2,Rust,Moderate,35.3,Aphids,Light Trap,10,37.1,65.2,13.8,11.6,84.2,Good,0.847,0.727,Yes,Yes,Rust,Bollworm,Medium
KR_01982,2026-006-14,Nashik,Malegaon,18.68502,78.03672,Cotton,Bunny Bt,Maturity,Loamy,7.79,64.8,Healthy,Mild,0.9,Bollworm,Light Trap,11,35.2,42.6,25.5,3.4,84.3,Good,0.906,0.913,Yes,No,Late Blight,Aphids,Low
KR_01983,2026-006-20,Pune,Baramati,20.06459,78.17542,Potato,Kufri Jyoti,Maturity,Clay Loam,8.14,24.0,Healthy,Mild,4.1,Bollworm,Sticky Trap,14,21.2,66.6,25.5,16.2,25.4,Too Bright,0.238,0.456,Yes,Yes,Downy Mildew,Bollworm,Medium
KR_01984,2026-003-02,Satara,Koregaon,16.86913,75.19276,Grapes,Sharad Seedless,Maturity,Black Soil,8.0,45.3,Brown Spot,Mild,11.4,Bollworm,Sticky Trap,1,34.3,90.3,10.0,16.7,91.7,Poor Framing,0.577,0.844,Yes,Yes,Leaf Spot,Bollworm,Medium
KR_01985,2026-002-04,Satara,Karad,17.16914,78.40422,Cotton,Bt Cotton,Vegetative,Clay Loam,7.4,64.9,Leaf Mold,Mild,15.4,Thrips,Sticky Trap,1,27.3,44.3,2.1,6.1,47.9,Too Dark,0.268,0.571,Yes,Yes,Powdery Mildew,Fruit Fly,Medium
KR_01986,2026-006-04,Pune,Shirur,19.44561,79.44723,Potato,Kufri Jyoti,Fruiting,Loamy,7.19,54.7,Bacterial Blight,Mild,11.6,Stem Borer,Light Trap,8,36.8,86.8,11.1,2.2,61.4,Good,0.796,0.77,Yes,No,Leaf Miner,Leaf Miner,Medium
KR_01987,2026-002-07,Kolhapur,Hatkanangale,19.77464,78.17561,Grapes,Thompson Seedless,Fruiting,Clay Loam,6.44,68.9,Stem Borer,Mild,10.7,Bollworm,Pheromone Trap,11,31.5,88.2,28.6,18.2,66.1,Good,0.897,0.83,No,No,Stem Borer,Bollworm,Medium
KR_01988,2026-001-28,Solapur,Mangalwedhe,18.84746,74.54451,Cotton,Bt Cotton,Maturity,Black Soil,8.2,68.9,Bacterial Blight,Severe,69.2,Aphids,Pheromone Trap,0,32.0,74.9,26.6,7.0,34.6,Poor Framing,0.352,0.451,Yes,Yes,Late Blight,Fruit Fly,Medium
KR_01989,2026-001-17,Kolhapur,Hatkanangale,17.31476,78.6766,Grapes,Sonaka,Maturity,Loamy,7.25,68.2,Healthy,Mild,0.7,Bollworm,Pheromone Trap,11,23.3,93.3,35.8,10.2,70.6,Too Dark,0.296,0.819,Yes,Yes,Stem Borer,Stem Borer,Medium
KR_01990,2026-003-12,Sangli,Jat,21.19444,77.25609,Grapes,Sonaka,Vegetative,Loamy,7.11,26.7,Healthy,Mild,4.9,Bollworm,Pheromone Trap,8,32.2,53.5,1.7,11.5,89.5,Good,0.854,0.844,Yes,No,Leaf Spot,Fruit Fly,Low
KR_01991,2026-006-17,Nashik,Niphad,16.46019,75.80565,Tomato,Arka Rakshak,Maturity,Black Soil,8.19,22.1,Late Blight,Moderate,41.4,Stem Borer,Pheromone Trap,13,27.6,86.9,7.7,20.2,24.4,Good,0.944,0.929,Yes,No,Powdery Mildew,Bollworm,High
KR_01992,2026-004-11,Sangli,Jat,20.61482,76.58094,Potato,Local-P1,Seedling,Black Soil,6.21,38.0,Stem Borer,Mild,16.5,Whitefly,Sticky Trap,15,24.8,84.5,43.7,12.2,58.3,Good,0.774,0.596,No,Yes,Leaf Spot,Thrips,Medium
KR_01993,2026-008-24,Ahmednagar,Sangamner,20.46668,75.59421,Grapes,Thompson Seedless,Seedling,Loamy,7.0,38.8,Bacterial Blight,Mild,11.9,Leaf Miner,Pheromone Trap,14,27.4,83.6,35.6,21.2,60.9,Too Bright,0.477,0.906,Yes,Yes,Late Blight,Aphids,Medium
KR_01994,2026-001-09,Solapur,Malshiras,21.36161,73.08205,Cotton,Bunny Bt,Flowering,Sandy Loam,6.51,15.1,Powdery Mildew,Severe,51.1,Fruit Fly,Sticky Trap,2,22.3,79.4,31.4,18.8,33.0,Poor Framing,0.599,0.5,Yes,Yes,Leaf Mold,Whitefly,Medium
KR_01995,2026-006-03,Kolhapur,Hatkanangale,18.09985,76.01888,Cotton,Bunny Bt,Flowering,Loamy,7.75,48.8,Early Blight,Moderate,37.4,Aphids,Pheromone Trap,0,33.2,93.6,26.6,10.4,74.0,Too Dark,0.302,0.599,No,Yes,Late Blight,Bollworm,Medium
KR_01996,2026-003-17,Pune,Shirur,19.46293,74.3941,Grapes,Thompson Seedless,Fruiting,Black Soil,7.05,38.2,Bollworm,Mild,10.8,Leaf Miner,Light Trap,9,32.7,88.9,14.0,15.8,70.6,Good,0.949,0.976,Yes,No,Blast,Aphids,Medium
KR_01997,2026-001-23,Kolhapur,Shirol,18.81539,76.4746,Potato,Kufri Jyoti,Maturity,Loamy,6.5,31.8,Bollworm,Moderate,21.7,Whitefly,Light Trap,3,35.0,54.5,34.0,5.4,79.3,Too Bright,0.457,0.911,Yes,Yes,Downy Mildew,Thrips,Medium
KR_01998,2026-004-27,Pune,Baramati,16.04185,77.29661,Tomato,Abhinav,Flowering,Black Soil,7.05,57.0,Leaf Miner,Mild,6.0,Fruit Fly,Pheromone Trap,0,19.3,38.5,36.1,10.5,81.8,Blurry,0.309,0.686,No,Yes,Blast,Fruit Fly,Low
KR_01999,2026-006-15,Sangli,Miraj,19.99655,78.99732,Cotton,Bt Cotton,Flowering,Sandy Loam,6.09,66.9,Thrips,Severe,66.0,Aphids,Sticky Trap,14,26.3,59.5,15.6,19.1,72.0,Good,0.92,0.62,Yes,Yes,Rust,Bollworm,Medium
KR_02000,2026-001-23,Pune,Daund,20.52199,73.91226,Grapes,Sonaka,Seedling,Black Soil,7.52,52.6,Brown Spot,Severe,56.7,Whitefly,Light Trap,8,30.6,85.9,36.2,19.7,33.7,Poor Framing,0.592,0.524,Yes,Yes,Leaf Spot,Fruit Fly,High
KR_02001,2026-001-03,Nashik,Malegaon,17.90969,78.36147,Cotton,Bunny Bt,Flowering,Black Soil,7.85,40.1,Blast,Moderate,40.2,Leaf Miner,Sticky Trap,13,18.2,50.9,12.6,4.9,64.5,Too Bright,0.499,0.718,Yes,Yes,Stem Borer,Bollworm,Medium
KR_02002,2026-006-20,Nashik,Malegaon,20.95563,76.53686,Rice,Indrayani,Maturity,Black Soil,6.62,17.8,Rust,Moderate,30.3,Whitefly,Pheromone Trap,0,20.1,54.2,39.4,10.7,75.2,Good,0.959,0.693,Yes,Yes,Powdery Mildew,Aphids,Medium
KR_02003,2026-007-23,Solapur,Pandharpur,19.75208,75.99619,Potato,Kufri Pukhraj,Seedling,Clay Loam,6.86,38.7,Leaf Miner,Mild,16.7,Aphids,Pheromone Trap,0,28.3,47.2,23.5,19.6,59.8,Too Dark,0.284,0.522,Yes,Yes,Downy Mildew,Bollworm,Medium
KR_02004,2026-002-23,Nashik,Sinnar,21.2447,77.3665,Grapes,Sonaka,Fruiting,Sandy Loam,6.7,50.9,Leaf Mold,Severe,70.0,Whitefly,Sticky Trap,12,25.7,41.3,38.5,16.1,67.4,Blurry,0.616,0.744,No,Yes,Powdery Mildew,Stem Borer,Medium
KR_02005,2026-008-17,Satara,Wai,17.80338,74.06506,Grapes,Thompson Seedless,Seedling,Clay Loam,6.08,47.0,Rust,Moderate,48.0,Bollworm,Pheromone Trap,7,21.3,53.6,37.0,3.6,75.7,Too Bright,0.591,0.922,Yes,Yes,Blast,Leaf Miner,Medium
KR_02006,2026-005-01,Sangli,Jat,16.55782,78.76645,Soybean,MAUS-71,Vegetative,Sandy Loam,6.14,70.3,Leaf Miner,Severe,52.8,Thrips,Pheromone Trap,0,20.0,52.4,28.1,15.1,60.3,Good,0.803,0.982,Yes,No,Blast,Bollworm,Medium
KR_02007,2026-003-27,Kolhapur,Karveer,16.97294,76.08591,Grapes,Sharad Seedless,Vegetative,Clay Loam,7.85,70.6,Stem Borer,Mild,11.2,Thrips,Light Trap,15,22.5,38.0,29.7,2.2,42.9,Too Bright,0.334,0.664,Yes,Yes,Brown Spot,Whitefly,Low
KR_02008,2026-007-15,Pune,Daund,20.75903,76.86013,Tomato,Abhinav,Fruiting,Sandy Loam,6.22,42.6,Leaf Mold,Severe,56.6,Aphids,Light Trap,10,36.6,71.1,3.4,19.4,62.8,Poor Framing,0.617,0.792,Yes,Yes,Leaf Miner,Stem Borer,Medium
KR_02009,2026-006-01,Ahmednagar,Kopargaon,18.55954,76.87851,Tomato,Hybrid-T1,Seedling,Black Soil,6.47,65.4,Downy Mildew,Severe,83.9,Whitefly,Light Trap,12,26.0,39.3,44.1,16.5,64.6,Good,0.882,0.637,Yes,Yes,Leaf Miner,Fruit Fly,Medium
KR_02010,2026-001-11,Solapur,Mangalwedhe,20.20837,74.93581,Soybean,JS-335,Fruiting,Sandy Loam,7.5,17.5,Bollworm,Moderate,41.8,Thrips,Light Trap,6,26.7,85.5,40.7,5.7,32.3,Blurry,0.344,0.757,Yes,Yes,Blast,Whitefly,High
KR_02011,2026-008-20,Nashik,Sinnar,16.16081,77.83785,Cotton,RCH-659,Fruiting,Black Soil,8.13,54.9,Stem Borer,Mild,15.1,Thrips,Sticky Trap,15,32.6,67.7,27.4,18.6,30.6,Poor Framing,0.409,0.949,Yes,Yes,Downy Mildew,Aphids,Medium
KR_02012,2026-007-27,Kolhapur,Karveer,18.13382,76.54439,Rice,Indrayani,Flowering,Black Soil,8.13,32.6,Late Blight,Mild,11.3,Fruit Fly,Pheromone Trap,0,35.8,62.8,21.4,14.7,41.4,Too Bright,0.355,0.633,Yes,Yes,Blast,Fruit Fly,Medium
KR_02013,2026-005-21,Kolhapur,Hatkanangale,16.48268,77.52095,Rice,Phule Samruddhi,Vegetative,Sandy Loam,7.25,30.9,Blast,Severe,54.5,Leaf Miner,Pheromone Trap,2,26.0,44.1,30.0,11.8,86.4,Good,0.777,0.747,Yes,Yes,Downy Mildew,Whitefly,Medium
KR_02014,2026-001-28,Pune,Indapur,17.56557,78.86483,Cotton,RCH-659,Fruiting,Clay Loam,6.98,39.5,Early Blight,Severe,65.6,Leaf Miner,Pheromone Trap,0,37.1,97.9,8.7,12.5,52.9,Too Bright,0.649,0.965,No,Yes,Rust,Leaf Miner,High
KR_02015,2026-002-05,Ahmednagar,Shrigonda,18.40952,77.64467,Tomato,Abhinav,Vegetative,Black Soil,6.73,57.2,Powdery Mildew,Moderate,34.1,Whitefly,Light Trap,3,20.9,39.4,9.4,17.4,44.8,Too Dark,0.525,0.913,Yes,Yes,Thrips,Whitefly,Medium
KR_02016,2026-004-20,Pune,Indapur,20.90693,77.39828,Rice,Basmati,Maturity,Loamy,7.38,45.1,Leaf Miner,Moderate,38.7,Fruit Fly,Light Trap,11,28.2,54.8,4.9,14.8,52.8,Blurry,0.563,0.873,No,Yes,Rust,Fruit Fly,Medium
KR_02017,2026-007-18,Ahmednagar,Shrigonda,16.20347,79.47235,Cotton,RCH-659,Flowering,Loamy,6.4,33.5,Leaf Mold,Mild,8.9,Stem Borer,Pheromone Trap,6,21.1,76.5,33.1,9.2,56.5,Blurry,0.635,0.973,No,Yes,Thrips,Bollworm,Medium
KR_02018,2026-008-22,Nashik,Malegaon,16.03127,78.30548,Rice,Phule Samruddhi,Seedling,Black Soil,6.47,19.8,Healthy,Mild,0.3,Bollworm,Pheromone Trap,0,32.9,72.8,2.3,16.4,93.2,Good,0.861,0.82,Yes,No,Thrips,Fruit Fly,Medium
KR_02019,2026-004-05,Nanded,Biloli,17.59562,77.19376,Rice,Basmati,Vegetative,Loamy,7.94,19.1,Stem Borer,Severe,74.7,Bollworm,Sticky Trap,7,25.8,86.1,44.7,14.5,38.7,Too Dark,0.431,0.455,No,Yes,Bacterial Blight,Aphids,High
KR_02020,2026-005-15,Nanded,Deglur,18.80761,77.92016,Grapes,Sonaka,Fruiting,Black Soil,7.98,26.4,Healthy,Mild,3.1,Bollworm,Pheromone Trap,15,24.0,88.5,23.6,9.0,60.6,Too Dark,0.527,0.775,Yes,Yes,Bollworm,Aphids,Medium
KR_02021,2026-008-10,Nashik,Dindori,20.49007,73.95579,Grapes,Thompson Seedless,Fruiting,Clay Loam,7.1,46.9,Bacterial Blight,Severe,69.4,Thrips,Pheromone Trap,5,33.2,59.5,43.1,6.9,30.7,Too Dark,0.508,0.88,Yes,Yes,Rust,Thrips,Medium
KR_02022,2026-008-16,Nashik,Dindori,19.2389,73.59831,Soybean,MACS-1188,Vegetative,Black Soil,6.4,60.1,Thrips,Severe,53.4,Thrips,Pheromone Trap,2,22.2,67.1,1.4,7.8,28.1,Blurry,0.501,0.539,No,Yes,Rust,Aphids,Medium
KR_02023,2026-004-05,Nanded,Deglur,16.42519,73.35064,Soybean,MACS-1188,Vegetative,Loamy,8.12,40.9,Rust,Mild,9.3,Aphids,Light Trap,9,32.9,50.1,19.2,21.1,86.0,Good,0.856,0.988,No,No,Brown Spot,Aphids,Low
KR_02024,2026-002-05,Nashik,Malegaon,18.99617,77.31607,Tomato,Arka Rakshak,Vegetative,Sandy Loam,7.57,72.5,Rust,Mild,5.8,Whitefly,Pheromone Trap,9,21.5,74.1,39.8,7.6,45.6,Too Dark,0.389,0.53,No,Yes,Leaf Spot,Thrips,Medium
KR_02025,2026-005-09,Sangli,Miraj,21.18132,76.26183,Potato,Local-P1,Maturity,Loamy,7.52,16.3,Blast,Mild,9.0,Thrips,Pheromone Trap,8,18.4,61.0,40.6,11.1,82.4,Poor Framing,0.504,0.975,Yes,Yes,Powdery Mildew,Thrips,Medium
KR_02026,2026-005-14,Sangli,Miraj,20.04871,79.17197,Tomato,Abhinav,Maturity,Sandy Loam,6.15,28.8,Leaf Spot,Moderate,44.2,Leaf Miner,Light Trap,13,28.5,65.6,5.3,2.8,42.4,Blurry,0.562,0.621,Yes,Yes,Downy Mildew,Whitefly,Medium
KR_02027,2026-003-08,Kolhapur,Hatkanangale,18.82452,77.60685,Soybean,MAUS-71,Seedling,Loamy,7.89,48.3,Thrips,Severe,74.9,Thrips,Light Trap,4,31.6,78.8,21.3,2.7,34.0,Poor Framing,0.232,0.533,Yes,Yes,Leaf Spot,Aphids,Medium
KR_02028,2026-004-24,Nanded,Biloli,21.11141,76.35591,Potato,Local-P1,Fruiting,Loamy,6.96,39.9,Leaf Mold,Severe,72.3,Fruit Fly,Light Trap,1,25.6,74.4,14.1,16.2,20.2,Poor Framing,0.507,0.513,Yes,Yes,Powdery Mildew,Stem Borer,Medium
KR_02029,2026-006-13,Nashik,Niphad,18.27726,74.22789,Tomato,Hybrid-T1,Vegetative,Black Soil,7.96,66.7,Bollworm,Severe,66.5,Leaf Miner,Pheromone Trap,0,37.2,37.5,39.2,5.6,94.1,Good,0.809,0.855,No,No,Bacterial Blight,Whitefly,Medium
KR_02030,2026-008-23,Solapur,Mangalwedhe,17.60306,75.48932,Grapes,Sonaka,Seedling,Black Soil,6.63,66.8,Stem Borer,Moderate,44.3,Aphids,Pheromone Trap,15,29.3,80.4,34.6,20.1,34.4,Good,0.948,0.676,No,Yes,Downy Mildew,Fruit Fly,High
KR_02031,2026-003-28,Ahmednagar,Kopargaon,17.00545,79.16297,Rice,Indrayani,Fruiting,Black Soil,6.52,74.2,Healthy,Mild,0.8,Bollworm,Pheromone Trap,15,35.4,36.0,37.0,21.0,29.5,Blurry,0.553,0.964,Yes,Yes,Leaf Mold,Fruit Fly,Low
KR_02032,2026-004-25,Kolhapur,Shirol,19.6357,79.13424,Potato,Kufri Jyoti,Flowering,Sandy Loam,7.97,37.9,Downy Mildew,Moderate,34.0,Aphids,Pheromone Trap,7,30.3,94.1,12.5,16.3,42.9,Good,0.751,0.938,No,No,Leaf Mold,Bollworm,Medium
KR_02033,2026-004-09,Nanded,Deglur,17.05251,76.31877,Grapes,Sharad Seedless,Seedling,Black Soil,7.67,29.4,Brown Spot,Mild,7.9,Thrips,Sticky Trap,6,34.9,94.3,30.8,15.8,36.7,Blurry,0.551,0.938,Yes,Yes,Stem Borer,Whitefly,Medium
KR_02034,2026-004-21,Sangli,Jat,16.63583,74.79363,Grapes,Thompson Seedless,Fruiting,Clay Loam,7.02,75.0,Leaf Miner,Moderate,22.4,Leaf Miner,Pheromone Trap,0,18.7,90.9,26.9,19.0,29.2,Blurry,0.273,0.845,Yes,Yes,Brown Spot,Whitefly,Medium
KR_02035,2026-004-24,Nashik,Niphad,18.79511,76.75634,Tomato,Hybrid-T1,Vegetative,Sandy Loam,8.14,53.5,Downy Mildew,Mild,6.3,Whitefly,Pheromone Trap,11,25.0,68.1,29.2,12.1,47.8,Too Bright,0.352,0.627,Yes,Yes,Early Blight,Bollworm,Medium
KR_02036,2026-006-15,Satara,Koregaon,18.70162,77.32443,Potato,Kufri Jyoti,Flowering,Clay Loam,6.85,71.0,Thrips,Mild,6.6,Thrips,Pheromone Trap,0,22.9,58.1,44.5,15.5,83.9,Too Dark,0.623,0.546,No,Yes,Downy Mildew,Stem Borer,Low
KR_02037,2026-008-11,Solapur,Mangalwedhe,18.58465,78.26445,Grapes,Sonaka,Vegetative,Sandy Loam,7.45,19.0,Downy Mildew,Moderate,25.8,Bollworm,Pheromone Trap,5,33.8,87.1,21.9,5.7,63.3,Good,0.907,0.738,Yes,Yes,Stem Borer,Aphids,Medium
KR_02038,2026-006-18,Ahmednagar,Kopargaon,18.38851,73.14323,Soybean,MAUS-71,Fruiting,Sandy Loam,6.02,73.2,Downy Mildew,Moderate,45.9,Bollworm,Pheromone Trap,0,34.4,89.2,8.4,13.5,84.8,Poor Framing,0.208,0.71,Yes,Yes,Late Blight,Whitefly,High
KR_02039,2026-005-22,Nashik,Dindori,19.21838,75.09154,Rice,Basmati,Fruiting,Loamy,6.25,30.7,Leaf Miner,Mild,12.5,Fruit Fly,Light Trap,10,19.9,78.2,5.4,11.5,68.5,Too Dark,0.394,0.585,Yes,Yes,Late Blight,Leaf Miner,Medium
KR_02040,2026-006-27,Satara,Koregaon,16.15758,78.25989,Potato,Kufri Pukhraj,Vegetative,Clay Loam,7.7,46.7,Early Blight,Mild,5.2,Aphids,Pheromone Trap,9,19.2,79.3,24.8,11.2,50.4,Good,0.813,0.607,No,Yes,Leaf Miner,Aphids,Medium
KR_02041,2026-007-22,Nashik,Niphad,21.39557,78.94632,Rice,Indrayani,Maturity,Loamy,6.97,74.3,Bollworm,Moderate,45.4,Aphids,Light Trap,9,33.7,53.2,22.4,18.7,67.0,Good,0.784,0.967,No,No,Blast,Bollworm,Medium
KR_02042,2026-001-26,Nanded,Hadgaon,20.94232,76.192,Cotton,Bt Cotton,Seedling,Black Soil,6.5,17.6,Healthy,Mild,4.8,Bollworm,Light Trap,14,22.4,39.2,14.0,11.1,94.6,Good,0.868,0.781,Yes,No,Powdery Mildew,Aphids,Low
KR_02043,2026-003-15,Solapur,Mangalwedhe,20.13416,78.69709,Soybean,MACS-1188,Vegetative,Black Soil,7.83,56.2,Stem Borer,Severe,54.1,Aphids,Pheromone Trap,0,23.1,35.5,4.2,18.4,38.5,Too Bright,0.547,0.758,No,Yes,Powdery Mildew,Bollworm,Medium
KR_02044,2026-005-16,Nanded,Biloli,17.46612,74.62373,Grapes,Sharad Seedless,Fruiting,Clay Loam,6.71,19.5,Leaf Mold,Severe,80.9,Whitefly,Light Trap,9,29.5,41.2,40.7,14.7,75.8,Good,0.802,0.664,Yes,Yes,Brown Spot,Aphids,Medium
KR_02045,2026-003-13,Solapur,Mangalwedhe,17.60326,75.99901,Cotton,Bt Cotton,Maturity,Loamy,7.53,51.5,Healthy,Mild,4.3,Bollworm,Sticky Trap,4,36.9,90.9,37.9,9.5,51.7,Too Dark,0.412,0.793,Yes,Yes,Downy Mildew,Bollworm,Medium
KR_02046,2026-008-16,Ahmednagar,Shrigonda,19.75929,76.77176,Grapes,Sharad Seedless,Maturity,Loamy,7.6,73.7,Leaf Miner,Moderate,40.2,Leaf Miner,Light Trap,12,33.7,57.4,41.4,17.8,89.5,Poor Framing,0.391,0.904,Yes,Yes,Powdery Mildew,Fruit Fly,Medium
KR_02047,2026-007-27,Ahmednagar,Shrigonda,17.17668,77.32495,Cotton,Bunny Bt,Seedling,Black Soil,7.99,34.1,Leaf Mold,Moderate,35.7,Thrips,Sticky Trap,13,27.5,87.8,10.1,6.8,55.1,Good,0.923,0.95,Yes,No,Downy Mildew,Aphids,Medium
KR_02048,2026-003-23,Sangli,Kavathe Mahankal,16.28708,74.59825,Potato,Kufri Jyoti,Flowering,Sandy Loam,6.01,59.6,Thrips,Mild,6.2,Stem Borer,Sticky Trap,3,19.3,48.7,28.7,12.3,52.9,Too Dark,0.463,0.881,Yes,Yes,Bollworm,Aphids,Low
KR_02049,2026-005-08,Satara,Wai,17.83518,77.88694,Grapes,Thompson Seedless,Maturity,Loamy,6.12,46.4,Early Blight,Moderate,44.4,Bollworm,Light Trap,10,32.6,80.7,37.5,15.4,78.8,Good,0.854,0.552,Yes,Yes,Leaf Spot,Fruit Fly,High
KR_02050,2026-001-20,Kolhapur,Hatkanangale,19.43559,76.65924,Grapes,Thompson Seedless,Fruiting,Black Soil,7.4,73.3,Late Blight,Severe,76.0,Stem Borer,Pheromone Trap,0,20.2,62.7,34.7,7.9,59.6,Good,0.957,0.654,No,Yes,Downy Mildew,Fruit Fly,Medium
KR_02051,2026-008-04,Kolhapur,Shirol,18.29653,73.91829,Cotton,Bunny Bt,Fruiting,Sandy Loam,6.39,15.7,Bacterial Blight,Moderate,24.9,Leaf Miner,Light Trap,1,19.7,79.9,6.4,4.0,85.6,Blurry,0.391,0.483,Yes,Yes,Bacterial Blight,Bollworm,Medium
KR_02052,2026-008-08,Nanded,Hadgaon,16.03992,78.10923,Cotton,Bunny Bt,Maturity,Loamy,7.58,17.7,Brown Spot,Mild,18.7,Aphids,Pheromone Trap,0,21.0,40.0,4.7,13.1,68.6,Good,0.828,0.553,Yes,Yes,Leaf Spot,Bollworm,Medium
KR_02053,2026-004-01,Kolhapur,Shirol,21.16051,76.13609,Cotton,RCH-659,Seedling,Clay Loam,6.9,71.6,Thrips,Moderate,29.8,Aphids,Sticky Trap,4,35.2,93.8,15.3,13.7,51.1,Too Bright,0.336,0.785,Yes,Yes,Downy Mildew,Leaf Miner,Medium
KR_02054,2026-007-28,Nashik,Sinnar,17.09895,76.33145,Cotton,RCH-659,Maturity,Sandy Loam,6.73,18.3,Bollworm,Moderate,27.9,Whitefly,Sticky Trap,15,34.1,88.4,0.1,21.7,26.6,Good,0.808,0.59,No,Yes,Downy Mildew,Leaf Miner,Medium
KR_02055,2026-005-02,Nanded,Loha,18.79001,73.64405,Rice,Phule Samruddhi,Seedling,Clay Loam,7.75,24.0,Leaf Miner,Moderate,36.4,Stem Borer,Pheromone Trap,13,29.7,78.2,14.2,8.9,21.8,Good,0.917,0.556,Yes,Yes,Brown Spot,Bollworm,Medium
KR_02056,2026-001-24,Ahmednagar,Sangamner,19.29215,76.90682,Tomato,Abhinav,Fruiting,Clay Loam,6.22,69.3,Stem Borer,Moderate,22.6,Bollworm,Pheromone Trap,10,31.1,41.5,7.8,17.3,94.5,Too Bright,0.326,0.857,Yes,Yes,Late Blight,Aphids,Medium
KR_02057,2026-005-19,Pune,Shirur,19.55911,75.35542,Potato,Local-P1,Fruiting,Loamy,6.53,55.6,Stem Borer,Severe,58.5,Aphids,Light Trap,3,24.4,97.8,6.0,13.0,47.1,Poor Framing,0.553,0.51,Yes,Yes,Bollworm,Thrips,High
KR_02058,2026-002-16,Pune,Shirur,18.80975,77.83591,Rice,Indrayani,Seedling,Sandy Loam,6.38,29.3,Blast,Mild,12.7,Leaf Miner,Sticky Trap,5,25.3,61.1,25.7,11.9,50.0,Poor Framing,0.522,0.686,Yes,Yes,Brown Spot,Bollworm,Medium
KR_02059,2026-005-04,Satara,Koregaon,17.3043,79.14855,Cotton,RCH-659,Maturity,Black Soil,6.55,27.6,Early Blight,Mild,18.6,Thrips,Pheromone Trap,7,21.4,82.5,38.6,16.4,73.9,Good,0.925,0.792,Yes,No,Leaf Mold,Aphids,Medium
KR_02060,2026-004-05,Kolhapur,Karveer,19.6582,73.58537,Grapes,Sharad Seedless,Vegetative,Loamy,6.17,54.0,Late Blight,Moderate,31.6,Thrips,Pheromone Trap,0,26.0,58.6,26.9,2.1,59.2,Too Bright,0.489,0.798,Yes,Yes,Bollworm,Aphids,Medium
KR_02061,2026-005-09,Satara,Koregaon,20.98418,79.22701,Tomato,Hybrid-T1,Fruiting,Loamy,7.0,67.2,Leaf Mold,Mild,10.9,Leaf Miner,Pheromone Trap,0,21.2,50.8,13.2,22.0,90.0,Too Bright,0.418,0.889,No,Yes,Thrips,Aphids,Low
KR_02062,2026-006-04,Nanded,Deglur,19.83127,75.87808,Tomato,Hybrid-T1,Flowering,Clay Loam,6.17,35.7,Bacterial Blight,Moderate,40.0,Bollworm,Light Trap,12,24.4,82.6,9.8,13.6,67.4,Good,0.825,0.595,Yes,Yes,Early Blight,Stem Borer,Medium
KR_02063,2026-001-10,Sangli,Miraj,21.05486,77.8977,Cotton,Bunny Bt,Maturity,Sandy Loam,7.06,70.3,Late Blight,Moderate,24.1,Fruit Fly,Pheromone Trap,0,32.9,77.1,1.2,10.6,33.3,Too Bright,0.521,0.506,Yes,Yes,Stem Borer,Thrips,Medium
KR_02064,2026-003-01,Nashik,Sinnar,18.43949,73.81193,Potato,Kufri Jyoti,Maturity,Sandy Loam,6.36,46.1,Bacterial Blight,Mild,11.4,Whitefly,Sticky Trap,15,28.4,82.7,44.0,6.8,44.2,Blurry,0.447,0.843,Yes,Yes,Blast,Aphids,Medium
KR_02065,2026-003-11,Nanded,Hadgaon,19.26683,76.34372,Rice,Indrayani,Seedling,Loamy,6.78,52.6,Healthy,Mild,3.2,Bollworm,Pheromone Trap,13,20.9,75.0,30.5,11.8,26.1,Good,0.932,0.715,Yes,Yes,Stem Borer,Aphids,Medium
KR_02066,2026-001-28,Pune,Daund,16.08502,77.37168,Rice,Indrayani,Fruiting,Loamy,7.86,65.3,Bacterial Blight,Severe,79.0,Fruit Fly,Sticky Trap,6,33.8,78.6,33.3,7.0,35.9,Blurry,0.555,0.575,Yes,Yes,Late Blight,Aphids,Medium
KR_02067,2026-002-25,Nanded,Loha,19.5301,73.08157,Grapes,Sharad Seedless,Seedling,Sandy Loam,6.23,35.8,Bollworm,Moderate,36.3,Thrips,Pheromone Trap,7,18.3,67.1,44.9,17.9,47.7,Too Dark,0.273,0.814,Yes,Yes,Leaf Spot,Fruit Fly,Medium
KR_02068,2026-002-05,Satara,Koregaon,19.55364,76.31647,Grapes,Sonaka,Seedling,Sandy Loam,8.13,32.4,Late Blight,Mild,6.5,Stem Borer,Pheromone Trap,0,25.5,71.7,2.8,10.1,82.5,Too Dark,0.524,0.584,No,Yes,Thrips,Aphids,Medium
KR_02069,2026-006-26,Sangli,Kavathe Mahankal,18.78377,76.3874,Rice,Phule Samruddhi,Vegetative,Loamy,8.17,70.9,Leaf Mold,Moderate,36.2,Leaf Miner,Light Trap,11,27.8,56.1,44.0,21.9,84.5,Too Bright,0.57,0.894,Yes,Yes,Bollworm,Fruit Fly,Medium
KR_02070,2026-006-25,Nanded,Hadgaon,20.33202,74.96313,Cotton,Bunny Bt,Fruiting,Black Soil,6.1,74.1,Bacterial Blight,Mild,16.1,Leaf Miner,Pheromone Trap,0,22.6,46.9,18.1,6.5,46.2,Good,0.779,0.954,No,No,Late Blight,Aphids,Medium
KR_02071,2026-005-20,Pune,Indapur,17.76294,79.25489,Potato,Kufri Pukhraj,Fruiting,Sandy Loam,6.54,70.8,Powdery Mildew,Severe,59.5,Thrips,Light Trap,1,25.5,39.1,13.7,19.2,94.9,Good,0.961,0.826,Yes,No,Bacterial Blight,Fruit Fly,Medium
KR_02072,2026-002-01,Pune,Shirur,19.98864,75.51167,Cotton,Bunny Bt,Flowering,Black Soil,7.05,29.0,Powdery Mildew,Moderate,32.7,Fruit Fly,Pheromone Trap,0,23.6,40.6,35.5,20.0,21.7,Too Bright,0.535,0.828,Yes,Yes,Rust,Bollworm,Medium
KR_02073,2026-006-10,Ahmednagar,Sangamner,19.05377,74.17759,Tomato,Hybrid-T1,Vegetative,Sandy Loam,6.76,30.9,Bollworm,Severe,78.8,Whitefly,Pheromone Trap,0,31.3,73.3,29.5,4.4,63.4,Too Dark,0.494,0.628,Yes,Yes,Rust,Bollworm,Medium
KR_02074,2026-004-07,Nashik,Sinnar,19.1851,78.86948,Soybean,MAUS-71,Vegetative,Clay Loam,6.81,57.8,Blast,Severe,57.2,Whitefly,Pheromone Trap,1,28.5,73.3,3.1,21.1,51.2,Good,0.85,0.742,Yes,Yes,Leaf Mold,Whitefly,Medium
KR_02075,2026-008-20,Pune,Baramati,18.58851,79.23646,Rice,Phule Samruddhi,Fruiting,Clay Loam,6.04,69.9,Leaf Mold,Mild,15.6,Stem Borer,Pheromone Trap,1,24.7,86.6,25.5,15.1,52.3,Good,0.879,0.482,Yes,Yes,Rust,Bollworm,Medium
KR_02076,2026-005-15,Ahmednagar,Rahata,16.53873,78.22928,Tomato,Abhinav,Vegetative,Black Soil,7.19,34.7,Leaf Mold,Moderate,28.7,Whitefly,Pheromone Trap,12,25.1,68.6,26.7,3.7,47.3,Too Bright,0.529,0.658,Yes,Yes,Late Blight,Whitefly,Medium
KR_02077,2026-003-11,Pune,Shirur,20.22929,75.66711,Potato,Kufri Pukhraj,Seedling,Black Soil,7.03,70.3,Powdery Mildew,Severe,69.5,Stem Borer,Sticky Trap,3,19.2,72.7,1.8,18.3,21.7,Poor Framing,0.549,0.515,Yes,Yes,Stem Borer,Whitefly,Medium
KR_02078,2026-006-20,Sangli,Jat,16.46673,77.814,Potato,Kufri Pukhraj,Seedling,Loamy,7.62,42.8,Leaf Spot,Moderate,45.5,Fruit Fly,Pheromone Trap,0,27.0,66.7,12.0,4.5,49.2,Blurry,0.552,0.88,No,Yes,Late Blight,Thrips,Medium
KR_02079,2026-006-10,Nanded,Loha,17.73562,73.60101,Tomato,Arka Rakshak,Flowering,Clay Loam,7.2,62.8,Rust,Severe,73.3,Aphids,Pheromone Trap,2,29.9,39.0,25.8,20.0,21.3,Too Bright,0.23,0.898,Yes,Yes,Rust,Aphids,Medium
KR_02080,2026-006-23,Kolhapur,Hatkanangale,20.70804,75.74806,Cotton,Bunny Bt,Flowering,Loamy,7.82,40.3,Early Blight,Severe,81.6,Fruit Fly,Light Trap,14,33.5,86.2,9.8,13.6,86.4,Poor Framing,0.222,0.936,Yes,Yes,Downy Mildew,Aphids,High
KR_02081,2026-001-28,Satara,Wai,19.54345,74.18128,Rice,Indrayani,Flowering,Sandy Loam,7.3,44.6,Downy Mildew,Moderate,43.5,Bollworm,Pheromone Trap,0,38.0,52.5,34.1,17.9,52.8,Good,0.859,0.627,Yes,Yes,Bacterial Blight,Leaf Miner,Medium
KR_02082,2026-002-07,Pune,Shirur,21.45487,75.98689,Grapes,Thompson Seedless,Vegetative,Loamy,7.88,51.4,Early Blight,Moderate,25.4,Stem Borer,Pheromone Trap,0,19.7,97.8,43.1,5.5,51.2,Good,0.876,0.902,No,No,Brown Spot,Leaf Miner,Medium
KR_02083,2026-002-18,Sangli,Miraj,21.15766,78.36299,Soybean,MACS-1188,Maturity,Loamy,6.47,53.8,Leaf Miner,Mild,14.7,Bollworm,Pheromone Trap,0,21.3,89.3,30.8,2.9,82.3,Too Bright,0.525,0.704,Yes,Yes,Brown Spot,Aphids,Medium
KR_02084,2026-005-12,Sangli,Tasgaon,17.27847,77.94113,Tomato,Arka Rakshak,Flowering,Loamy,6.71,39.9,Leaf Miner,Severe,69.4,Stem Borer,Pheromone Trap,4,31.7,83.9,11.6,20.7,83.6,Good,0.845,0.754,No,No,Stem Borer,Leaf Miner,High
KR_02085,2026-003-26,Nanded,Hadgaon,18.08014,74.26169,Potato,Local-P1,Seedling,Loamy,8.19,24.7,Downy Mildew,Severe,75.0,Fruit Fly,Pheromone Trap,0,27.3,41.0,7.0,21.9,82.4,Too Bright,0.604,0.898,Yes,Yes,Late Blight,Bollworm,Medium
KR_02086,2026-004-14,Sangli,Jat,16.98117,76.54079,Rice,Basmati,Vegetative,Clay Loam,6.03,54.1,Rust,Severe,75.0,Fruit Fly,Pheromone Trap,5,37.9,79.7,28.3,19.7,87.2,Poor Framing,0.375,0.764,Yes,Yes,Stem Borer,Fruit Fly,Medium
KR_02087,2026-004-15,Nanded,Hadgaon,16.5633,73.79847,Rice,Indrayani,Vegetative,Clay Loam,8.15,56.4,Rust,Severe,59.4,Leaf Miner,Light Trap,6,25.6,96.7,36.5,16.4,33.0,Good,0.762,0.52,No,Yes,Stem Borer,Thrips,High
KR_02088,2026-001-14,Pune,Baramati,21.45234,75.02224,Rice,Basmati,Vegetative,Clay Loam,8.02,63.7,Bacterial Blight,Severe,65.8,Leaf Miner,Sticky Trap,15,19.3,39.3,6.0,21.8,32.1,Too Bright,0.58,0.903,Yes,Yes,Bollworm,Whitefly,Medium
KR_02089,2026-007-14,Nanded,Loha,19.46805,73.81694,Cotton,Bunny Bt,Seedling,Black Soil,7.1,60.6,Leaf Mold,Mild,6.1,Bollworm,Pheromone Trap,0,30.3,42.2,43.0,17.3,49.4,Good,0.955,0.55,Yes,Yes,Late Blight,Fruit Fly,Low
KR_02090,2026-006-15,Ahmednagar,Rahata,16.4892,74.30154,Potato,Kufri Jyoti,Vegetative,Sandy Loam,7.51,25.9,Rust,Severe,77.3,Thrips,Sticky Trap,12,30.0,45.5,35.5,5.6,40.1,Too Dark,0.445,0.952,Yes,Yes,Downy Mildew,Leaf Miner,Medium
KR_02091,2026-008-18,Nanded,Loha,17.72951,74.3867,Tomato,Abhinav,Vegetative,Black Soil,6.56,29.2,Leaf Spot,Mild,18.1,Aphids,Pheromone Trap,6,31.7,51.3,11.8,16.1,92.8,Too Bright,0.23,0.491,No,Yes,Blast,Stem Borer,Medium
KR_02092,2026-003-20,Pune,Shirur,16.7975,74.38764,Cotton,RCH-659,Flowering,Clay Loam,6.61,62.3,Powdery Mildew,Moderate,36.1,Fruit Fly,Pheromone Trap,13,31.3,84.0,35.6,16.7,42.6,Good,0.77,0.592,No,Yes,Thrips,Aphids,Medium
KR_02093,2026-002-27,Pune,Indapur,16.72879,77.66635,Grapes,Sonaka,Vegetative,Loamy,7.74,20.1,Early Blight,Severe,54.5,Stem Borer,Pheromone Trap,11,25.9,94.3,6.0,16.7,46.4,Good,0.842,0.949,Yes,No,Stem Borer,Fruit Fly,High
KR_02094,2026-003-17,Nashik,Sinnar,16.95035,79.26494,Grapes,Thompson Seedless,Fruiting,Loamy,6.13,52.2,Powdery Mildew,Moderate,36.8,Thrips,Sticky Trap,5,26.0,59.9,2.3,11.6,92.6,Good,0.891,0.891,No,No,Powdery Mildew,Whitefly,Medium
KR_02095,2026-007-06,Pune,Shirur,20.85845,77.70181,Soybean,JS-335,Vegetative,Clay Loam,7.17,71.4,Thrips,Mild,10.4,Stem Borer,Pheromone Trap,0,24.9,78.1,11.9,4.7,92.7,Good,0.849,0.979,Yes,No,Leaf Spot,Aphids,Medium
KR_02096,2026-001-03,Nanded,Biloli,17.70369,78.31714,Soybean,JS-335,Flowering,Clay Loam,6.9,64.5,Thrips,Mild,15.6,Aphids,Pheromone Trap,10,30.1,56.6,29.3,3.4,39.5,Poor Framing,0.296,0.744,Yes,Yes,Late Blight,Fruit Fly,Medium
KR_02097,2026-002-26,Satara,Koregaon,16.76886,78.89892,Cotton,Bunny Bt,Maturity,Clay Loam,7.23,27.3,Stem Borer,Mild,19.4,Fruit Fly,Sticky Trap,1,29.1,67.8,32.1,2.5,62.4,Good,0.913,0.55,Yes,Yes,Stem Borer,Stem Borer,Medium
KR_02098,2026-003-12,Nanded,Loha,18.24144,78.08673,Grapes,Sonaka,Fruiting,Loamy,7.53,24.5,Stem Borer,Moderate,41.2,Stem Borer,Pheromone Trap,1,31.7,36.2,0.3,20.9,69.7,Blurry,0.3,0.823,No,Yes,Powdery Mildew,Leaf Miner,Medium
KR_02099,2026-005-17,Sangli,Jat,20.01897,73.91728,Rice,Phule Samruddhi,Flowering,Loamy,6.11,24.7,Early Blight,Moderate,40.5,Thrips,Light Trap,12,23.2,62.1,10.0,3.2,55.7,Good,0.979,0.611,No,Yes,Powdery Mildew,Bollworm,Medium
KR_02100,2026-007-27,Satara,Koregaon,16.65737,77.02715,Tomato,Arka Rakshak,Fruiting,Loamy,6.04,66.7,Thrips,Moderate,49.4,Thrips,Pheromone Trap,0,25.9,96.1,33.1,15.0,78.4,Too Dark,0.578,0.925,Yes,Yes,Rust,Thrips,High
KR_02101,2026-001-13,Kolhapur,Hatkanangale,16.07559,79.28549,Rice,Basmati,Fruiting,Black Soil,7.02,23.9,Blast,Severe,59.9,Fruit Fly,Sticky Trap,10,21.0,80.9,23.9,21.4,74.8,Poor Framing,0.383,0.66,Yes,Yes,Rust,Bollworm,High
KR_02102,2026-001-28,Sangli,Tasgaon,18.9163,74.85313,Tomato,Abhinav,Vegetative,Black Soil,6.69,54.6,Leaf Mold,Moderate,23.1,Whitefly,Pheromone Trap,0,26.6,84.6,43.6,15.1,21.3,Poor Framing,0.273,0.943,Yes,Yes,Bollworm,Aphids,Medium
KR_02103,2026-008-17,Sangli,Jat,17.00763,77.03349,Soybean,JS-335,Maturity,Loamy,7.32,41.6,Leaf Mold,Severe,67.9,Bollworm,Pheromone Trap,0,36.6,67.0,26.4,20.8,77.9,Good,0.935,0.917,No,No,Leaf Miner,Stem Borer,Medium
KR_02104,2026-002-13,Kolhapur,Shirol,17.69573,77.99014,Grapes,Sonaka,Flowering,Black Soil,7.5,66.6,Bollworm,Severe,66.2,Aphids,Pheromone Trap,14,33.7,55.4,42.4,14.2,82.3,Good,0.898,0.955,No,No,Powdery Mildew,Aphids,Medium
KR_02105,2026-008-09,Kolhapur,Shirol,17.69484,76.10497,Grapes,Sharad Seedless,Vegetative,Loamy,6.03,52.4,Bollworm,Severe,60.8,Aphids,Pheromone Trap,0,24.1,91.9,29.5,18.2,33.9,Too Dark,0.336,0.702,Yes,Yes,Downy Mildew,Aphids,High
KR_02106,2026-002-16,Pune,Baramati,17.84869,78.06099,Tomato,Arka Rakshak,Fruiting,Sandy Loam,7.22,64.6,Early Blight,Severe,65.5,Stem Borer,Pheromone Trap,4,25.9,76.1,31.8,3.9,50.4,Too Dark,0.366,0.888,Yes,Yes,Stem Borer,Stem Borer,Medium
KR_02107,2026-005-03,Pune,Baramati,18.87185,74.95522,Potato,Local-P1,Flowering,Sandy Loam,7.4,31.4,Leaf Mold,Mild,7.6,Bollworm,Pheromone Trap,0,20.5,40.2,7.4,20.5,90.1,Too Dark,0.291,0.513,No,Yes,Powdery Mildew,Bollworm,Low
KR_02108,2026-005-28,Solapur,Mangalwedhe,16.4936,73.84006,Soybean,MAUS-71,Fruiting,Clay Loam,7.03,57.0,Leaf Spot,Moderate,40.6,Fruit Fly,Light Trap,2,37.9,89.8,12.3,4.6,78.4,Good,0.797,0.487,No,Yes,Brown Spot,Thrips,High
KR_02109,2026-007-13,Nanded,Hadgaon,18.79908,73.16299,Grapes,Sonaka,Maturity,Loamy,7.01,53.6,Thrips,Moderate,28.1,Thrips,Light Trap,12,23.8,55.8,8.0,8.2,54.6,Good,0.847,0.924,Yes,No,Leaf Miner,Stem Borer,Medium
KR_02110,2026-003-19,Ahmednagar,Sangamner,21.07016,73.00976,Cotton,Bt Cotton,Maturity,Sandy Loam,6.33,62.0,Brown Spot,Mild,15.5,Leaf Miner,Light Trap,1,28.2,60.8,31.2,6.2,93.0,Too Bright,0.53,0.639,Yes,Yes,Thrips,Aphids,Medium
KR_02111,2026-008-20,Solapur,Pandharpur,21.24925,77.67542,Tomato,Arka Rakshak,Maturity,Black Soil,8.1,48.4,Late Blight,Mild,19.0,Thrips,Light Trap,9,22.0,78.6,29.7,13.0,88.1,Good,0.904,0.61,Yes,Yes,Powdery Mildew,Stem Borer,Medium
KR_02112,2026-005-14,Solapur,Malshiras,17.5749,75.12076,Tomato,Hybrid-T1,Fruiting,Loamy,6.88,53.3,Leaf Miner,Moderate,20.6,Fruit Fly,Sticky Trap,4,31.7,44.2,43.1,2.3,71.1,Good,0.899,0.74,Yes,Yes,Rust,Thrips,Medium
KR_02113,2026-002-25,Sangli,Miraj,17.11392,76.96252,Rice,Indrayani,Vegetative,Black Soil,6.28,47.9,Downy Mildew,Severe,50.7,Aphids,Pheromone Trap,14,28.7,48.7,43.7,5.5,87.2,Good,0.792,0.528,Yes,Yes,Stem Borer,Stem Borer,Medium
KR_02114,2026-002-02,Ahmednagar,Kopargaon,18.83663,76.61527,Cotton,Bunny Bt,Seedling,Clay Loam,7.67,50.0,Bacterial Blight,Moderate,36.3,Leaf Miner,Sticky Trap,11,21.3,78.2,8.6,5.5,90.5,Good,0.856,0.913,Yes,No,Bacterial Blight,Aphids,Medium
KR_02115,2026-005-25,Pune,Baramati,17.08244,79.08846,Soybean,MACS-1188,Vegetative,Sandy Loam,8.06,56.6,Leaf Mold,Severe,79.9,Bollworm,Pheromone Trap,6,31.2,87.0,11.6,4.6,55.9,Poor Framing,0.223,0.593,Yes,Yes,Bacterial Blight,Aphids,High
KR_02116,2026-001-21,Kolhapur,Kagal,20.99715,77.27458,Potato,Kufri Pukhraj,Fruiting,Loamy,6.07,44.5,Blast,Moderate,39.4,Fruit Fly,Sticky Trap,13,37.6,87.9,38.1,4.9,23.8,Good,0.85,0.452,Yes,Yes,Blast,Whitefly,Medium
KR_02117,2026-001-11,Nanded,Loha,17.3374,75.82561,Cotton,RCH-659,Fruiting,Clay Loam,8.1,36.3,Blast,Moderate,47.1,Bollworm,Pheromone Trap,8,34.8,49.3,15.0,6.4,35.9,Too Bright,0.637,0.972,No,Yes,Blast,Stem Borer,Medium
KR_02118,2026-007-04,Ahmednagar,Rahata,19.73474,75.98023,Soybean,MAUS-71,Vegetative,Sandy Loam,8.07,68.2,Leaf Spot,Mild,16.1,Bollworm,Light Trap,10,30.6,44.7,24.3,19.6,79.8,Good,0.79,0.592,No,Yes,Rust,Fruit Fly,Medium
KR_02119,2026-008-04,Nanded,Biloli,20.93876,75.90298,Soybean,MACS-1188,Fruiting,Black Soil,6.14,41.8,Powdery Mildew,Moderate,30.0,Stem Borer,Light Trap,8,35.4,65.2,16.6,2.9,51.4,Poor Framing,0.337,0.61,Yes,Yes,Brown Spot,Aphids,Medium
KR_02120,2026-004-20,Ahmednagar,Shrigonda,19.45337,76.37588,Cotton,Bunny Bt,Maturity,Black Soil,6.52,63.6,Late Blight,Severe,79.7,Thrips,Pheromone Trap,0,37.6,35.6,9.6,8.1,87.4,Blurry,0.562,0.515,Yes,Yes,Thrips,Aphids,Medium
KR_02121,2026-006-19,Nashik,Dindori,20.27513,74.49376,Soybean,MACS-1188,Flowering,Clay Loam,6.45,64.6,Early Blight,Moderate,42.1,Bollworm,Sticky Trap,15,32.2,58.3,31.2,17.9,40.3,Too Dark,0.482,0.976,Yes,Yes,Leaf Spot,Aphids,Medium
KR_02122,2026-004-18,Nanded,Biloli,16.7597,74.15319,Potato,Local-P1,Fruiting,Black Soil,7.37,23.6,Blast,Mild,18.2,Leaf Miner,Light Trap,4,35.5,40.9,1.8,5.6,40.7,Blurry,0.574,0.753,Yes,Yes,Bollworm,Aphids,Medium
KR_02123,2026-003-11,Pune,Baramati,19.1834,78.93652,Tomato,Abhinav,Fruiting,Sandy Loam,6.09,53.9,Leaf Mold,Severe,83.2,Leaf Miner,Light Trap,14,35.5,51.2,37.1,13.7,29.0,Good,0.77,0.507,No,Yes,Stem Borer,Aphids,Medium
KR_02124,2026-004-03,Sangli,Kavathe Mahankal,17.25705,77.78753,Potato,Kufri Pukhraj,Seedling,Sandy Loam,6.3,45.2,Stem Borer,Mild,5.2,Thrips,Light Trap,15,37.5,85.6,21.8,20.1,47.9,Good,0.922,0.905,No,No,Brown Spot,Thrips,Medium
KR_02125,2026-005-25,Pune,Indapur,17.21883,73.44062,Grapes,Thompson Seedless,Vegetative,Loamy,6.92,41.3,Thrips,Severe,65.4,Stem Borer,Light Trap,8,20.2,71.0,31.5,10.1,46.4,Poor Framing,0.616,0.964,Yes,Yes,Thrips,Aphids,Medium
KR_02126,2026-002-03,Solapur,Akkalkot,20.35816,74.50974,Cotton,Bunny Bt,Maturity,Sandy Loam,7.72,50.7,Rust,Mild,11.4,Whitefly,Light Trap,13,21.2,42.9,4.2,12.0,76.4,Blurry,0.546,0.626,Yes,Yes,Bacterial Blight,Aphids,Low
KR_02127,2026-003-16,Solapur,Mangalwedhe,16.17577,78.52269,Grapes,Sharad Seedless,Vegetative,Black Soil,8.18,46.1,Stem Borer,Severe,64.3,Stem Borer,Pheromone Trap,2,29.7,65.5,33.5,6.2,33.8,Good,0.764,0.728,Yes,Yes,Early Blight,Thrips,Medium
KR_02128,2026-008-19,Kolhapur,Hatkanangale,20.80503,74.72309,Cotton,RCH-659,Flowering,Clay Loam,8.01,71.8,Rust,Severe,82.0,Leaf Miner,Sticky Trap,5,23.7,62.6,30.5,15.7,89.2,Good,0.864,0.463,Yes,Yes,Blast,Leaf Miner,Medium
KR_02129,2026-001-20,Kolhapur,Kagal,20.77017,77.42673,Grapes,Sonaka,Vegetative,Sandy Loam,6.94,73.4,Leaf Miner,Mild,7.9,Stem Borer,Pheromone Trap,0,34.4,43.2,44.0,14.1,87.3,Good,0.978,0.744,Yes,Yes,Brown Spot,Aphids,Low
KR_02130,2026-005-10,Pune,Shirur,18.75166,73.49856,Soybean,MACS-1188,Fruiting,Loamy,6.7,69.9,Leaf Mold,Severe,53.9,Stem Borer,Light Trap,2,18.7,95.5,17.5,5.4,44.3,Too Bright,0.531,0.778,No,Yes,Downy Mildew,Thrips,High
KR_02131,2026-007-14,Nashik,Sinnar,19.69847,78.18404,Rice,Basmati,Flowering,Black Soil,7.59,21.0,Stem Borer,Moderate,46.6,Thrips,Pheromone Trap,0,18.9,50.5,2.1,21.6,60.6,Too Dark,0.543,0.514,No,Yes,Bollworm,Leaf Miner,Medium
KR_02132,2026-005-27,Nanded,Biloli,16.14303,79.3149,Grapes,Sonaka,Maturity,Clay Loam,6.11,51.6,Bollworm,Moderate,30.5,Thrips,Light Trap,7,35.7,78.0,42.6,7.2,28.4,Poor Framing,0.494,0.835,Yes,Yes,Rust,Bollworm,Medium
KR_02133,2026-001-27,Sangli,Jat,19.43007,73.01862,Cotton,RCH-659,Maturity,Sandy Loam,6.77,62.4,Thrips,Mild,18.6,Whitefly,Pheromone Trap,0,25.5,60.4,13.1,15.7,67.5,Too Dark,0.581,0.825,No,Yes,Bollworm,Bollworm,Medium
KR_02134,2026-005-10,Nanded,Deglur,20.75508,76.56719,Cotton,Bunny Bt,Maturity,Sandy Loam,6.36,66.8,Bollworm,Moderate,34.2,Leaf Miner,Pheromone Trap,1,20.6,46.0,27.8,19.9,80.9,Poor Framing,0.27,0.863,Yes,Yes,Stem Borer,Fruit Fly,Medium
KR_02135,2026-007-06,Sangli,Miraj,19.43858,74.60728,Soybean,JS-335,Maturity,Clay Loam,7.2,34.8,Brown Spot,Moderate,34.1,Stem Borer,Sticky Trap,4,30.4,62.8,21.8,5.8,20.8,Blurry,0.344,0.493,No,Yes,Rust,Leaf Miner,Medium
KR_02136,2026-002-20,Ahmednagar,Shrigonda,19.41836,74.94308,Potato,Kufri Pukhraj,Maturity,Black Soil,7.01,43.0,Stem Borer,Mild,14.3,Leaf Miner,Pheromone Trap,0,28.0,52.3,0.7,10.0,41.4,Poor Framing,0.546,0.614,No,Yes,Leaf Mold,Thrips,Low
KR_02137,2026-005-17,Sangli,Kavathe Mahankal,17.8308,77.32441,Tomato,Abhinav,Maturity,Clay Loam,7.23,19.3,Powdery Mildew,Moderate,37.1,Aphids,Sticky Trap,9,22.5,55.7,18.1,16.2,30.1,Too Dark,0.305,0.643,No,Yes,Powdery Mildew,Aphids,Medium
KR_02138,2026-006-13,Ahmednagar,Sangamner,18.28538,74.57726,Potato,Kufri Pukhraj,Seedling,Clay Loam,7.19,38.5,Healthy,Mild,2.4,Bollworm,Pheromone Trap,4,24.7,79.0,21.9,14.1,26.0,Good,0.856,0.92,Yes,No,Rust,Stem Borer,Medium
KR_02139,2026-007-17,Nashik,Dindori,20.15525,74.63116,Cotton,Bunny Bt,Fruiting,Black Soil,7.69,40.3,Healthy,Mild,2.6,Bollworm,Light Trap,6,37.9,66.9,14.4,19.8,64.3,Poor Framing,0.415,0.741,Yes,Yes,Leaf Spot,Leaf Miner,Medium
KR_02140,2026-006-18,Solapur,Akkalkot,17.81517,73.68177,Potato,Kufri Pukhraj,Maturity,Sandy Loam,6.63,33.2,Rust,Mild,16.9,Bollworm,Light Trap,11,27.1,67.1,14.5,8.4,41.4,Blurry,0.616,0.7,Yes,Yes,Blast,Fruit Fly,Medium
KR_02141,2026-001-27,Nashik,Niphad,18.97162,75.42612,Grapes,Thompson Seedless,Vegetative,Loamy,7.88,57.4,Late Blight,Mild,19.6,Bollworm,Pheromone Trap,7,25.3,64.8,2.3,3.7,68.2,Too Bright,0.625,0.657,Yes,Yes,Bollworm,Bollworm,Medium
KR_02142,2026-004-17,Sangli,Tasgaon,18.47827,78.25051,Rice,Indrayani,Seedling,Clay Loam,6.56,29.3,Leaf Spot,Moderate,41.6,Aphids,Pheromone Trap,15,32.3,60.8,18.0,15.7,67.6,Too Dark,0.551,0.916,No,Yes,Thrips,Fruit Fly,Medium
KR_02143,2026-001-05,Nashik,Malegaon,17.24705,73.57784,Potato,Local-P1,Vegetative,Clay Loam,7.87,45.7,Bollworm,Severe,74.0,Fruit Fly,Sticky Trap,12,18.2,94.0,17.7,10.7,35.6,Blurry,0.475,0.945,Yes,Yes,Rust,Aphids,High
KR_02144,2026-003-28,Pune,Daund,16.21588,74.33396,Rice,Basmati,Fruiting,Sandy Loam,6.9,20.4,Blast,Mild,12.6,Fruit Fly,Light Trap,13,23.1,78.7,41.4,13.6,25.2,Good,0.988,0.825,Yes,No,Thrips,Aphids,Medium
KR_02145,2026-001-04,Kolhapur,Kagal,17.94958,77.92691,Rice,Indrayani,Maturity,Black Soil,6.8,27.1,Early Blight,Moderate,29.8,Fruit Fly,Sticky Trap,8,19.5,72.3,38.9,16.9,88.1,Blurry,0.275,0.524,Yes,Yes,Early Blight,Whitefly,Medium
KR_02146,2026-004-09,Solapur,Akkalkot,20.8549,73.28884,Grapes,Thompson Seedless,Flowering,Clay Loam,6.87,47.4,Late Blight,Severe,81.9,Whitefly,Pheromone Trap,0,27.7,55.4,20.5,17.2,88.9,Good,0.982,0.969,No,No,Leaf Miner,Fruit Fly,Medium
KR_02147,2026-008-17,Nanded,Loha,16.95187,78.44067,Tomato,Hybrid-T1,Seedling,Loamy,7.0,21.3,Leaf Spot,Moderate,28.4,Leaf Miner,Light Trap,12,25.7,78.2,25.2,20.4,34.2,Poor Framing,0.404,0.921,No,Yes,Powdery Mildew,Thrips,Medium
KR_02148,2026-006-08,Ahmednagar,Kopargaon,16.87649,76.4174,Cotton,Bunny Bt,Fruiting,Loamy,7.95,37.0,Thrips,Severe,73.3,Bollworm,Pheromone Trap,0,20.8,76.4,30.2,13.3,26.1,Poor Framing,0.466,0.768,No,Yes,Early Blight,Fruit Fly,Medium
KR_02149,2026-002-08,Solapur,Mangalwedhe,20.25553,75.51964,Tomato,Abhinav,Fruiting,Black Soil,6.74,72.8,Leaf Miner,Moderate,49.1,Whitefly,Pheromone Trap,0,23.2,44.3,41.8,2.1,22.8,Too Bright,0.292,0.744,Yes,Yes,Powdery Mildew,Aphids,Medium
KR_02150,2026-003-06,Ahmednagar,Kopargaon,20.66212,79.12586,Soybean,MACS-1188,Seedling,Black Soil,6.07,39.4,Rust,Severe,66.5,Thrips,Pheromone Trap,0,18.8,38.8,12.8,10.6,42.5,Good,0.919,0.629,Yes,Yes,Leaf Mold,Leaf Miner,Medium
KR_02151,2026-003-23,Satara,Phaltan,21.24003,77.18181,Tomato,Arka Rakshak,Seedling,Sandy Loam,6.19,35.8,Leaf Miner,Moderate,34.9,Fruit Fly,Sticky Trap,10,22.3,89.7,29.0,17.1,82.7,Blurry,0.645,0.9,No,Yes,Blast,Aphids,Medium
KR_02152,2026-003-15,Nashik,Niphad,20.17307,79.26068,Cotton,Bt Cotton,Maturity,Clay Loam,6.18,67.6,Powdery Mildew,Mild,5.8,Stem Borer,Light Trap,1,18.8,67.8,31.4,15.7,53.5,Good,0.866,0.584,No,Yes,Thrips,Whitefly,Medium
KR_02153,2026-004-17,Kolhapur,Kagal,19.07176,74.01391,Grapes,Sonaka,Vegetative,Clay Loam,6.13,67.3,Early Blight,Moderate,35.9,Stem Borer,Sticky Trap,15,32.9,81.6,40.3,6.6,20.2,Good,0.974,0.672,Yes,Yes,Thrips,Aphids,Medium
KR_02154,2026-001-22,Solapur,Malshiras,20.06804,78.84466,Soybean,MAUS-71,Flowering,Loamy,6.14,50.1,Leaf Spot,Mild,17.2,Bollworm,Pheromone Trap,0,23.5,52.0,9.8,9.3,23.2,Too Dark,0.224,0.764,Yes,Yes,Early Blight,Stem Borer,Medium
KR_02155,2026-008-16,Ahmednagar,Kopargaon,16.30164,76.43864,Grapes,Thompson Seedless,Maturity,Clay Loam,7.47,38.5,Thrips,Severe,73.5,Thrips,Sticky Trap,6,21.7,64.3,17.6,9.0,45.2,Poor Framing,0.396,0.865,No,Yes,Stem Borer,Thrips,Medium
KR_02156,2026-003-24,Sangli,Jat,16.47537,74.36622,Tomato,Hybrid-T1,Fruiting,Sandy Loam,6.69,31.8,Leaf Miner,Mild,16.4,Thrips,Pheromone Trap,0,26.5,38.7,43.2,9.1,34.3,Too Bright,0.246,0.598,Yes,Yes,Leaf Spot,Stem Borer,Medium
KR_02157,2026-008-21,Solapur,Pandharpur,19.65501,75.96752,Grapes,Thompson Seedless,Maturity,Loamy,6.26,30.2,Late Blight,Severe,58.6,Stem Borer,Sticky Trap,7,20.9,49.4,3.1,11.8,67.9,Good,0.805,0.702,Yes,Yes,Bollworm,Aphids,Medium
KR_02158,2026-006-17,Ahmednagar,Sangamner,16.34318,78.0309,Grapes,Thompson Seedless,Maturity,Clay Loam,7.12,42.2,Brown Spot,Moderate,49.7,Whitefly,Light Trap,14,37.4,74.2,44.4,8.9,67.8,Too Dark,0.456,0.568,No,Yes,Early Blight,Aphids,Medium
KR_02159,2026-007-26,Pune,Indapur,19.68136,77.39663,Cotton,RCH-659,Vegetative,Loamy,6.9,43.0,Leaf Spot,Severe,50.7,Whitefly,Pheromone Trap,0,24.3,40.0,41.8,8.9,77.9,Good,0.951,0.473,Yes,Yes,Brown Spot,Bollworm,Medium
KR_02160,2026-006-21,Ahmednagar,Kopargaon,16.47517,76.60626,Potato,Local-P1,Seedling,Sandy Loam,6.16,45.2,Leaf Miner,Mild,13.9,Bollworm,Pheromone Trap,0,32.6,90.6,22.8,14.8,46.7,Blurry,0.276,0.922,No,Yes,Downy Mildew,Aphids,Medium
KR_02161,2026-002-02,Pune,Daund,18.22079,77.99362,Grapes,Thompson Seedless,Maturity,Black Soil,6.76,29.8,Brown Spot,Mild,17.8,Fruit Fly,Sticky Trap,12,36.8,39.2,36.9,7.9,53.6,Too Dark,0.53,0.824,Yes,Yes,Stem Borer,Aphids,Medium
KR_02162,2026-008-05,Nanded,Biloli,16.69304,79.17571,Tomato,Abhinav,Vegetative,Black Soil,8.06,29.4,Healthy,Mild,4.0,Bollworm,Sticky Trap,14,24.0,73.6,34.3,14.7,44.3,Poor Framing,0.313,0.882,Yes,Yes,Bollworm,Bollworm,Medium
KR_02163,2026-004-04,Pune,Daund,19.55317,74.81895,Grapes,Sonaka,Seedling,Black Soil,7.16,38.2,Bollworm,Severe,65.9,Bollworm,Pheromone Trap,0,29.3,66.2,42.3,6.2,21.5,Good,0.825,0.609,Yes,Yes,Leaf Spot,Bollworm,Medium
KR_02164,2026-004-14,Satara,Wai,17.60767,75.88105,Potato,Kufri Pukhraj,Fruiting,Loamy,6.56,21.2,Thrips,Severe,79.6,Bollworm,Pheromone Trap,5,31.8,63.3,38.4,7.1,86.4,Good,0.912,0.902,Yes,No,Stem Borer,Stem Borer,Medium
KR_02165,2026-003-04,Pune,Shirur,16.48482,78.70495,Rice,Basmati,Flowering,Black Soil,7.71,64.8,Brown Spot,Mild,17.3,Stem Borer,Pheromone Trap,12,35.7,77.0,23.3,8.6,42.6,Good,0.783,0.689,Yes,Yes,Downy Mildew,Aphids,Medium
KR_02166,2026-001-14,Solapur,Akkalkot,20.16648,78.68247,Rice,Phule Samruddhi,Vegetative,Sandy Loam,7.3,60.1,Leaf Mold,Moderate,27.6,Whitefly,Pheromone Trap,15,36.8,79.9,26.5,10.1,56.7,Poor Framing,0.265,0.846,No,Yes,Brown Spot,Whitefly,Medium
KR_02167,2026-003-06,Nashik,Niphad,17.62389,78.42309,Grapes,Sonaka,Seedling,Clay Loam,6.37,41.7,Leaf Mold,Moderate,49.9,Thrips,Sticky Trap,8,37.7,56.3,31.0,13.3,54.2,Good,0.996,0.676,Yes,Yes,Blast,Whitefly,Medium
KR_02168,2026-003-26,Sangli,Tasgaon,17.85156,74.19758,Rice,Phule Samruddhi,Fruiting,Clay Loam,7.43,53.4,Healthy,Mild,1.0,Bollworm,Pheromone Trap,8,35.5,48.8,21.5,2.2,59.6,Blurry,0.596,0.835,Yes,Yes,Stem Borer,Thrips,Low
KR_02169,2026-002-11,Pune,Shirur,21.38385,78.89897,Soybean,MAUS-71,Flowering,Black Soil,7.39,27.9,Late Blight,Mild,19.5,Bollworm,Sticky Trap,4,31.6,69.3,28.8,13.1,48.0,Too Bright,0.58,0.644,No,Yes,Rust,Thrips,Medium
KR_02170,2026-006-08,Ahmednagar,Sangamner,18.98671,75.61898,Grapes,Sharad Seedless,Flowering,Loamy,6.9,35.3,Downy Mildew,Severe,71.8,Whitefly,Pheromone Trap,0,30.1,65.2,31.3,8.4,72.0,Too Bright,0.299,0.797,Yes,Yes,Brown Spot,Fruit Fly,Medium
KR_02171,2026-007-17,Satara,Karad,18.739,74.23428,Tomato,Abhinav,Flowering,Loamy,7.19,20.3,Powdery Mildew,Severe,68.4,Stem Borer,Pheromone Trap,0,26.0,61.4,10.3,18.3,33.9,Too Dark,0.565,0.776,No,Yes,Late Blight,Bollworm,Medium
KR_02172,2026-008-12,Satara,Wai,19.33075,76.01849,Soybean,JS-335,Flowering,Black Soil,6.16,55.5,Powdery Mildew,Moderate,46.5,Aphids,Light Trap,6,30.9,97.2,17.9,3.9,33.6,Blurry,0.417,0.796,Yes,Yes,Late Blight,Aphids,High
KR_02173,2026-007-15,Nashik,Niphad,16.55749,76.33775,Tomato,Arka Rakshak,Fruiting,Loamy,7.81,28.0,Late Blight,Severe,71.0,Stem Borer,Pheromone Trap,2,24.7,68.5,7.0,21.1,36.0,Good,0.898,0.983,Yes,No,Rust,Fruit Fly,Medium
KR_02174,2026-004-25,Ahmednagar,Rahata,19.68499,75.81284,Rice,Phule Samruddhi,Maturity,Loamy,6.51,70.3,Late Blight,Mild,9.7,Stem Borer,Light Trap,10,32.6,83.9,22.9,5.0,70.4,Too Bright,0.477,0.886,Yes,Yes,Early Blight,Aphids,Medium
KR_02175,2026-005-09,Sangli,Tasgaon,19.37218,76.37511,Rice,Indrayani,Seedling,Sandy Loam,7.51,45.9,Rust,Severe,59.2,Aphids,Pheromone Trap,13,34.4,68.0,19.7,12.5,53.8,Good,0.751,0.484,No,Yes,Leaf Spot,Leaf Miner,Medium
KR_02176,2026-002-28,Pune,Shirur,18.1664,76.91835,Cotton,Bt Cotton,Maturity,Sandy Loam,7.51,57.8,Thrips,Mild,15.8,Fruit Fly,Light Trap,5,37.0,36.3,33.8,3.5,24.8,Too Bright,0.585,0.766,No,Yes,Bollworm,Fruit Fly,Medium
KR_02177,2026-005-08,Pune,Baramati,17.58762,75.5381,Tomato,Hybrid-T1,Vegetative,Sandy Loam,6.68,32.8,Leaf Spot,Mild,17.5,Fruit Fly,Pheromone Trap,14,34.9,85.5,25.5,17.5,36.4,Blurry,0.213,0.512,Yes,Yes,Thrips,Aphids,Medium
KR_02178,2026-001-18,Pune,Daund,16.2037,75.02402,Potato,Local-P1,Flowering,Sandy Loam,6.08,60.5,Bollworm,Mild,13.1,Whitefly,Pheromone Trap,11,31.1,71.2,35.9,14.8,87.6,Blurry,0.549,0.573,Yes,Yes,Rust,Bollworm,Medium
KR_02179,2026-007-20,Ahmednagar,Shrigonda,18.43297,73.34311,Cotton,Bt Cotton,Maturity,Clay Loam,7.82,41.9,Healthy,Mild,4.9,Bollworm,Pheromone Trap,5,31.4,87.3,17.4,5.0,69.0,Good,0.806,0.644,Yes,Yes,Late Blight,Aphids,Medium
KR_02180,2026-007-03,Pune,Baramati,17.55418,77.97261,Potato,Kufri Pukhraj,Flowering,Black Soil,8.18,19.8,Early Blight,Moderate,37.1,Bollworm,Pheromone Trap,10,35.9,47.9,22.5,16.1,31.0,Good,0.806,0.525,No,Yes,Brown Spot,Whitefly,Medium
KR_02181,2026-004-26,Pune,Shirur,20.6536,79.4116,Potato,Kufri Jyoti,Seedling,Clay Loam,7.03,68.7,Downy Mildew,Mild,17.6,Fruit Fly,Pheromone Trap,8,32.7,92.7,22.7,21.3,75.4,Good,0.892,0.588,No,Yes,Downy Mildew,Stem Borer,Medium
KR_02182,2026-003-13,Sangli,Kavathe Mahankal,19.97352,73.79548,Grapes,Sharad Seedless,Flowering,Sandy Loam,7.0,62.1,Blast,Severe,61.7,Leaf Miner,Sticky Trap,5,30.4,83.3,35.9,14.3,23.1,Poor Framing,0.376,0.491,Yes,Yes,Bacterial Blight,Whitefly,High
KR_02183,2026-007-11,Solapur,Pandharpur,20.31553,79.01546,Cotton,Bunny Bt,Fruiting,Black Soil,7.39,58.3,Bollworm,Severe,77.8,Whitefly,Sticky Trap,14,37.4,94.6,8.5,9.9,35.0,Poor Framing,0.436,0.814,Yes,Yes,Rust,Bollworm,High
KR_02184,2026-003-07,Solapur,Akkalkot,17.56694,75.62112,Soybean,MAUS-71,Vegetative,Black Soil,6.55,39.8,Late Blight,Moderate,31.3,Stem Borer,Light Trap,4,31.8,82.2,9.4,5.9,73.0,Poor Framing,0.54,0.563,Yes,Yes,Brown Spot,Thrips,Medium
KR_02185,2026-008-23,Solapur,Malshiras,21.32438,74.19001,Soybean,MACS-1188,Fruiting,Loamy,7.99,33.1,Blast,Moderate,36.9,Leaf Miner,Sticky Trap,8,32.5,92.7,4.2,6.6,45.1,Blurry,0.575,0.757,Yes,Yes,Early Blight,Aphids,Medium
KR_02186,2026-002-08,Sangli,Jat,16.44444,76.90227,Potato,Kufri Pukhraj,Maturity,Loamy,7.36,68.3,Leaf Spot,Mild,8.1,Bollworm,Pheromone Trap,6,35.7,90.6,32.1,15.2,86.7,Good,0.981,0.956,Yes,No,Bacterial Blight,Bollworm,Medium
KR_02187,2026-007-03,Satara,Koregaon,17.07966,79.38943,Potato,Kufri Jyoti,Flowering,Loamy,7.2,23.9,Downy Mildew,Severe,57.8,Thrips,Pheromone Trap,0,31.8,80.0,9.8,7.0,34.8,Good,0.979,0.855,Yes,No,Leaf Miner,Whitefly,Medium
KR_02188,2026-003-08,Kolhapur,Shirol,17.56121,77.37594,Soybean,MAUS-71,Flowering,Clay Loam,7.96,40.2,Bollworm,Severe,75.2,Fruit Fly,Pheromone Trap,0,28.1,75.6,0.5,16.0,65.7,Good,0.915,0.532,Yes,Yes,Brown Spot,Thrips,Medium
KR_02189,2026-004-26,Pune,Baramati,20.08796,76.76624,Tomato,Abhinav,Maturity,Loamy,7.42,23.8,Leaf Spot,Mild,19.9,Fruit Fly,Pheromone Trap,0,36.4,65.3,10.3,16.5,30.6,Too Bright,0.503,0.891,No,Yes,Leaf Mold,Aphids,Medium
KR_02190,2026-004-03,Solapur,Mangalwedhe,19.43686,77.94737,Tomato,Hybrid-T1,Seedling,Loamy,6.68,71.4,Late Blight,Mild,10.1,Stem Borer,Pheromone Trap,3,23.3,82.8,4.1,11.9,44.9,Good,0.869,0.72,No,Yes,Bacterial Blight,Thrips,Medium
KR_02191,2026-001-13,Solapur,Mangalwedhe,18.05801,78.93302,Potato,Local-P1,Seedling,Clay Loam,7.41,59.3,Rust,Severe,74.6,Thrips,Sticky Trap,5,36.0,36.8,33.6,5.1,83.8,Good,0.837,0.624,Yes,Yes,Early Blight,Bollworm,Medium
KR_02192,2026-002-02,Satara,Karad,20.61753,74.9073,Soybean,MAUS-71,Fruiting,Sandy Loam,7.73,65.0,Bollworm,Severe,71.4,Bollworm,Light Trap,15,26.6,68.6,31.6,13.3,51.3,Poor Framing,0.591,0.613,Yes,Yes,Rust,Fruit Fly,Medium
KR_02193,2026-007-01,Pune,Indapur,16.3485,77.69561,Potato,Kufri Pukhraj,Vegetative,Clay Loam,8.03,53.1,Early Blight,Mild,10.8,Bollworm,Pheromone Trap,0,27.6,70.1,38.0,8.5,28.9,Good,0.973,0.899,Yes,No,Rust,Stem Borer,Medium
KR_02194,2026-003-06,Sangli,Miraj,18.304,73.15638,Soybean,MAUS-71,Flowering,Clay Loam,7.45,20.2,Leaf Mold,Mild,18.7,Thrips,Pheromone Trap,0,33.2,65.2,37.8,19.8,82.2,Too Dark,0.444,0.688,Yes,Yes,Downy Mildew,Whitefly,Medium
KR_02195,2026-006-16,Kolhapur,Hatkanangale,16.63613,74.49973,Rice,Phule Samruddhi,Maturity,Black Soil,7.9,56.0,Leaf Spot,Mild,8.2,Leaf Miner,Light Trap,1,18.6,50.0,9.7,12.9,34.9,Too Bright,0.586,0.463,No,Yes,Late Blight,Bollworm,Low
KR_02196,2026-005-24,Solapur,Pandharpur,16.92043,79.4693,Soybean,JS-335,Seedling,Sandy Loam,6.22,28.5,Leaf Miner,Moderate,26.6,Leaf Miner,Pheromone Trap,10,36.2,80.1,29.2,12.1,31.3,Good,0.956,0.809,Yes,No,Late Blight,Leaf Miner,Medium
KR_02197,2026-002-19,Nashik,Malegaon,21.44247,73.36696,Soybean,MACS-1188,Seedling,Clay Loam,7.2,19.9,Leaf Spot,Moderate,39.9,Whitefly,Sticky Trap,6,18.1,90.0,5.6,5.0,91.3,Too Dark,0.499,0.846,Yes,Yes,Bacterial Blight,Stem Borer,Medium
KR_02198,2026-008-20,Kolhapur,Kagal,18.43774,74.27289,Rice,Indrayani,Vegetative,Loamy,7.53,37.9,Leaf Miner,Moderate,30.1,Aphids,Pheromone Trap,14,31.2,88.9,40.1,2.2,59.9,Good,0.797,0.832,Yes,No,Leaf Miner,Thrips,Medium
KR_02199,2026-002-26,Sangli,Jat,17.16794,74.19707,Cotton,RCH-659,Fruiting,Clay Loam,6.17,26.3,Thrips,Severe,53.5,Stem Borer,Pheromone Trap,0,30.6,37.8,32.9,2.8,54.0,Too Dark,0.618,0.598,No,Yes,Leaf Miner,Aphids,Medium
KR_02200,2026-003-27,Ahmednagar,Kopargaon,16.54998,73.20263,Cotton,Bunny Bt,Vegetative,Black Soil,7.88,41.5,Early Blight,Moderate,45.0,Leaf Miner,Light Trap,4,21.5,58.2,10.0,17.2,83.7,Too Bright,0.409,0.95,No,Yes,Rust,Fruit Fly,Medium
KR_02201,2026-008-23,Ahmednagar,Kopargaon,20.37718,79.07956,Rice,Phule Samruddhi,Seedling,Black Soil,6.07,33.8,Early Blight,Moderate,45.2,Whitefly,Pheromone Trap,0,28.7,56.7,28.8,5.7,62.0,Poor Framing,0.32,0.977,Yes,Yes,Rust,Fruit Fly,Medium
KR_02202,2026-004-20,Kolhapur,Kagal,21.03404,75.25168,Cotton,Bunny Bt,Seedling,Loamy,7.77,33.6,Leaf Spot,Severe,60.6,Thrips,Pheromone Trap,2,25.8,49.6,40.1,7.6,41.4,Blurry,0.492,0.952,Yes,Yes,Bacterial Blight,Leaf Miner,Medium
KR_02203,2026-005-10,Satara,Phaltan,17.90267,78.38651,Tomato,Abhinav,Fruiting,Black Soil,7.74,63.8,Leaf Miner,Severe,56.6,Leaf Miner,Sticky Trap,1,23.8,50.8,12.3,4.2,87.8,Too Dark,0.613,0.898,Yes,Yes,Blast,Aphids,Medium
KR_02204,2026-003-03,Nashik,Malegaon,19.70167,78.89243,Rice,Indrayani,Flowering,Black Soil,6.31,16.3,Healthy,Mild,0.3,Bollworm,Pheromone Trap,0,33.8,85.2,10.0,3.8,28.7,Good,0.753,0.636,Yes,Yes,Rust,Leaf Miner,Medium
KR_02205,2026-006-22,Ahmednagar,Sangamner,17.38793,74.98677,Cotton,RCH-659,Vegetative,Black Soil,6.73,33.1,Late Blight,Severe,81.6,Whitefly,Pheromone Trap,1,33.9,44.3,10.3,4.9,67.6,Too Dark,0.244,0.663,No,Yes,Rust,Bollworm,Medium
KR_02206,2026-003-16,Solapur,Akkalkot,17.24154,78.39692,Rice,Phule Samruddhi,Seedling,Clay Loam,6.84,35.9,Late Blight,Mild,13.0,Stem Borer,Light Trap,4,33.2,74.8,40.9,18.5,53.3,Good,0.802,0.918,No,No,Early Blight,Thrips,Medium
KR_02207,2026-006-24,Solapur,Malshiras,19.35277,74.55393,Rice,Phule Samruddhi,Flowering,Black Soil,6.35,36.2,Blast,Moderate,38.5,Whitefly,Pheromone Trap,9,36.5,45.4,32.5,7.0,22.2,Good,0.876,0.8,Yes,No,Leaf Mold,Aphids,Medium
KR_02208,2026-007-05,Pune,Indapur,17.29606,76.35533,Cotton,Bt Cotton,Fruiting,Loamy,7.07,61.4,Late Blight,Severe,51.6,Fruit Fly,Pheromone Trap,11,23.6,97.5,24.0,20.9,68.1,Too Bright,0.23,0.559,Yes,Yes,Late Blight,Aphids,High
KR_02209,2026-008-22,Pune,Indapur,21.33272,73.61708,Rice,Phule Samruddhi,Flowering,Sandy Loam,6.42,58.4,Rust,Mild,7.5,Aphids,Pheromone Trap,6,24.9,86.8,31.0,5.8,67.3,Good,0.975,0.512,Yes,Yes,Thrips,Aphids,Medium
KR_02210,2026-007-12,Pune,Daund,20.1094,78.94907,Potato,Local-P1,Vegetative,Loamy,7.36,40.7,Thrips,Mild,13.0,Whitefly,Pheromone Trap,0,30.8,41.7,0.0,17.1,89.0,Too Bright,0.641,0.6,Yes,Yes,Late Blight,Fruit Fly,Low
KR_02211,2026-003-25,Satara,Wai,16.0979,75.79129,Rice,Indrayani,Fruiting,Loamy,6.91,65.8,Early Blight,Moderate,42.7,Thrips,Light Trap,2,21.6,53.4,11.0,12.0,68.7,Good,0.902,0.627,No,Yes,Rust,Stem Borer,Medium
KR_02212,2026-005-25,Ahmednagar,Sangamner,16.82063,73.43056,Rice,Phule Samruddhi,Flowering,Clay Loam,8.07,44.8,Rust,Moderate,40.5,Fruit Fly,Sticky Trap,7,25.9,49.4,42.6,4.0,21.2,Good,0.824,0.54,Yes,Yes,Bacterial Blight,Aphids,Medium
KR_02213,2026-007-24,Solapur,Pandharpur,20.20598,77.45938,Rice,Phule Samruddhi,Maturity,Sandy Loam,6.62,63.3,Bacterial Blight,Mild,10.5,Fruit Fly,Pheromone Trap,14,25.8,85.4,33.4,7.8,72.9,Blurry,0.26,0.673,Yes,Yes,Blast,Thrips,Medium
KR_02214,2026-004-08,Nanded,Hadgaon,16.494,75.80235,Potato,Local-P1,Fruiting,Sandy Loam,6.97,26.2,Stem Borer,Mild,15.5,Leaf Miner,Light Trap,11,33.4,63.2,15.7,7.5,25.0,Good,0.872,0.848,No,No,Late Blight,Fruit Fly,Medium
KR_02215,2026-008-17,Nanded,Loha,19.23836,79.15744,Potato,Local-P1,Fruiting,Loamy,7.01,24.0,Leaf Miner,Moderate,27.3,Stem Borer,Pheromone Trap,0,33.1,48.9,1.7,11.3,59.8,Good,0.802,0.567,Yes,Yes,Leaf Mold,Bollworm,Medium
KR_02216,2026-004-10,Nanded,Biloli,19.65376,75.37241,Grapes,Sonaka,Maturity,Loamy,6.16,45.2,Rust,Severe,81.4,Bollworm,Light Trap,3,25.7,96.0,25.8,11.5,36.5,Poor Framing,0.502,0.951,Yes,Yes,Powdery Mildew,Aphids,High
KR_02217,2026-008-19,Kolhapur,Karveer,18.87827,78.23624,Soybean,MACS-1188,Maturity,Clay Loam,6.99,55.6,Rust,Severe,76.7,Fruit Fly,Sticky Trap,10,22.7,75.8,34.9,20.7,68.8,Blurry,0.585,0.917,Yes,Yes,Leaf Mold,Aphids,Medium
KR_02218,2026-004-25,Satara,Karad,18.96826,78.73191,Rice,Basmati,Fruiting,Sandy Loam,7.0,40.7,Bacterial Blight,Moderate,31.6,Aphids,Pheromone Trap,3,27.5,60.4,0.8,18.0,47.1,Good,0.814,0.802,No,No,Leaf Mold,Whitefly,Medium
KR_02219,2026-007-09,Solapur,Mangalwedhe,16.36483,75.06295,Rice,Basmati,Vegetative,Black Soil,7.78,68.6,Rust,Severe,50.4,Stem Borer,Light Trap,14,30.8,71.6,22.6,16.5,71.0,Good,0.979,0.544,Yes,Yes,Leaf Spot,Leaf Miner,Medium
KR_02220,2026-001-10,Solapur,Pandharpur,19.03748,73.02382,Potato,Local-P1,Vegetative,Loamy,7.99,25.8,Late Blight,Moderate,45.2,Stem Borer,Pheromone Trap,0,37.4,61.0,4.2,16.0,47.0,Blurry,0.379,0.986,Yes,Yes,Thrips,Aphids,Medium
KR_02221,2026-001-22,Nashik,Malegaon,17.08419,76.71077,Rice,Basmati,Maturity,Clay Loam,6.06,49.7,Leaf Spot,Mild,16.6,Fruit Fly,Pheromone Trap,0,27.1,83.3,25.9,9.3,53.3,Good,0.792,0.563,Yes,Yes,Blast,Stem Borer,Medium
KR_02222,2026-008-08,Nanded,Hadgaon,19.97459,79.03479,Tomato,Arka Rakshak,Vegetative,Black Soil,7.66,23.0,Late Blight,Moderate,40.6,Aphids,Sticky Trap,10,37.0,63.9,26.7,7.0,55.3,Too Dark,0.472,0.956,Yes,Yes,Downy Mildew,Aphids,Medium
KR_02223,2026-001-20,Pune,Daund,16.15805,73.51472,Grapes,Sharad Seedless,Fruiting,Sandy Loam,6.88,71.5,Healthy,Mild,0.3,Bollworm,Sticky Trap,1,18.5,92.9,31.0,10.6,78.0,Good,0.878,0.524,Yes,Yes,Stem Borer,Thrips,Medium
KR_02224,2026-006-14,Kolhapur,Shirol,16.90857,74.68951,Tomato,Abhinav,Fruiting,Loamy,7.39,21.5,Leaf Mold,Mild,7.5,Whitefly,Pheromone Trap,0,29.5,41.7,39.8,13.4,50.2,Good,0.837,0.628,Yes,Yes,Rust,Leaf Miner,Low
KR_02225,2026-006-17,Nashik,Sinnar,17.66753,76.9128,Tomato,Hybrid-T1,Maturity,Loamy,6.9,45.7,Bacterial Blight,Moderate,31.1,Stem Borer,Sticky Trap,1,37.4,76.8,8.6,20.0,41.5,Good,0.964,0.669,No,Yes,Brown Spot,Thrips,Medium
KR_02226,2026-006-18,Kolhapur,Karveer,16.21501,77.28314,Soybean,JS-335,Maturity,Black Soil,7.21,22.7,Brown Spot,Moderate,22.1,Whitefly,Pheromone Trap,10,19.2,41.1,4.7,15.2,39.0,Too Dark,0.63,0.479,Yes,Yes,Leaf Mold,Aphids,Medium
KR_02227,2026-004-08,Solapur,Pandharpur,19.29337,73.92455,Grapes,Thompson Seedless,Maturity,Black Soil,6.74,72.7,Blast,Severe,67.5,Bollworm,Pheromone Trap,4,32.6,50.9,8.1,18.7,53.9,Good,0.807,0.852,Yes,No,Brown Spot,Aphids,Medium
KR_02228,2026-007-06,Solapur,Mangalwedhe,17.39033,73.5876,Cotton,Bt Cotton,Vegetative,Sandy Loam,7.6,53.7,Bacterial Blight,Moderate,39.1,Bollworm,Pheromone Trap,0,34.4,83.2,42.4,18.3,89.9,Good,0.973,0.826,Yes,No,Downy Mildew,Fruit Fly,Medium
KR_02229,2026-002-06,Nashik,Malegaon,17.42746,76.15798,Soybean,MAUS-71,Vegetative,Clay Loam,7.89,68.8,Leaf Spot,Moderate,33.1,Whitefly,Light Trap,8,24.3,91.6,9.9,16.0,26.3,Poor Framing,0.313,0.63,Yes,Yes,Rust,Whitefly,Medium
KR_02230,2026-004-09,Kolhapur,Kagal,16.823,77.74037,Grapes,Sharad Seedless,Vegetative,Clay Loam,8.16,63.6,Leaf Mold,Moderate,49.7,Stem Borer,Pheromone Trap,1,22.6,75.1,9.2,2.7,77.7,Blurry,0.434,0.596,Yes,Yes,Stem Borer,Aphids,Medium
KR_02231,2026-003-05,Solapur,Akkalkot,19.10729,78.88368,Tomato,Arka Rakshak,Seedling,Loamy,8.18,25.9,Early Blight,Severe,74.8,Aphids,Pheromone Trap,0,34.1,87.5,41.8,20.2,61.4,Poor Framing,0.539,0.521,Yes,Yes,Early Blight,Aphids,High
KR_02232,2026-006-11,Pune,Shirur,17.13783,76.02021,Tomato,Abhinav,Flowering,Black Soil,6.48,74.9,Downy Mildew,Mild,12.4,Fruit Fly,Pheromone Trap,4,18.7,43.8,20.6,17.4,45.1,Good,0.893,0.896,Yes,No,Powdery Mildew,Thrips,Low
KR_02233,2026-006-26,Ahmednagar,Shrigonda,19.43446,74.57307,Grapes,Sonaka,Vegetative,Sandy Loam,7.13,26.8,Leaf Mold,Severe,60.4,Stem Borer,Light Trap,13,35.6,80.3,44.0,16.9,30.0,Too Bright,0.225,0.983,Yes,Yes,Leaf Miner,Fruit Fly,High
KR_02234,2026-001-09,Satara,Phaltan,16.57975,77.52791,Potato,Kufri Jyoti,Vegetative,Black Soil,6.87,21.6,Downy Mildew,Moderate,34.2,Fruit Fly,Pheromone Trap,10,26.9,41.6,12.1,4.3,91.0,Good,0.902,0.791,Yes,No,Blast,Bollworm,Medium
KR_02235,2026-007-19,Satara,Koregaon,19.03026,77.35727,Cotton,Bt Cotton,Flowering,Sandy Loam,7.36,34.2,Leaf Miner,Moderate,28.7,Whitefly,Pheromone Trap,0,34.1,55.4,11.8,12.4,45.2,Too Dark,0.585,0.963,Yes,Yes,Brown Spot,Aphids,Medium
KR_02236,2026-002-19,Solapur,Malshiras,17.32169,78.0976,Grapes,Sharad Seedless,Maturity,Clay Loam,7.37,65.0,Leaf Miner,Moderate,43.0,Aphids,Pheromone Trap,0,25.9,44.2,17.5,17.1,22.6,Poor Framing,0.365,0.616,Yes,Yes,Powdery Mildew,Thrips,Medium
KR_02237,2026-002-23,Solapur,Pandharpur,21.0312,78.16857,Grapes,Thompson Seedless,Fruiting,Loamy,6.11,72.3,Blast,Mild,9.9,Bollworm,Sticky Trap,10,22.4,47.8,17.4,20.1,53.7,Good,0.785,0.716,No,Yes,Early Blight,Stem Borer,Low
KR_02238,2026-002-24,Satara,Karad,19.23367,73.67572,Rice,Indrayani,Flowering,Loamy,8.03,23.4,Thrips,Severe,76.5,Fruit Fly,Pheromone Trap,13,30.9,97.1,0.8,17.2,51.7,Blurry,0.324,0.524,No,Yes,Leaf Miner,Bollworm,High
KR_02239,2026-006-04,Sangli,Miraj,19.58255,75.01525,Potato,Kufri Jyoti,Seedling,Loamy,7.49,60.4,Leaf Mold,Mild,5.3,Leaf Miner,Pheromone Trap,0,25.8,68.6,39.6,11.9,38.5,Blurry,0.418,0.764,Yes,Yes,Early Blight,Aphids,Medium
KR_02240,2026-007-03,Kolhapur,Karveer,16.05725,74.23694,Grapes,Sonaka,Seedling,Clay Loam,6.09,53.1,Powdery Mildew,Moderate,20.3,Whitefly,Pheromone Trap,0,20.1,39.7,25.0,21.1,92.2,Poor Framing,0.598,0.561,Yes,Yes,Late Blight,Whitefly,Medium
KR_02241,2026-001-19,Kolhapur,Hatkanangale,18.00557,73.21215,Rice,Basmati,Seedling,Clay Loam,6.53,69.7,Blast,Moderate,36.1,Stem Borer,Light Trap,8,26.8,59.2,18.0,14.2,80.7,Too Dark,0.547,0.559,No,Yes,Brown Spot,Thrips,Medium
KR_02242,2026-008-18,Kolhapur,Shirol,18.23545,78.45416,Rice,Indrayani,Maturity,Black Soil,7.51,43.3,Leaf Miner,Mild,6.0,Whitefly,Light Trap,2,36.6,64.6,43.3,17.7,72.9,Blurry,0.514,0.573,Yes,Yes,Late Blight,Leaf Miner,Medium
KR_02243,2026-008-06,Nashik,Dindori,17.67655,77.48383,Grapes,Thompson Seedless,Vegetative,Clay Loam,7.7,45.5,Blast,Severe,56.2,Thrips,Pheromone Trap,11,22.0,60.9,25.7,19.0,74.2,Poor Framing,0.502,0.816,Yes,Yes,Stem Borer,Whitefly,Medium
KR_02244,2026-003-13,Kolhapur,Kagal,19.32449,77.22018,Rice,Indrayani,Vegetative,Clay Loam,8.09,70.6,Leaf Spot,Severe,64.1,Fruit Fly,Pheromone Trap,7,18.4,60.0,36.6,5.0,53.6,Good,0.757,0.648,Yes,Yes,Bacterial Blight,Fruit Fly,Medium
KR_02245,2026-006-13,Pune,Baramati,20.05206,73.61599,Tomato,Hybrid-T1,Maturity,Black Soil,6.34,35.3,Bollworm,Mild,7.8,Aphids,Light Trap,3,19.7,62.9,21.4,3.0,74.9,Good,0.824,0.594,No,Yes,Leaf Mold,Leaf Miner,Medium
KR_02246,2026-007-13,Satara,Karad,16.38683,75.56837,Tomato,Arka Rakshak,Flowering,Loamy,6.06,58.1,Rust,Mild,9.6,Stem Borer,Light Trap,12,18.2,92.8,34.9,6.4,83.0,Too Dark,0.516,0.859,No,Yes,Late Blight,Aphids,Medium
KR_02247,2026-008-20,Nashik,Sinnar,18.59823,76.12983,Rice,Phule Samruddhi,Vegetative,Clay Loam,6.37,45.6,Brown Spot,Severe,52.5,Aphids,Light Trap,11,26.2,92.9,35.3,4.7,75.2,Good,0.857,0.507,No,Yes,Leaf Mold,Aphids,High
KR_02248,2026-005-15,Kolhapur,Shirol,19.20556,77.50466,Soybean,JS-335,Maturity,Black Soil,6.39,42.5,Downy Mildew,Mild,15.9,Whitefly,Pheromone Trap,0,29.2,64.7,44.3,4.9,79.3,Blurry,0.426,0.594,No,Yes,Downy Mildew,Thrips,Medium
KR_02249,2026-003-01,Pune,Baramati,17.91078,75.54563,Rice,Basmati,Maturity,Sandy Loam,7.96,19.2,Stem Borer,Mild,10.0,Bollworm,Pheromone Trap,13,20.6,36.7,21.8,10.4,76.3,Blurry,0.545,0.454,Yes,Yes,Bacterial Blight,Leaf Miner,Low
KR_02250,2026-004-23,Satara,Koregaon,17.06207,73.81578,Soybean,JS-335,Flowering,Loamy,7.48,19.3,Brown Spot,Moderate,36.2,Whitefly,Light Trap,12,20.8,47.7,13.3,6.5,68.7,Good,0.791,0.98,Yes,No,Blast,Leaf Miner,Medium
KR_02251,2026-006-17,Sangli,Miraj,16.75871,78.31043,Soybean,JS-335,Seedling,Black Soil,6.61,34.0,Leaf Spot,Severe,77.8,Bollworm,Light Trap,11,25.6,60.7,16.8,12.3,63.4,Too Dark,0.27,0.591,Yes,Yes,Powdery Mildew,Bollworm,Medium
KR_02252,2026-007-28,Nashik,Malegaon,16.85398,75.43525,Grapes,Sonaka,Vegetative,Black Soil,6.24,47.6,Downy Mildew,Moderate,49.1,Aphids,Pheromone Trap,0,21.2,69.0,30.0,16.0,59.3,Too Bright,0.242,0.782,Yes,Yes,Bollworm,Fruit Fly,Medium
KR_02253,2026-003-14,Pune,Baramati,19.03561,79.20539,Tomato,Arka Rakshak,Maturity,Loamy,8.13,63.2,Leaf Mold,Mild,9.7,Fruit Fly,Sticky Trap,4,37.0,59.5,28.8,17.5,41.4,Good,0.821,0.829,No,No,Early Blight,Stem Borer,Low
KR_02254,2026-003-22,Nanded,Deglur,20.46749,78.20853,Grapes,Sharad Seedless,Seedling,Black Soil,7.69,71.0,Downy Mildew,Severe,72.6,Stem Borer,Pheromone Trap,0,29.9,59.1,30.2,9.4,58.4,Too Bright,0.393,0.465,Yes,Yes,Leaf Spot,Aphids,Medium
KR_02255,2026-007-27,Ahmednagar,Kopargaon,20.76247,74.84773,Cotton,RCH-659,Vegetative,Black Soil,7.0,70.3,Leaf Mold,Mild,7.2,Fruit Fly,Light Trap,12,32.3,43.4,43.3,11.9,20.9,Too Bright,0.464,0.782,Yes,Yes,Leaf Miner,Stem Borer,Low
KR_02256,2026-006-24,Sangli,Tasgaon,16.58133,74.89901,Tomato,Abhinav,Fruiting,Clay Loam,7.22,69.6,Blast,Severe,59.3,Aphids,Light Trap,9,23.9,54.1,10.2,13.1,70.1,Too Dark,0.323,0.896,Yes,Yes,Bollworm,Fruit Fly,Medium
KR_02257,2026-008-07,Nanded,Biloli,19.04106,73.42658,Cotton,RCH-659,Fruiting,Sandy Loam,7.41,46.8,Thrips,Moderate,22.5,Leaf Miner,Pheromone Trap,0,20.5,84.8,10.2,5.2,56.1,Blurry,0.297,0.933,Yes,Yes,Powdery Mildew,Stem Borer,Medium
KR_02258,2026-008-11,Nanded,Loha,18.87884,77.41862,Grapes,Thompson Seedless,Maturity,Sandy Loam,6.65,66.5,Leaf Spot,Severe,77.7,Bollworm,Light Trap,6,37.4,51.8,26.1,4.2,67.5,Poor Framing,0.478,0.867,Yes,Yes,Leaf Spot,Bollworm,Medium
KR_02259,2026-003-26,Ahmednagar,Sangamner,20.51963,74.84046,Tomato,Hybrid-T1,Fruiting,Black Soil,6.34,17.1,Leaf Spot,Moderate,44.4,Aphids,Sticky Trap,7,30.3,74.1,18.9,11.6,77.9,Blurry,0.555,0.722,Yes,Yes,Early Blight,Whitefly,Medium
KR_02260,2026-008-26,Satara,Karad,21.07341,79.33829,Rice,Indrayani,Maturity,Sandy Loam,7.75,25.5,Early Blight,Moderate,37.4,Bollworm,Sticky Trap,15,18.9,62.1,25.0,14.3,31.8,Blurry,0.254,0.65,Yes,Yes,Leaf Spot,Stem Borer,Medium
KR_02261,2026-006-16,Solapur,Mangalwedhe,16.86724,78.37296,Potato,Local-P1,Maturity,Clay Loam,7.51,32.6,Bollworm,Moderate,28.3,Bollworm,Light Trap,11,20.2,37.7,19.4,15.9,49.5,Good,0.887,0.939,No,No,Late Blight,Fruit Fly,Medium
KR_02262,2026-008-28,Ahmednagar,Rahata,19.40208,73.97524,Rice,Basmati,Seedling,Black Soil,7.69,70.6,Thrips,Severe,73.8,Stem Borer,Light Trap,5,30.8,53.7,6.1,3.1,58.1,Good,0.803,0.604,No,Yes,Leaf Mold,Leaf Miner,Medium
KR_02263,2026-007-26,Satara,Phaltan,21.08422,73.1784,Cotton,RCH-659,Fruiting,Sandy Loam,7.41,16.7,Powdery Mildew,Severe,81.2,Fruit Fly,Pheromone Trap,0,34.0,73.5,6.4,3.6,52.5,Good,0.787,0.472,Yes,Yes,Thrips,Whitefly,Medium
KR_02264,2026-006-01,Sangli,Jat,20.11262,77.38327,Cotton,Bt Cotton,Fruiting,Sandy Loam,6.79,64.0,Leaf Spot,Mild,11.3,Stem Borer,Sticky Trap,3,33.2,44.6,44.1,18.7,60.7,Too Bright,0.228,0.465,No,Yes,Leaf Miner,Aphids,Low
KR_02265,2026-006-13,Ahmednagar,Sangamner,19.31255,74.69154,Potato,Local-P1,Flowering,Black Soil,7.53,38.8,Brown Spot,Severe,84.4,Fruit Fly,Sticky Trap,5,31.9,54.0,44.6,11.4,71.8,Good,0.981,0.618,No,Yes,Leaf Spot,Aphids,Medium
KR_02266,2026-008-05,Ahmednagar,Shrigonda,16.49136,79.2529,Grapes,Sonaka,Seedling,Loamy,6.37,73.6,Bacterial Blight,Mild,14.3,Bollworm,Pheromone Trap,0,36.3,94.9,26.4,18.2,26.2,Too Bright,0.287,0.884,Yes,Yes,Leaf Miner,Aphids,Medium
KR_02267,2026-003-25,Ahmednagar,Shrigonda,19.73265,78.67231,Tomato,Abhinav,Seedling,Black Soil,7.36,65.7,Blast,Mild,18.9,Bollworm,Pheromone Trap,0,23.4,74.5,3.9,15.3,55.3,Good,0.9,0.495,Yes,Yes,Rust,Stem Borer,Medium
KR_02268,2026-001-04,Solapur,Mangalwedhe,21.27357,75.37668,Soybean,JS-335,Vegetative,Sandy Loam,6.5,19.7,Blast,Moderate,46.3,Whitefly,Light Trap,8,36.5,46.7,4.8,12.2,89.3,Poor Framing,0.211,0.584,Yes,Yes,Late Blight,Bollworm,Medium
KR_02269,2026-003-12,Sangli,Tasgaon,16.87786,74.71984,Rice,Basmati,Flowering,Clay Loam,7.74,30.8,Leaf Mold,Severe,64.0,Bollworm,Pheromone Trap,10,30.6,78.7,6.0,19.5,56.8,Blurry,0.515,0.6,Yes,Yes,Leaf Spot,Whitefly,Medium
KR_02270,2026-006-08,Sangli,Jat,17.62045,74.14743,Soybean,MACS-1188,Fruiting,Loamy,6.61,37.6,Healthy,Mild,3.9,Bollworm,Pheromone Trap,0,28.2,38.5,28.7,13.0,28.5,Blurry,0.623,0.451,Yes,Yes,Leaf Spot,Whitefly,Low
KR_02271,2026-002-27,Kolhapur,Karveer,20.74149,73.97211,Tomato,Hybrid-T1,Seedling,Clay Loam,7.02,59.8,Downy Mildew,Moderate,37.1,Whitefly,Sticky Trap,6,27.6,66.0,8.4,19.7,83.2,Poor Framing,0.459,0.775,Yes,Yes,Leaf Mold,Leaf Miner,Medium
KR_02272,2026-003-01,Pune,Baramati,16.78867,73.55848,Rice,Phule Samruddhi,Seedling,Loamy,7.55,58.4,Downy Mildew,Moderate,22.8,Leaf Miner,Light Trap,3,34.3,38.4,6.5,7.8,22.8,Good,0.854,0.503,Yes,Yes,Rust,Whitefly,Medium
KR_02273,2026-003-17,Pune,Indapur,19.90186,77.14261,Potato,Local-P1,Maturity,Clay Loam,7.86,61.9,Brown Spot,Mild,19.8,Leaf Miner,Pheromone Trap,0,32.1,67.5,7.5,3.1,81.7,Good,0.808,0.7,Yes,Yes,Blast,Aphids,Medium
KR_02274,2026-006-05,Nanded,Loha,16.40065,78.94421,Cotton,Bt Cotton,Flowering,Loamy,7.88,45.4,Powdery Mildew,Moderate,35.1,Bollworm,Pheromone Trap,0,18.3,94.1,36.6,16.8,66.2,Good,0.789,0.699,Yes,Yes,Rust,Aphids,Medium
KR_02275,2026-001-06,Sangli,Tasgaon,20.63168,77.99436,Potato,Local-P1,Vegetative,Clay Loam,7.87,71.9,Early Blight,Mild,17.9,Stem Borer,Pheromone Trap,5,28.7,75.6,36.4,4.4,63.7,Good,0.82,0.542,No,Yes,Late Blight,Stem Borer,Medium
KR_02276,2026-008-22,Sangli,Miraj,20.36075,78.94348,Soybean,MAUS-71,Maturity,Loamy,7.39,21.2,Leaf Spot,Mild,18.4,Leaf Miner,Light Trap,5,28.7,50.3,15.3,18.7,79.0,Too Bright,0.537,0.684,Yes,Yes,Downy Mildew,Aphids,Medium
KR_02277,2026-005-25,Satara,Wai,17.37991,78.61689,Grapes,Thompson Seedless,Vegetative,Black Soil,7.64,62.6,Blast,Mild,10.5,Thrips,Pheromone Trap,8,28.5,85.9,32.2,2.2,89.0,Good,0.948,0.532,Yes,Yes,Blast,Aphids,Medium
KR_02278,2026-003-08,Kolhapur,Karveer,19.19354,79.41087,Soybean,JS-335,Maturity,Black Soil,7.77,67.3,Leaf Miner,Severe,62.1,Leaf Miner,Pheromone Trap,0,25.8,73.8,32.1,2.4,23.5,Good,0.976,0.634,Yes,Yes,Downy Mildew,Stem Borer,Medium
KR_02279,2026-004-23,Solapur,Akkalkot,19.82092,75.7675,Potato,Local-P1,Seedling,Sandy Loam,7.44,61.9,Leaf Miner,Moderate,24.9,Whitefly,Sticky Trap,5,35.2,88.1,41.5,4.4,36.4,Blurry,0.522,0.974,Yes,Yes,Leaf Miner,Aphids,Medium
KR_02280,2026-003-09,Solapur,Akkalkot,17.93985,75.21118,Cotton,Bunny Bt,Maturity,Loamy,6.36,31.4,Early Blight,Moderate,40.0,Leaf Miner,Pheromone Trap,15,36.7,96.3,10.6,6.5,87.7,Blurry,0.534,0.651,No,Yes,Stem Borer,Whitefly,Medium
KR_02281,2026-007-11,Ahmednagar,Sangamner,17.92909,73.80148,Potato,Kufri Jyoti,Maturity,Loamy,7.45,44.8,Leaf Miner,Moderate,34.5,Thrips,Pheromone Trap,0,24.2,93.2,44.9,19.1,57.7,Too Dark,0.506,0.527,Yes,Yes,Leaf Mold,Leaf Miner,Medium
KR_02282,2026-003-17,Ahmednagar,Rahata,21.11055,75.33594,Rice,Basmati,Vegetative,Clay Loam,6.04,27.2,Late Blight,Moderate,33.0,Fruit Fly,Light Trap,5,32.8,78.7,41.9,8.1,51.3,Too Dark,0.63,0.769,No,Yes,Thrips,Whitefly,Medium
KR_02283,2026-004-18,Nashik,Sinnar,19.20029,73.03539,Cotton,Bunny Bt,Seedling,Black Soil,6.22,55.1,Blast,Moderate,25.2,Leaf Miner,Sticky Trap,10,28.9,46.9,0.8,5.3,72.1,Too Bright,0.359,0.681,Yes,Yes,Rust,Thrips,Medium
KR_02284,2026-001-10,Ahmednagar,Kopargaon,18.24397,73.30988,Potato,Kufri Jyoti,Seedling,Black Soil,7.95,29.6,Leaf Miner,Severe,82.4,Aphids,Light Trap,11,23.4,38.7,18.6,8.7,60.6,Too Bright,0.634,0.852,No,Yes,Leaf Miner,Stem Borer,Medium
KR_02285,2026-004-11,Nanded,Loha,17.32722,73.23283,Soybean,MAUS-71,Maturity,Clay Loam,7.29,64.9,Leaf Spot,Moderate,26.7,Thrips,Pheromone Trap,6,26.1,93.2,10.1,21.1,51.7,Too Bright,0.582,0.808,Yes,Yes,Bollworm,Thrips,Medium
KR_02286,2026-006-13,Satara,Phaltan,18.73801,76.72925,Rice,Indrayani,Seedling,Loamy,8.11,49.4,Early Blight,Mild,17.2,Whitefly,Pheromone Trap,0,18.4,63.6,27.5,9.0,68.1,Good,0.816,0.989,Yes,No,Downy Mildew,Aphids,Medium
KR_02287,2026-001-02,Satara,Koregaon,21.37315,74.41005,Potato,Kufri Jyoti,Fruiting,Sandy Loam,6.89,45.9,Thrips,Severe,59.3,Whitefly,Light Trap,13,35.2,52.3,22.8,14.2,39.4,Too Bright,0.293,0.917,Yes,Yes,Early Blight,Whitefly,Medium
KR_02288,2026-003-02,Nashik,Dindori,17.49829,73.64411,Cotton,RCH-659,Vegetative,Loamy,6.63,54.1,Thrips,Mild,16.2,Aphids,Pheromone Trap,0,37.6,92.3,28.5,18.1,80.3,Too Dark,0.33,0.856,No,Yes,Stem Borer,Fruit Fly,Medium
KR_02289,2026-006-24,Nanded,Hadgaon,18.9446,77.7696,Tomato,Hybrid-T1,Flowering,Sandy Loam,6.77,64.6,Powdery Mildew,Mild,11.8,Stem Borer,Pheromone Trap,0,30.6,83.3,10.6,15.2,34.6,Blurry,0.517,0.494,No,Yes,Early Blight,Fruit Fly,Medium
KR_02290,2026-006-04,Kolhapur,Karveer,20.07264,73.81914,Cotton,Bunny Bt,Flowering,Sandy Loam,7.68,39.3,Healthy,Mild,0.3,Bollworm,Light Trap,5,33.6,91.8,26.0,13.5,88.6,Good,0.912,0.656,Yes,Yes,Thrips,Bollworm,Medium
KR_02291,2026-006-14,Kolhapur,Shirol,18.99238,78.64413,Potato,Kufri Jyoti,Seedling,Black Soil,6.68,45.6,Bacterial Blight,Moderate,30.1,Bollworm,Pheromone Trap,7,29.3,52.1,12.2,19.2,88.0,Poor Framing,0.515,0.756,Yes,Yes,Rust,Fruit Fly,Medium
KR_02292,2026-004-09,Pune,Shirur,17.35254,73.1123,Soybean,MAUS-71,Flowering,Loamy,6.39,16.6,Late Blight,Mild,14.4,Whitefly,Pheromone Trap,0,27.7,45.4,32.3,7.4,21.7,Good,0.936,0.698,Yes,Yes,Rust,Stem Borer,Low
KR_02293,2026-008-17,Satara,Koregaon,16.13445,79.00713,Tomato,Hybrid-T1,Maturity,Clay Loam,7.02,58.6,Rust,Mild,9.3,Leaf Miner,Sticky Trap,8,21.0,37.5,31.6,6.5,57.0,Poor Framing,0.295,0.847,Yes,Yes,Rust,Stem Borer,Low
KR_02294,2026-007-24,Sangli,Tasgaon,20.09244,78.65067,Tomato,Hybrid-T1,Flowering,Clay Loam,7.91,63.5,Thrips,Severe,75.8,Fruit Fly,Pheromone Trap,2,24.3,41.6,13.1,10.4,24.1,Good,0.887,0.519,No,Yes,Rust,Stem Borer,Medium
KR_02295,2026-007-07,Solapur,Akkalkot,20.68109,77.22715,Tomato,Arka Rakshak,Vegetative,Clay Loam,7.64,68.1,Healthy,Mild,2.8,Bollworm,Light Trap,10,21.8,84.2,14.9,11.7,71.2,Good,0.832,0.642,No,Yes,Blast,Aphids,Medium
KR_02296,2026-003-15,Sangli,Miraj,17.82775,75.25685,Cotton,RCH-659,Vegetative,Sandy Loam,6.76,44.0,Leaf Miner,Moderate,34.2,Leaf Miner,Pheromone Trap,0,30.2,57.3,38.7,13.0,88.2,Good,0.839,0.895,No,No,Late Blight,Aphids,Medium
KR_02297,2026-005-13,Sangli,Miraj,17.44012,76.18744,Soybean,MACS-1188,Flowering,Loamy,7.95,50.4,Healthy,Mild,1.2,Bollworm,Sticky Trap,7,29.5,59.0,10.1,2.7,85.7,Good,0.757,0.637,Yes,Yes,Blast,Aphids,Low
KR_02298,2026-007-06,Solapur,Akkalkot,17.97718,78.89404,Cotton,Bunny Bt,Vegetative,Black Soil,7.36,39.6,Downy Mildew,Mild,9.6,Bollworm,Light Trap,7,35.3,58.5,14.5,11.0,34.3,Poor Framing,0.459,0.591,Yes,Yes,Late Blight,Whitefly,Low
KR_02299,2026-007-18,Nashik,Malegaon,16.44342,79.41877,Rice,Indrayani,Vegetative,Black Soil,7.58,48.3,Leaf Spot,Severe,83.7,Bollworm,Sticky Trap,9,27.8,47.0,32.7,21.3,61.1,Good,0.987,0.85,Yes,No,Blast,Bollworm,Medium
KR_02300,2026-004-20,Nanded,Hadgaon,19.81471,75.70604,Grapes,Thompson Seedless,Maturity,Clay Loam,8.05,64.4,Leaf Spot,Moderate,29.6,Fruit Fly,Sticky Trap,4,36.0,39.2,8.1,4.8,42.0,Poor Framing,0.22,0.906,No,Yes,Thrips,Stem Borer,Medium
KR_02301,2026-003-28,Nashik,Niphad,18.07131,77.04083,Potato,Kufri Pukhraj,Flowering,Sandy Loam,7.44,45.9,Late Blight,Mild,13.9,Aphids,Sticky Trap,14,27.7,96.7,32.5,2.3,81.4,Good,0.943,0.81,Yes,No,Late Blight,Leaf Miner,Medium
KR_02302,2026-007-28,Solapur,Mangalwedhe,17.12459,78.45959,Soybean,MACS-1188,Seedling,Black Soil,8.01,51.5,Downy Mildew,Severe,68.8,Aphids,Light Trap,1,34.9,65.9,22.8,8.5,47.3,Good,0.762,0.501,Yes,Yes,Leaf Miner,Aphids,Medium
KR_02303,2026-005-28,Pune,Indapur,16.8757,78.14369,Rice,Phule Samruddhi,Flowering,Loamy,6.91,43.6,Leaf Mold,Mild,17.4,Leaf Miner,Pheromone Trap,0,19.7,66.6,2.4,19.7,68.3,Blurry,0.602,0.784,No,Yes,Thrips,Aphids,Medium
KR_02304,2026-001-01,Sangli,Kavathe Mahankal,17.46252,75.41722,Grapes,Thompson Seedless,Vegetative,Black Soil,6.97,60.2,Bollworm,Mild,5.1,Aphids,Sticky Trap,8,21.5,57.6,15.5,6.5,35.6,Good,0.989,0.553,Yes,Yes,Blast,Bollworm,Low
KR_02305,2026-008-09,Solapur,Mangalwedhe,16.92673,74.1503,Soybean,MACS-1188,Fruiting,Sandy Loam,6.83,16.7,Downy Mildew,Mild,10.6,Fruit Fly,Pheromone Trap,13,27.4,64.8,13.4,3.9,74.9,Good,0.875,0.544,Yes,Yes,Leaf Mold,Thrips,Medium
KR_02306,2026-003-13,Satara,Phaltan,21.39848,77.04289,Soybean,MAUS-71,Flowering,Sandy Loam,7.23,48.8,Powdery Mildew,Mild,8.0,Stem Borer,Pheromone Trap,0,26.7,74.7,23.6,7.9,64.1,Too Bright,0.427,0.855,Yes,Yes,Powdery Mildew,Bollworm,Medium
KR_02307,2026-004-09,Nashik,Malegaon,18.48282,76.86385,Soybean,JS-335,Flowering,Clay Loam,6.01,42.9,Leaf Miner,Mild,7.9,Bollworm,Light Trap,1,22.4,93.0,7.3,7.5,32.7,Too Dark,0.446,0.855,Yes,Yes,Late Blight,Aphids,Medium
KR_02308,2026-002-06,Kolhapur,Hatkanangale,21.19205,75.53422,Rice,Basmati,Flowering,Sandy Loam,6.57,30.4,Downy Mildew,Moderate,37.0,Thrips,Pheromone Trap,0,19.7,39.4,35.0,4.5,32.4,Good,0.995,0.788,No,No,Bollworm,Fruit Fly,Medium
KR_02309,2026-002-16,Nashik,Sinnar,20.38807,77.73322,Potato,Kufri Jyoti,Fruiting,Black Soil,7.12,48.2,Stem Borer,Mild,7.2,Whitefly,Pheromone Trap,0,19.4,76.4,14.8,5.3,44.2,Good,0.894,0.88,Yes,No,Rust,Whitefly,Medium
KR_02310,2026-008-25,Ahmednagar,Kopargaon,16.30758,78.4155,Soybean,MAUS-71,Vegetative,Loamy,6.61,18.2,Rust,Mild,5.8,Bollworm,Pheromone Trap,2,23.5,94.8,19.8,10.8,40.7,Good,0.92,0.986,Yes,No,Leaf Miner,Bollworm,Medium
KR_02311,2026-002-25,Nashik,Malegaon,16.02784,75.64209,Cotton,RCH-659,Maturity,Sandy Loam,6.86,41.9,Leaf Spot,Moderate,42.1,Bollworm,Light Trap,7,36.6,96.0,35.2,8.7,70.5,Good,0.948,0.528,Yes,Yes,Late Blight,Thrips,High
KR_02312,2026-006-09,Nashik,Sinnar,16.29141,73.73923,Soybean,JS-335,Fruiting,Loamy,7.94,25.4,Powdery Mildew,Mild,14.1,Aphids,Pheromone Trap,6,22.0,41.2,18.2,18.1,26.1,Good,0.948,0.925,No,No,Powdery Mildew,Aphids,Low
KR_02313,2026-002-04,Solapur,Mangalwedhe,18.85462,77.72122,Potato,Kufri Pukhraj,Seedling,Clay Loam,7.69,16.1,Bollworm,Moderate,42.8,Stem Borer,Pheromone Trap,0,31.9,72.2,38.7,14.3,64.3,Too Bright,0.466,0.628,Yes,Yes,Leaf Spot,Whitefly,Medium
KR_02314,2026-002-24,Nanded,Hadgaon,21.37061,77.31301,Potato,Kufri Jyoti,Maturity,Black Soil,6.73,69.5,Leaf Mold,Severe,82.6,Bollworm,Light Trap,14,27.7,61.7,14.4,11.4,70.7,Too Dark,0.605,0.682,Yes,Yes,Blast,Fruit Fly,Medium
KR_02315,2026-002-13,Ahmednagar,Sangamner,16.12716,79.27464,Tomato,Hybrid-T1,Maturity,Clay Loam,7.03,32.9,Healthy,Mild,0.3,Bollworm,Pheromone Trap,15,23.8,79.1,30.0,20.8,49.9,Too Bright,0.463,0.634,No,Yes,Blast,Bollworm,Medium
KR_02316,2026-004-20,Nanded,Loha,17.09839,76.3236,Soybean,MAUS-71,Flowering,Black Soil,7.53,51.9,Downy Mildew,Moderate,33.6,Stem Borer,Pheromone Trap,0,31.9,59.0,14.2,2.5,34.4,Too Bright,0.638,0.861,No,Yes,Stem Borer,Leaf Miner,Medium
KR_02317,2026-001-07,Ahmednagar,Rahata,18.5404,79.27664,Cotton,Bunny Bt,Maturity,Clay Loam,7.02,17.7,Downy Mildew,Severe,84.3,Whitefly,Pheromone Trap,0,30.5,45.6,12.2,14.6,24.7,Good,0.88,0.69,Yes,Yes,Bacterial Blight,Whitefly,Medium
KR_02318,2026-004-06,Pune,Indapur,20.01761,75.55101,Soybean,JS-335,Seedling,Sandy Loam,7.92,67.6,Leaf Mold,Moderate,24.3,Fruit Fly,Sticky Trap,3,25.0,94.8,35.3,16.2,35.2,Blurry,0.276,0.913,Yes,Yes,Blast,Fruit Fly,Medium
KR_02319,2026-001-23,Nanded,Biloli,18.41671,73.88273,Soybean,JS-335,Fruiting,Sandy Loam,6.81,31.5,Bacterial Blight,Severe,50.5,Fruit Fly,Light Trap,4,37.3,50.2,14.6,6.8,78.1,Good,0.996,0.896,Yes,No,Blast,Whitefly,Medium
KR_02320,2026-008-05,Ahmednagar,Sangamner,19.10018,76.35604,Grapes,Sonaka,Flowering,Sandy Loam,7.07,50.0,Stem Borer,Moderate,41.6,Aphids,Pheromone Trap,0,36.2,94.0,19.3,20.9,92.1,Blurry,0.512,0.732,Yes,Yes,Rust,Stem Borer,High
KR_02321,2026-004-26,Solapur,Pandharpur,19.81045,76.44921,Potato,Kufri Pukhraj,Vegetative,Loamy,7.27,48.8,Leaf Miner,Moderate,20.1,Fruit Fly,Light Trap,8,18.8,39.4,30.0,19.9,42.5,Good,0.996,0.603,No,Yes,Bollworm,Thrips,Medium
KR_02322,2026-001-15,Satara,Phaltan,16.11905,74.3962,Grapes,Thompson Seedless,Flowering,Black Soil,6.08,26.1,Leaf Mold,Moderate,44.7,Leaf Miner,Pheromone Trap,3,27.9,85.0,23.2,4.2,84.7,Too Bright,0.255,0.744,No,Yes,Late Blight,Whitefly,High
KR_02323,2026-005-14,Pune,Indapur,20.52617,78.08571,Cotton,Bt Cotton,Seedling,Clay Loam,7.64,33.4,Healthy,Mild,3.9,Bollworm,Sticky Trap,15,27.9,57.6,40.0,12.9,73.2,Too Dark,0.366,0.749,Yes,Yes,Rust,Stem Borer,Low
KR_02324,2026-001-14,Nanded,Deglur,19.00718,74.01561,Rice,Indrayani,Maturity,Sandy Loam,8.14,30.2,Leaf Miner,Moderate,20.2,Stem Borer,Pheromone Trap,8,19.9,78.9,38.0,16.0,56.4,Good,0.847,0.89,Yes,No,Bollworm,Stem Borer,Medium
KR_02325,2026-007-24,Ahmednagar,Kopargaon,21.01766,74.75428,Soybean,MACS-1188,Seedling,Sandy Loam,7.47,63.6,Stem Borer,Severe,59.5,Aphids,Pheromone Trap,0,34.7,41.6,31.1,3.1,49.8,Poor Framing,0.246,0.766,Yes,Yes,Bacterial Blight,Thrips,Medium
KR_02326,2026-003-19,Satara,Phaltan,18.07157,74.7631,Rice,Basmati,Seedling,Loamy,6.1,26.7,Brown Spot,Moderate,22.0,Bollworm,Sticky Trap,5,23.1,46.5,16.1,20.1,42.3,Poor Framing,0.355,0.685,Yes,Yes,Downy Mildew,Stem Borer,Medium
KR_02327,2026-008-07,Ahmednagar,Kopargaon,19.89391,76.19513,Tomato,Arka Rakshak,Vegetative,Sandy Loam,7.48,19.1,Leaf Miner,Severe,69.9,Bollworm,Light Trap,15,19.0,51.8,6.4,6.2,41.1,Good,0.933,0.707,Yes,Yes,Leaf Spot,Leaf Miner,Medium
KR_02328,2026-005-05,Kolhapur,Kagal,20.69139,73.48121,Rice,Indrayani,Seedling,Clay Loam,6.05,54.4,Brown Spot,Mild,18.0,Stem Borer,Light Trap,14,24.2,43.3,26.7,11.9,34.4,Too Bright,0.3,0.754,No,Yes,Leaf Spot,Whitefly,Medium
KR_02329,2026-005-26,Kolhapur,Karveer,16.31217,77.33837,Tomato,Abhinav,Maturity,Loamy,6.28,22.7,Leaf Mold,Moderate,44.0,Aphids,Pheromone Trap,0,26.4,90.7,2.2,2.6,83.8,Poor Framing,0.457,0.894,No,Yes,Late Blight,Whitefly,High
KR_02330,2026-006-14,Sangli,Kavathe Mahankal,17.6926,78.95731,Rice,Basmati,Fruiting,Black Soil,7.79,17.5,Leaf Spot,Mild,16.0,Bollworm,Light Trap,4,22.8,93.8,22.2,14.7,65.9,Blurry,0.479,0.773,Yes,Yes,Downy Mildew,Aphids,Medium
KR_02331,2026-005-23,Kolhapur,Karveer,19.62956,76.22422,Grapes,Thompson Seedless,Flowering,Black Soil,6.48,57.2,Leaf Spot,Moderate,47.5,Aphids,Pheromone Trap,15,18.2,45.5,35.0,5.2,51.7,Poor Framing,0.315,0.641,Yes,Yes,Leaf Miner,Stem Borer,Medium
KR_02332,2026-008-14,Satara,Phaltan,17.6839,73.61805,Soybean,JS-335,Maturity,Loamy,6.69,52.3,Leaf Miner,Mild,10.0,Fruit Fly,Pheromone Trap,0,33.3,95.3,8.6,9.3,77.3,Blurry,0.462,0.624,Yes,Yes,Blast,Whitefly,Medium
KR_02333,2026-005-02,Sangli,Tasgaon,19.40694,76.74827,Soybean,MACS-1188,Flowering,Sandy Loam,8.18,28.0,Late Blight,Mild,5.3,Bollworm,Light Trap,6,18.7,91.8,14.9,15.2,91.8,Good,0.818,0.97,No,No,Bollworm,Leaf Miner,Medium
KR_02334,2026-002-14,Satara,Wai,16.96392,77.73235,Cotton,Bt Cotton,Maturity,Clay Loam,7.29,15.2,Early Blight,Mild,7.2,Aphids,Pheromone Trap,0,25.2,92.4,16.1,14.3,88.5,Good,0.893,0.543,No,Yes,Bacterial Blight,Aphids,Medium
KR_02335,2026-003-27,Ahmednagar,Rahata,17.77459,78.21065,Grapes,Sonaka,Seedling,Black Soil,6.24,43.2,Healthy,Mild,1.0,Bollworm,Pheromone Trap,0,31.4,44.5,16.0,12.7,49.8,Good,0.817,0.896,Yes,No,Leaf Spot,Aphids,Low
KR_02336,2026-006-21,Pune,Baramati,17.85862,75.02507,Potato,Local-P1,Seedling,Black Soil,7.9,66.6,Bollworm,Moderate,36.6,Thrips,Light Trap,2,20.4,49.8,0.7,4.4,35.7,Too Bright,0.544,0.589,No,Yes,Early Blight,Fruit Fly,Medium
KR_02337,2026-006-08,Ahmednagar,Shrigonda,17.2301,74.29241,Soybean,MACS-1188,Seedling,Loamy,7.77,63.5,Leaf Spot,Severe,81.4,Thrips,Pheromone Trap,4,23.1,77.0,17.1,9.8,82.1,Good,0.99,0.948,Yes,No,Stem Borer,Bollworm,Medium
KR_02338,2026-006-08,Kolhapur,Hatkanangale,16.07957,75.49616,Soybean,JS-335,Fruiting,Black Soil,7.53,15.6,Leaf Mold,Severe,59.6,Fruit Fly,Pheromone Trap,5,36.7,58.5,27.9,10.5,24.6,Blurry,0.333,0.509,No,Yes,Powdery Mildew,Whitefly,Medium
KR_02339,2026-002-05,Nashik,Malegaon,21.23693,78.90527,Tomato,Hybrid-T1,Fruiting,Clay Loam,6.24,16.8,Healthy,Mild,2.2,Bollworm,Pheromone Trap,7,25.4,43.9,43.1,7.2,75.3,Too Dark,0.392,0.853,Yes,Yes,Leaf Miner,Leaf Miner,Low
KR_02340,2026-007-24,Nashik,Niphad,20.22006,76.16215,Soybean,JS-335,Seedling,Sandy Loam,7.79,17.5,Leaf Mold,Severe,52.2,Aphids,Sticky Trap,10,23.0,78.0,23.8,9.7,79.6,Blurry,0.392,0.689,No,Yes,Bollworm,Whitefly,Medium
KR_02341,2026-006-14,Satara,Karad,17.35873,76.54134,Grapes,Thompson Seedless,Flowering,Sandy Loam,6.05,55.1,Stem Borer,Mild,9.3,Aphids,Pheromone Trap,10,34.5,81.8,40.3,6.5,39.5,Blurry,0.644,0.726,Yes,Yes,Stem Borer,Bollworm,Medium
KR_02342,2026-004-11,Sangli,Kavathe Mahankal,16.07556,73.34944,Potato,Kufri Pukhraj,Fruiting,Clay Loam,6.67,42.9,Healthy,Mild,1.9,Bollworm,Pheromone Trap,0,22.1,56.2,23.5,20.7,66.3,Too Dark,0.557,0.595,Yes,Yes,Bollworm,Thrips,Low
KR_02343,2026-005-12,Solapur,Akkalkot,19.00466,75.02977,Potato,Local-P1,Maturity,Loamy,7.47,64.0,Brown Spot,Severe,63.6,Stem Borer,Sticky Trap,14,26.4,69.2,6.6,14.4,65.0,Too Dark,0.333,0.948,Yes,Yes,Powdery Mildew,Aphids,Medium
KR_02344,2026-006-20,Kolhapur,Hatkanangale,18.30796,77.41918,Soybean,MACS-1188,Seedling,Sandy Loam,7.11,64.5,Thrips,Severe,56.4,Fruit Fly,Pheromone Trap,15,28.3,86.6,7.9,14.8,42.1,Good,0.88,0.984,No,No,Rust,Bollworm,High
KR_02345,2026-002-16,Pune,Daund,19.43049,76.81781,Soybean,MAUS-71,Vegetative,Sandy Loam,6.65,55.8,Rust,Mild,13.7,Bollworm,Pheromone Trap,14,24.2,81.2,5.2,7.1,78.5,Good,0.889,0.973,No,No,Bacterial Blight,Leaf Miner,Medium
KR_02346,2026-005-25,Satara,Wai,18.81601,76.5492,Cotton,Bunny Bt,Maturity,Clay Loam,7.51,69.9,Stem Borer,Moderate,49.2,Leaf Miner,Pheromone Trap,0,23.3,55.5,42.1,21.5,89.5,Too Bright,0.617,0.755,No,Yes,Leaf Spot,Aphids,Medium
KR_02347,2026-001-08,Kolhapur,Karveer,21.11351,79.22631,Cotton,Bunny Bt,Vegetative,Sandy Loam,6.75,66.1,Early Blight,Moderate,20.7,Stem Borer,Pheromone Trap,0,32.2,47.1,20.4,4.5,71.6,Good,0.756,0.875,No,No,Leaf Mold,Thrips,Medium
KR_02348,2026-006-06,Sangli,Jat,20.29297,79.3266,Potato,Kufri Pukhraj,Fruiting,Clay Loam,6.18,62.6,Bollworm,Severe,83.6,Leaf Miner,Sticky Trap,12,23.3,44.4,1.4,9.2,62.5,Good,0.808,0.863,Yes,No,Brown Spot,Fruit Fly,Medium
KR_02349,2026-008-08,Satara,Koregaon,19.36264,76.13689,Soybean,MACS-1188,Flowering,Clay Loam,6.78,63.5,Bollworm,Moderate,45.3,Thrips,Sticky Trap,14,18.8,53.5,44.0,16.5,53.9,Good,0.96,0.919,Yes,No,Stem Borer,Leaf Miner,Medium
KR_02350,2026-007-21,Nashik,Niphad,19.71887,77.46425,Grapes,Sonaka,Fruiting,Loamy,6.32,18.1,Powdery Mildew,Mild,11.6,Fruit Fly,Pheromone Trap,6,35.5,65.1,19.4,4.7,86.3,Poor Framing,0.574,0.662,Yes,Yes,Leaf Spot,Fruit Fly,Medium
KR_02351,2026-004-25,Nanded,Deglur,20.37746,77.80378,Rice,Phule Samruddhi,Flowering,Sandy Loam,6.11,53.6,Early Blight,Moderate,31.8,Aphids,Light Trap,11,32.1,43.0,28.2,11.1,28.7,Blurry,0.35,0.721,Yes,Yes,Rust,Fruit Fly,Medium
KR_02352,2026-006-03,Pune,Baramati,17.826,75.11748,Rice,Basmati,Maturity,Sandy Loam,6.86,22.4,Stem Borer,Moderate,28.2,Stem Borer,Pheromone Trap,0,18.2,90.3,4.0,17.3,84.9,Too Bright,0.451,0.884,Yes,Yes,Leaf Miner,Whitefly,Medium
KR_02353,2026-005-14,Nanded,Hadgaon,19.23879,74.75005,Cotton,Bunny Bt,Maturity,Sandy Loam,6.57,15.9,Healthy,Mild,3.0,Bollworm,Pheromone Trap,0,26.5,94.8,44.9,3.0,92.4,Blurry,0.497,0.489,No,Yes,Thrips,Whitefly,Medium
KR_02354,2026-006-21,Pune,Daund,17.78672,78.50159,Cotton,RCH-659,Vegetative,Clay Loam,7.38,62.5,Rust,Severe,78.3,Leaf Miner,Sticky Trap,1,20.3,69.8,5.2,20.5,87.0,Poor Framing,0.602,0.771,No,Yes,Leaf Spot,Leaf Miner,Medium
KR_02355,2026-001-14,Pune,Indapur,20.42102,73.95474,Rice,Phule Samruddhi,Flowering,Black Soil,7.83,48.0,Downy Mildew,Mild,15.3,Stem Borer,Pheromone Trap,0,36.1,89.1,22.0,21.0,48.8,Too Bright,0.41,0.805,Yes,Yes,Rust,Leaf Miner,Medium
KR_02356,2026-002-15,Solapur,Malshiras,19.94296,73.38944,Grapes,Thompson Seedless,Seedling,Clay Loam,6.21,47.4,Stem Borer,Severe,75.6,Bollworm,Pheromone Trap,0,31.2,80.7,1.8,14.4,40.5,Too Dark,0.647,0.93,Yes,Yes,Thrips,Whitefly,High
KR_02357,2026-006-21,Nashik,Malegaon,20.75313,75.81611,Tomato,Abhinav,Flowering,Loamy,6.34,54.1,Leaf Spot,Mild,8.7,Whitefly,Pheromone Trap,0,23.9,69.8,42.0,4.8,74.9,Too Dark,0.26,0.894,Yes,Yes,Leaf Mold,Whitefly,Medium
KR_02358,2026-006-19,Satara,Karad,17.31926,74.33023,Cotton,Bunny Bt,Maturity,Sandy Loam,7.73,47.8,Downy Mildew,Mild,15.7,Stem Borer,Pheromone Trap,6,33.1,67.2,38.2,10.8,92.1,Too Bright,0.297,0.494,Yes,Yes,Bacterial Blight,Leaf Miner,Medium
KR_02359,2026-002-26,Pune,Shirur,21.31147,74.58678,Cotton,RCH-659,Flowering,Clay Loam,7.36,15.3,Powdery Mildew,Severe,69.4,Whitefly,Light Trap,14,34.6,51.5,26.8,16.4,75.1,Good,0.952,0.576,Yes,Yes,Bollworm,Aphids,Medium
KR_02360,2026-002-02,Kolhapur,Karveer,20.53298,78.98431,Soybean,MAUS-71,Vegetative,Sandy Loam,6.03,19.5,Leaf Spot,Severe,58.7,Stem Borer,Pheromone Trap,0,18.6,39.6,40.5,12.9,65.0,Good,0.924,0.858,Yes,No,Rust,Bollworm,Medium
KR_02361,2026-007-12,Kolhapur,Karveer,16.01797,77.25516,Tomato,Arka Rakshak,Flowering,Clay Loam,6.7,67.6,Brown Spot,Severe,54.7,Stem Borer,Light Trap,3,19.8,87.1,31.2,13.3,78.9,Good,0.99,0.497,Yes,Yes,Thrips,Thrips,High
KR_02362,2026-002-27,Satara,Phaltan,18.2363,75.31856,Tomato,Arka Rakshak,Vegetative,Black Soil,7.87,15.4,Blast,Severe,76.2,Leaf Miner,Light Trap,11,26.4,81.9,4.8,6.8,87.2,Good,0.79,0.724,Yes,Yes,Downy Mildew,Whitefly,High
KR_02363,2026-006-28,Kolhapur,Kagal,17.95258,76.4859,Soybean,MAUS-71,Seedling,Sandy Loam,6.44,42.8,Leaf Miner,Severe,79.8,Fruit Fly,Pheromone Trap,0,22.7,95.3,20.3,3.8,20.7,Good,0.955,0.622,Yes,Yes,Brown Spot,Aphids,High
KR_02364,2026-002-17,Nashik,Malegaon,17.81609,76.53469,Soybean,MAUS-71,Flowering,Black Soil,7.38,49.5,Healthy,Mild,3.3,Bollworm,Light Trap,5,36.5,62.2,38.3,4.7,64.1,Too Bright,0.48,0.9,Yes,Yes,Blast,Bollworm,Medium
KR_02365,2026-005-19,Satara,Phaltan,20.16105,77.86497,Soybean,JS-335,Fruiting,Black Soil,6.71,73.8,Bacterial Blight,Moderate,46.8,Fruit Fly,Light Trap,13,18.9,44.1,10.0,10.8,55.1,Too Dark,0.522,0.669,Yes,Yes,Stem Borer,Fruit Fly,Medium
KR_02366,2026-008-08,Ahmednagar,Shrigonda,16.16557,78.32157,Grapes,Sonaka,Vegetative,Sandy Loam,6.47,60.2,Rust,Mild,8.1,Bollworm,Pheromone Trap,8,20.3,44.8,18.1,18.8,92.8,Too Bright,0.396,0.776,Yes,Yes,Downy Mildew,Thrips,Low
KR_02367,2026-004-24,Kolhapur,Kagal,18.87951,78.6496,Cotton,RCH-659,Vegetative,Sandy Loam,7.19,59.3,Late Blight,Moderate,31.8,Bollworm,Light Trap,9,28.5,55.9,22.8,14.1,78.8,Good,0.996,0.488,No,Yes,Leaf Miner,Whitefly,Medium
KR_02368,2026-004-03,Solapur,Malshiras,17.63538,73.61718,Potato,Kufri Jyoti,Vegetative,Clay Loam,8.11,46.9,Thrips,Moderate,27.6,Whitefly,Pheromone Trap,0,23.7,61.1,11.6,19.1,43.2,Too Bright,0.541,0.8,Yes,Yes,Leaf Spot,Leaf Miner,Medium
KR_02369,2026-006-14,Ahmednagar,Shrigonda,20.22392,74.87095,Soybean,JS-335,Seedling,Black Soil,6.14,28.1,Bacterial Blight,Mild,8.9,Aphids,Light Trap,5,34.0,42.4,33.7,2.8,80.3,Poor Framing,0.378,0.652,Yes,Yes,Blast,Aphids,Low
KR_02370,2026-007-15,Solapur,Pandharpur,19.9843,77.33323,Soybean,MAUS-71,Fruiting,Black Soil,7.1,45.4,Healthy,Mild,2.2,Bollworm,Sticky Trap,5,21.0,38.9,14.8,2.4,76.6,Poor Framing,0.4,0.699,No,Yes,Leaf Miner,Leaf Miner,Low
KR_02371,2026-002-05,Nashik,Niphad,19.40605,78.78436,Potato,Kufri Pukhraj,Fruiting,Black Soil,6.2,34.5,Healthy,Mild,0.2,Bollworm,Pheromone Trap,13,29.1,82.8,25.9,16.2,71.7,Good,0.767,0.934,Yes,No,Bacterial Blight,Thrips,Medium
KR_02372,2026-002-08,Nanded,Hadgaon,19.95724,79.20761,Tomato,Hybrid-T1,Fruiting,Black Soil,7.06,45.8,Rust,Mild,15.0,Stem Borer,Sticky Trap,14,32.0,82.0,21.4,19.6,94.9,Too Bright,0.397,0.742,Yes,Yes,Late Blight,Aphids,Medium
KR_02373,2026-001-11,Nashik,Malegaon,19.66249,76.60059,Cotton,Bunny Bt,Fruiting,Loamy,6.56,67.9,Early Blight,Mild,17.6,Whitefly,Sticky Trap,15,25.7,44.0,16.7,20.4,62.5,Poor Framing,0.35,0.964,Yes,Yes,Bacterial Blight,Whitefly,Medium
KR_02374,2026-004-14,Pune,Baramati,19.81088,74.07438,Tomato,Hybrid-T1,Flowering,Sandy Loam,6.83,16.7,Leaf Spot,Mild,11.5,Leaf Miner,Pheromone Trap,0,29.5,81.8,38.6,17.9,26.9,Too Dark,0.291,0.53,Yes,Yes,Downy Mildew,Fruit Fly,Medium
KR_02375,2026-003-10,Ahmednagar,Kopargaon,17.64417,73.11266,Soybean,MAUS-71,Seedling,Sandy Loam,7.23,67.5,Early Blight,Moderate,29.0,Leaf Miner,Sticky Trap,7,30.9,46.1,3.0,5.3,69.5,Too Bright,0.523,0.923,Yes,Yes,Bollworm,Bollworm,Medium
KR_02376,2026-008-12,Pune,Indapur,20.47978,74.03956,Rice,Indrayani,Maturity,Loamy,7.74,27.7,Rust,Mild,5.3,Leaf Miner,Light Trap,1,33.9,75.9,36.8,18.0,64.2,Too Dark,0.552,0.825,Yes,Yes,Early Blight,Aphids,Medium
KR_02377,2026-006-12,Ahmednagar,Rahata,19.53894,73.14063,Potato,Kufri Jyoti,Flowering,Loamy,6.07,22.6,Brown Spot,Moderate,38.3,Whitefly,Pheromone Trap,0,21.9,59.3,26.3,15.9,34.5,Good,0.985,0.955,Yes,No,Bollworm,Stem Borer,Medium
KR_02378,2026-007-04,Satara,Koregaon,20.52552,75.10426,Potato,Kufri Pukhraj,Flowering,Loamy,6.37,35.5,Leaf Miner,Mild,8.9,Thrips,Light Trap,12,22.1,57.1,14.2,17.5,84.3,Good,0.803,0.552,Yes,Yes,Rust,Fruit Fly,Low
KR_02379,2026-002-04,Nashik,Dindori,16.42846,77.36216,Cotton,Bt Cotton,Fruiting,Loamy,8.07,56.8,Leaf Miner,Moderate,34.1,Leaf Miner,Pheromone Trap,0,28.2,81.8,5.6,6.2,85.2,Poor Framing,0.484,0.85,No,Yes,Leaf Miner,Bollworm,Medium
KR_02380,2026-007-22,Solapur,Pandharpur,19.64452,73.3174,Grapes,Sharad Seedless,Maturity,Loamy,7.95,27.4,Bacterial Blight,Severe,78.8,Thrips,Pheromone Trap,0,30.6,73.3,42.4,18.2,81.6,Good,0.79,0.914,Yes,No,Blast,Thrips,Medium
KR_02381,2026-001-06,Pune,Daund,17.46282,74.32553,Tomato,Abhinav,Maturity,Sandy Loam,6.39,47.5,Bollworm,Moderate,35.2,Fruit Fly,Pheromone Trap,0,25.2,69.2,44.6,11.0,69.4,Too Bright,0.467,0.72,Yes,Yes,Blast,Aphids,Medium
KR_02382,2026-001-03,Kolhapur,Hatkanangale,18.30299,74.77695,Rice,Basmati,Flowering,Sandy Loam,6.6,31.4,Leaf Mold,Severe,83.1,Fruit Fly,Sticky Trap,11,33.5,36.8,6.5,2.8,56.3,Good,0.814,0.528,Yes,Yes,Stem Borer,Stem Borer,Medium
KR_02383,2026-003-14,Kolhapur,Karveer,18.12776,76.74772,Rice,Phule Samruddhi,Vegetative,Black Soil,6.74,52.4,Thrips,Severe,63.1,Leaf Miner,Pheromone Trap,0,23.5,84.2,37.6,12.8,38.9,Good,0.991,0.625,Yes,Yes,Bacterial Blight,Whitefly,High
KR_02384,2026-008-04,Nashik,Malegaon,17.43318,77.43543,Soybean,MAUS-71,Seedling,Black Soil,8.03,36.6,Leaf Miner,Severe,63.2,Aphids,Pheromone Trap,0,37.0,53.4,29.7,9.8,59.0,Good,0.984,0.482,Yes,Yes,Brown Spot,Fruit Fly,Medium
KR_02385,2026-005-18,Solapur,Akkalkot,16.2379,73.75634,Tomato,Hybrid-T1,Vegetative,Loamy,7.45,64.6,Thrips,Severe,64.6,Stem Borer,Pheromone Trap,9,24.7,57.2,8.0,17.2,78.6,Good,0.756,0.813,No,No,Downy Mildew,Aphids,Medium
KR_02386,2026-004-14,Kolhapur,Karveer,19.95947,73.43108,Soybean,JS-335,Flowering,Clay Loam,6.97,34.0,Downy Mildew,Severe,83.3,Stem Borer,Sticky Trap,13,26.7,79.0,0.5,2.7,58.0,Poor Framing,0.414,0.958,No,Yes,Brown Spot,Aphids,Medium
KR_02387,2026-008-24,Sangli,Jat,18.55835,74.7873,Grapes,Thompson Seedless,Vegetative,Loamy,6.65,15.4,Leaf Mold,Severe,66.0,Whitefly,Pheromone Trap,6,33.8,41.9,43.9,18.4,35.5,Too Bright,0.638,0.869,Yes,Yes,Early Blight,Bollworm,Medium
KR_02388,2026-002-02,Satara,Karad,19.84801,77.04557,Grapes,Sharad Seedless,Vegetative,Black Soil,7.1,45.4,Early Blight,Severe,59.0,Aphids,Sticky Trap,7,35.9,87.1,2.2,8.6,59.1,Good,0.992,0.532,No,Yes,Stem Borer,Whitefly,High
KR_02389,2026-005-19,Nanded,Deglur,18.58328,76.34322,Potato,Kufri Jyoti,Fruiting,Loamy,8.13,37.3,Late Blight,Mild,5.3,Leaf Miner,Pheromone Trap,0,19.8,61.4,39.4,5.5,32.4,Good,0.936,0.475,Yes,Yes,Blast,Bollworm,Medium
KR_02390,2026-007-08,Nanded,Loha,19.97622,73.70247,Soybean,MAUS-71,Vegetative,Sandy Loam,6.18,36.3,Bollworm,Severe,81.0,Aphids,Sticky Trap,13,20.2,52.0,7.6,12.8,77.3,Blurry,0.387,0.568,No,Yes,Bacterial Blight,Stem Borer,Medium
KR_02391,2026-008-03,Sangli,Kavathe Mahankal,20.03574,76.45797,Cotton,Bunny Bt,Fruiting,Loamy,6.7,31.8,Early Blight,Moderate,28.6,Stem Borer,Pheromone Trap,0,24.2,78.6,35.7,5.7,39.8,Poor Framing,0.535,0.772,No,Yes,Bollworm,Aphids,Medium
KR_02392,2026-002-07,Satara,Koregaon,17.04587,75.88095,Soybean,MAUS-71,Vegetative,Black Soil,6.73,31.2,Brown Spot,Mild,17.5,Stem Borer,Sticky Trap,10,31.7,63.5,29.9,20.8,40.3,Good,0.813,0.828,Yes,No,Blast,Leaf Miner,Medium
KR_02393,2026-008-14,Ahmednagar,Rahata,17.07061,74.58306,Potato,Local-P1,Fruiting,Loamy,6.28,45.3,Rust,Moderate,42.7,Whitefly,Pheromone Trap,1,34.9,52.8,3.1,2.1,91.3,Poor Framing,0.469,0.713,Yes,Yes,Blast,Fruit Fly,Medium
KR_02394,2026-001-16,Solapur,Mangalwedhe,19.73391,75.63892,Grapes,Sharad Seedless,Fruiting,Sandy Loam,7.26,64.4,Bacterial Blight,Severe,56.6,Fruit Fly,Sticky Trap,7,30.8,37.0,35.0,19.0,57.0,Too Dark,0.469,0.836,Yes,Yes,Leaf Mold,Thrips,Medium
KR_02395,2026-003-21,Nashik,Malegaon,18.86182,78.71829,Soybean,MACS-1188,Fruiting,Loamy,6.62,45.4,Early Blight,Mild,14.1,Aphids,Sticky Trap,12,37.3,58.8,34.9,11.6,85.6,Good,0.853,0.928,Yes,No,Leaf Miner,Thrips,Low
KR_02396,2026-005-28,Sangli,Jat,18.01007,77.2164,Grapes,Sharad Seedless,Maturity,Clay Loam,7.1,48.3,Leaf Miner,Mild,16.3,Whitefly,Pheromone Trap,5,27.6,46.4,1.3,12.7,62.8,Good,0.806,0.881,No,No,Rust,Bollworm,Medium
KR_02397,2026-004-21,Satara,Wai,17.05888,76.27148,Potato,Local-P1,Seedling,Loamy,8.0,42.7,Bollworm,Mild,14.9,Fruit Fly,Sticky Trap,9,29.0,53.7,1.4,16.8,62.9,Too Dark,0.546,0.621,No,Yes,Powdery Mildew,Fruit Fly,Low
KR_02398,2026-004-15,Nanded,Deglur,20.62857,73.70918,Rice,Indrayani,Fruiting,Loamy,6.19,66.3,Brown Spot,Severe,73.8,Leaf Miner,Pheromone Trap,0,24.6,35.3,41.2,5.0,57.2,Good,0.808,0.796,Yes,No,Leaf Spot,Whitefly,Medium
KR_02399,2026-005-09,Solapur,Mangalwedhe,18.13588,75.00714,Potato,Kufri Pukhraj,Fruiting,Clay Loam,8.17,23.9,Leaf Miner,Mild,13.4,Aphids,Pheromone Trap,6,25.3,62.6,26.4,5.5,94.9,Too Bright,0.203,0.822,Yes,Yes,Stem Borer,Thrips,Medium
KR_02400,2026-005-04,Pune,Shirur,16.21733,75.49274,Soybean,MACS-1188,Maturity,Clay Loam,6.7,63.6,Healthy,Mild,1.4,Bollworm,Sticky Trap,7,23.1,86.0,39.7,7.5,27.4,Too Bright,0.249,0.93,Yes,Yes,Stem Borer,Thrips,Medium
KR_02401,2026-006-02,Nashik,Malegaon,20.09721,76.75125,Soybean,MACS-1188,Seedling,Loamy,6.54,26.7,Leaf Mold,Mild,15.8,Aphids,Pheromone Trap,0,22.3,71.4,30.7,20.5,60.5,Too Bright,0.428,0.515,Yes,Yes,Rust,Whitefly,Medium
KR_02402,2026-004-21,Satara,Koregaon,16.54931,74.7471,Potato,Local-P1,Fruiting,Black Soil,6.12,60.6,Bacterial Blight,Severe,61.9,Leaf Miner,Sticky Trap,2,18.0,73.5,22.6,7.9,69.7,Good,0.953,0.912,Yes,No,Leaf Spot,Stem Borer,Medium
KR_02403,2026-008-02,Sangli,Jat,19.91433,77.02369,Tomato,Abhinav,Seedling,Sandy Loam,8.08,62.3,Leaf Miner,Mild,12.3,Thrips,Pheromone Trap,0,31.3,72.5,29.5,19.0,76.3,Good,0.837,0.883,No,No,Leaf Spot,Leaf Miner,Medium
KR_02404,2026-008-05,Pune,Indapur,16.60327,79.00804,Tomato,Abhinav,Maturity,Loamy,7.79,39.4,Powdery Mildew,Moderate,31.4,Thrips,Pheromone Trap,0,30.6,73.8,8.5,5.5,57.1,Blurry,0.545,0.528,Yes,Yes,Bacterial Blight,Whitefly,Medium
KR_02405,2026-008-05,Sangli,Tasgaon,16.28255,79.49187,Tomato,Arka Rakshak,Flowering,Sandy Loam,7.51,42.9,Leaf Mold,Mild,18.2,Stem Borer,Light Trap,14,19.4,96.8,20.9,18.2,86.8,Good,0.951,0.831,No,No,Rust,Fruit Fly,Medium
KR_02406,2026-005-02,Sangli,Tasgaon,17.36439,77.85686,Tomato,Abhinav,Maturity,Sandy Loam,7.77,42.5,Early Blight,Mild,10.9,Stem Borer,Light Trap,9,34.8,87.1,25.8,20.8,81.9,Poor Framing,0.502,0.93,Yes,Yes,Stem Borer,Fruit Fly,Medium
KR_02407,2026-002-10,Kolhapur,Shirol,16.77839,77.87676,Grapes,Thompson Seedless,Maturity,Clay Loam,6.7,18.6,Thrips,Moderate,42.5,Thrips,Sticky Trap,6,33.9,51.5,5.2,17.1,50.6,Good,0.833,0.798,Yes,No,Stem Borer,Aphids,Medium
KR_02408,2026-008-17,Nanded,Hadgaon,17.87826,77.82527,Tomato,Abhinav,Fruiting,Black Soil,7.86,23.7,Leaf Spot,Mild,11.0,Fruit Fly,Pheromone Trap,0,24.3,50.4,12.2,22.0,36.9,Too Dark,0.334,0.563,Yes,Yes,Stem Borer,Leaf Miner,Low
KR_02409,2026-005-23,Nashik,Malegaon,16.64835,79.37827,Rice,Indrayani,Maturity,Clay Loam,7.51,17.6,Thrips,Moderate,27.8,Fruit Fly,Pheromone Trap,0,37.6,51.3,2.3,12.7,46.9,Good,0.934,0.89,No,No,Leaf Miner,Aphids,Medium
KR_02410,2026-003-06,Nashik,Niphad,21.18709,74.6321,Tomato,Abhinav,Flowering,Loamy,7.66,16.0,Thrips,Moderate,29.6,Whitefly,Pheromone Trap,0,21.7,68.2,3.3,4.0,54.0,Poor Framing,0.457,0.604,Yes,Yes,Late Blight,Stem Borer,Medium
KR_02411,2026-005-03,Nashik,Malegaon,19.43222,76.7265,Cotton,Bunny Bt,Fruiting,Clay Loam,6.34,72.0,Bollworm,Severe,78.9,Stem Borer,Sticky Trap,1,35.0,73.8,14.4,14.9,21.7,Too Bright,0.592,0.975,Yes,Yes,Powdery Mildew,Leaf Miner,Medium
KR_02412,2026-006-27,Ahmednagar,Sangamner,19.00482,78.40714,Potato,Kufri Pukhraj,Seedling,Black Soil,8.19,74.3,Leaf Mold,Severe,76.6,Whitefly,Pheromone Trap,0,21.3,42.6,40.9,13.8,85.7,Blurry,0.272,0.981,Yes,Yes,Downy Mildew,Leaf Miner,Medium
KR_02413,2026-002-09,Sangli,Kavathe Mahankal,17.22517,77.08796,Rice,Indrayani,Seedling,Clay Loam,7.81,63.8,Early Blight,Moderate,37.4,Aphids,Pheromone Trap,0,19.6,60.0,13.3,11.2,87.2,Good,0.959,0.859,Yes,No,Bacterial Blight,Stem Borer,Medium
KR_02414,2026-007-10,Ahmednagar,Shrigonda,21.48646,75.21134,Rice,Basmati,Maturity,Loamy,7.59,65.0,Downy Mildew,Mild,10.5,Stem Borer,Light Trap,5,32.0,76.4,5.5,18.4,51.8,Too Bright,0.364,0.821,Yes,Yes,Bollworm,Aphids,Medium
KR_02415,2026-006-03,Solapur,Akkalkot,17.16945,75.48847,Tomato,Abhinav,Fruiting,Black Soil,6.98,20.1,Downy Mildew,Severe,78.8,Stem Borer,Light Trap,10,22.5,90.8,8.3,19.8,68.2,Good,0.807,0.603,Yes,Yes,Bollworm,Thrips,High
KR_02416,2026-006-02,Sangli,Kavathe Mahankal,17.02098,76.42428,Grapes,Sharad Seedless,Flowering,Sandy Loam,6.98,32.4,Rust,Severe,57.6,Leaf Miner,Sticky Trap,7,32.8,38.5,2.4,11.4,60.3,Blurry,0.415,0.867,No,Yes,Early Blight,Stem Borer,Medium
KR_02417,2026-005-14,Nashik,Niphad,21.11987,78.45741,Soybean,JS-335,Flowering,Clay Loam,7.34,68.2,Powdery Mildew,Severe,51.9,Leaf Miner,Light Trap,2,28.2,54.6,13.6,17.8,57.1,Good,0.991,0.811,Yes,No,Rust,Leaf Miner,Medium
KR_02418,2026-008-06,Solapur,Pandharpur,20.68574,78.69705,Rice,Basmati,Vegetative,Clay Loam,6.29,61.8,Downy Mildew,Mild,7.2,Bollworm,Sticky Trap,2,27.1,60.8,33.7,8.7,52.6,Blurry,0.304,0.778,Yes,Yes,Powdery Mildew,Aphids,Medium
KR_02419,2026-004-09,Nanded,Loha,20.1677,79.02596,Cotton,Bt Cotton,Fruiting,Clay Loam,7.57,39.7,Late Blight,Moderate,40.9,Stem Borer,Pheromone Trap,12,34.0,97.4,21.1,4.4,39.1,Good,0.789,0.509,Yes,Yes,Leaf Mold,Thrips,High
KR_02420,2026-008-01,Kolhapur,Hatkanangale,19.99851,74.13291,Cotton,RCH-659,Maturity,Black Soil,7.0,31.3,Leaf Mold,Mild,11.3,Whitefly,Pheromone Trap,0,18.5,72.5,41.4,20.4,55.9,Too Bright,0.232,0.753,No,Yes,Powdery Mildew,Aphids,Medium
KR_02421,2026-007-24,Nashik,Malegaon,20.11799,75.27965,Grapes,Thompson Seedless,Seedling,Clay Loam,6.43,29.9,Leaf Miner,Severe,51.4,Aphids,Pheromone Trap,2,30.0,47.6,30.5,3.2,62.6,Poor Framing,0.282,0.987,Yes,Yes,Bacterial Blight,Fruit Fly,Medium
KR_02422,2026-004-11,Pune,Daund,16.23601,74.26296,Potato,Kufri Pukhraj,Fruiting,Clay Loam,7.16,27.8,Leaf Mold,Severe,76.7,Whitefly,Pheromone Trap,0,34.1,83.5,4.4,9.8,49.7,Poor Framing,0.489,0.815,No,Yes,Rust,Leaf Miner,High
KR_02423,2026-005-25,Kolhapur,Hatkanangale,17.06601,79.0815,Soybean,MAUS-71,Seedling,Clay Loam,7.73,62.2,Blast,Severe,82.1,Whitefly,Light Trap,15,23.2,89.8,26.2,16.2,56.4,Too Dark,0.519,0.587,Yes,Yes,Rust,Thrips,High
KR_02424,2026-002-19,Nashik,Sinnar,16.36656,74.40078,Potato,Kufri Pukhraj,Vegetative,Sandy Loam,7.25,28.8,Powdery Mildew,Moderate,42.7,Aphids,Pheromone Trap,11,23.4,84.6,24.4,17.0,78.4,Good,0.835,0.847,Yes,No,Early Blight,Aphids,High
KR_02425,2026-004-25,Sangli,Tasgaon,18.17697,77.98149,Cotton,RCH-659,Fruiting,Loamy,7.83,37.1,Powdery Mildew,Moderate,32.7,Stem Borer,Sticky Trap,1,25.2,43.7,41.2,10.2,82.3,Too Dark,0.463,0.573,No,Yes,Rust,Whitefly,Medium
KR_02426,2026-005-27,Nashik,Niphad,18.17797,77.0903,Grapes,Sharad Seedless,Flowering,Sandy Loam,6.09,58.7,Bollworm,Mild,16.9,Whitefly,Pheromone Trap,0,34.8,50.3,9.2,21.9,52.1,Too Dark,0.28,0.843,Yes,Yes,Leaf Spot,Whitefly,Medium
KR_02427,2026-005-26,Nashik,Malegaon,18.033,75.90439,Rice,Indrayani,Flowering,Sandy Loam,6.68,22.7,Leaf Spot,Mild,14.6,Stem Borer,Pheromone Trap,0,25.6,46.8,27.5,17.3,79.1,Poor Framing,0.43,0.468,Yes,Yes,Thrips,Leaf Miner,Low
KR_02428,2026-007-23,Sangli,Tasgaon,20.89859,77.39177,Soybean,JS-335,Fruiting,Black Soil,7.05,15.9,Powdery Mildew,Severe,63.5,Fruit Fly,Light Trap,8,24.1,49.4,41.0,21.7,64.0,Good,0.819,0.965,Yes,No,Bollworm,Bollworm,Medium
KR_02429,2026-002-14,Pune,Indapur,20.83274,77.18029,Grapes,Sonaka,Vegetative,Sandy Loam,6.04,55.7,Leaf Spot,Mild,16.3,Leaf Miner,Pheromone Trap,0,34.9,78.2,9.6,5.6,21.6,Blurry,0.424,0.681,No,Yes,Early Blight,Aphids,Medium
KR_02430,2026-003-03,Solapur,Pandharpur,17.88454,74.34718,Cotton,RCH-659,Vegetative,Black Soil,6.88,45.5,Bacterial Blight,Moderate,41.9,Leaf Miner,Pheromone Trap,0,23.5,53.4,42.5,8.6,93.0,Good,0.907,0.806,Yes,No,Blast,Whitefly,Medium
KR_02431,2026-004-17,Pune,Indapur,20.34318,77.11539,Grapes,Sharad Seedless,Flowering,Sandy Loam,6.51,73.4,Leaf Mold,Severe,84.2,Stem Borer,Light Trap,15,36.5,65.4,41.9,10.0,29.7,Good,0.764,0.464,Yes,Yes,Rust,Aphids,Medium
KR_02432,2026-002-02,Nanded,Loha,17.59849,75.81141,Tomato,Hybrid-T1,Maturity,Clay Loam,6.04,46.1,Stem Borer,Moderate,40.2,Bollworm,Pheromone Trap,5,36.0,82.7,35.1,7.1,61.9,Good,0.908,0.741,Yes,Yes,Late Blight,Thrips,High
KR_02433,2026-007-15,Kolhapur,Kagal,20.71568,73.29118,Tomato,Abhinav,Fruiting,Clay Loam,7.64,50.4,Early Blight,Mild,18.2,Fruit Fly,Light Trap,14,19.0,68.7,34.7,11.4,79.3,Good,1.0,0.574,Yes,Yes,Bacterial Blight,Fruit Fly,Medium
KR_02434,2026-006-07,Ahmednagar,Kopargaon,21.26278,78.60132,Cotton,RCH-659,Vegetative,Sandy Loam,6.09,45.9,Bacterial Blight,Moderate,42.5,Whitefly,Pheromone Trap,12,34.5,68.1,28.3,19.8,42.5,Good,0.92,0.567,Yes,Yes,Powdery Mildew,Aphids,Medium
KR_02435,2026-005-18,Ahmednagar,Sangamner,17.38476,78.13564,Cotton,Bt Cotton,Fruiting,Sandy Loam,7.11,30.5,Leaf Miner,Moderate,39.6,Aphids,Pheromone Trap,0,24.9,78.2,31.6,7.0,79.0,Too Dark,0.277,0.728,Yes,Yes,Bacterial Blight,Bollworm,Medium
KR_02436,2026-008-25,Solapur,Akkalkot,17.42393,76.71678,Soybean,MAUS-71,Maturity,Loamy,6.22,57.7,Thrips,Severe,81.1,Stem Borer,Light Trap,13,30.0,51.2,17.1,13.0,41.0,Good,0.846,0.846,No,No,Leaf Spot,Aphids,Medium
KR_02437,2026-004-14,Kolhapur,Shirol,16.1645,75.60753,Rice,Indrayani,Fruiting,Loamy,7.86,40.4,Bollworm,Mild,7.7,Aphids,Pheromone Trap,15,33.1,78.0,42.4,12.9,51.1,Too Bright,0.305,0.709,Yes,Yes,Downy Mildew,Aphids,Medium
KR_02438,2026-001-17,Solapur,Pandharpur,21.06507,78.62512,Soybean,MAUS-71,Vegetative,Clay Loam,6.71,40.8,Thrips,Moderate,34.5,Fruit Fly,Pheromone Trap,15,23.3,79.8,24.5,9.0,64.9,Blurry,0.431,0.823,Yes,Yes,Downy Mildew,Thrips,Medium
KR_02439,2026-002-14,Satara,Koregaon,18.66734,73.17962,Potato,Kufri Jyoti,Seedling,Loamy,6.43,56.4,Blast,Mild,9.1,Leaf Miner,Sticky Trap,3,36.5,84.6,8.3,7.5,72.4,Too Bright,0.42,0.62,Yes,Yes,Leaf Mold,Bollworm,Medium
KR_02440,2026-007-25,Satara,Wai,19.15338,78.97341,Potato,Kufri Pukhraj,Fruiting,Black Soil,7.11,19.2,Late Blight,Severe,81.8,Stem Borer,Light Trap,8,34.7,59.2,5.2,8.3,92.8,Too Dark,0.223,0.879,No,Yes,Leaf Mold,Aphids,Medium
KR_02441,2026-004-12,Pune,Daund,18.85157,76.72933,Potato,Local-P1,Maturity,Loamy,7.51,31.8,Brown Spot,Severe,73.9,Bollworm,Sticky Trap,7,30.8,86.7,30.1,19.7,36.9,Poor Framing,0.45,0.846,Yes,Yes,Rust,Stem Borer,High
KR_02442,2026-004-25,Kolhapur,Shirol,20.68192,79.04037,Potato,Kufri Jyoti,Maturity,Clay Loam,6.35,15.1,Bacterial Blight,Moderate,38.9,Fruit Fly,Sticky Trap,9,27.9,93.3,30.1,10.7,43.7,Too Bright,0.434,0.671,Yes,Yes,Late Blight,Fruit Fly,Medium
KR_02443,2026-002-19,Satara,Wai,20.4899,79.40269,Rice,Basmati,Vegetative,Sandy Loam,6.45,63.2,Downy Mildew,Severe,60.6,Bollworm,Pheromone Trap,0,30.0,53.9,12.9,13.4,24.5,Good,0.756,0.61,Yes,Yes,Early Blight,Fruit Fly,Medium
KR_02444,2026-003-03,Satara,Phaltan,17.73617,79.43086,Potato,Kufri Jyoti,Flowering,Clay Loam,7.57,64.6,Stem Borer,Severe,83.1,Bollworm,Sticky Trap,1,33.8,54.7,30.4,12.2,22.1,Good,0.894,0.653,Yes,Yes,Downy Mildew,Fruit Fly,Medium
KR_02445,2026-001-03,Satara,Koregaon,17.94013,73.99826,Tomato,Hybrid-T1,Fruiting,Sandy Loam,7.76,65.3,Stem Borer,Severe,84.7,Bollworm,Light Trap,7,36.5,51.4,41.3,19.6,89.7,Blurry,0.552,0.479,No,Yes,Rust,Aphids,Medium
KR_02446,2026-002-23,Solapur,Malshiras,21.34406,78.71545,Grapes,Thompson Seedless,Vegetative,Loamy,8.16,61.5,Rust,Severe,58.9,Thrips,Light Trap,2,37.5,65.0,34.7,18.9,71.6,Too Dark,0.358,0.954,Yes,Yes,Bacterial Blight,Bollworm,Medium
KR_02447,2026-002-01,Nanded,Hadgaon,18.75677,76.17004,Tomato,Abhinav,Seedling,Clay Loam,7.21,62.3,Blast,Severe,81.6,Thrips,Sticky Trap,10,22.1,67.7,2.6,15.0,25.1,Good,0.869,0.636,Yes,Yes,Leaf Miner,Thrips,Medium
KR_02448,2026-004-19,Solapur,Mangalwedhe,17.42097,76.16666,Soybean,MAUS-71,Flowering,Black Soil,6.96,34.7,Downy Mildew,Severe,61.9,Fruit Fly,Pheromone Trap,0,34.2,47.2,20.0,2.1,60.6,Blurry,0.647,0.923,Yes,Yes,Late Blight,Leaf Miner,Medium
KR_02449,2026-003-13,Pune,Daund,16.77951,78.5935,Cotton,RCH-659,Vegetative,Loamy,7.04,72.9,Early Blight,Moderate,49.6,Stem Borer,Sticky Trap,15,22.7,80.6,40.4,11.4,95.0,Good,0.848,0.46,Yes,Yes,Downy Mildew,Thrips,High
KR_02450,2026-004-12,Ahmednagar,Sangamner,20.92077,75.5202,Soybean,MACS-1188,Vegetative,Clay Loam,6.31,21.1,Leaf Mold,Severe,78.7,Stem Borer,Sticky Trap,1,20.9,72.3,17.7,4.6,57.7,Good,0.888,0.559,Yes,Yes,Leaf Mold,Fruit Fly,Medium
KR_02451,2026-003-18,Pune,Shirur,20.07023,79.02005,Rice,Basmati,Fruiting,Loamy,7.1,68.2,Late Blight,Moderate,35.7,Fruit Fly,Sticky Trap,5,24.6,74.0,5.6,12.4,60.0,Poor Framing,0.297,0.757,Yes,Yes,Stem Borer,Whitefly,Medium
KR_02452,2026-008-02,Satara,Koregaon,19.40325,77.57346,Grapes,Thompson Seedless,Flowering,Black Soil,7.71,67.9,Rust,Mild,10.6,Whitefly,Pheromone Trap,13,23.6,85.2,15.1,7.9,44.2,Good,0.796,0.979,Yes,No,Downy Mildew,Aphids,Medium
KR_02453,2026-005-05,Satara,Wai,19.21129,79.16903,Tomato,Abhinav,Seedling,Black Soil,7.52,66.9,Rust,Severe,66.1,Fruit Fly,Light Trap,8,33.0,81.6,31.0,20.3,20.0,Too Bright,0.549,0.619,Yes,Yes,Thrips,Aphids,High
KR_02454,2026-001-19,Nanded,Deglur,17.26632,74.39499,Rice,Indrayani,Fruiting,Clay Loam,6.44,23.8,Late Blight,Moderate,37.1,Stem Borer,Pheromone Trap,0,21.3,45.0,40.9,8.3,25.5,Poor Framing,0.599,0.934,Yes,Yes,Stem Borer,Aphids,Medium
KR_02455,2026-008-18,Pune,Shirur,21.45189,77.67016,Potato,Kufri Jyoti,Vegetative,Clay Loam,7.64,18.1,Bacterial Blight,Moderate,47.3,Fruit Fly,Pheromone Trap,4,28.2,84.4,27.4,2.4,52.6,Good,0.759,0.561,Yes,Yes,Late Blight,Leaf Miner,High
KR_02456,2026-006-19,Satara,Karad,20.60146,78.88339,Grapes,Sharad Seedless,Vegetative,Clay Loam,6.87,15.4,Leaf Mold,Severe,72.0,Leaf Miner,Sticky Trap,2,28.9,36.4,30.0,17.5,65.7,Good,0.832,0.881,Yes,No,Thrips,Bollworm,Medium
KR_02457,2026-008-24,Kolhapur,Shirol,18.25028,73.39453,Tomato,Arka Rakshak,Vegetative,Sandy Loam,8.15,68.5,Leaf Spot,Mild,14.9,Bollworm,Pheromone Trap,0,37.8,72.8,21.8,4.1,90.2,Poor Framing,0.363,0.688,Yes,Yes,Leaf Spot,Aphids,Medium
KR_02458,2026-001-02,Kolhapur,Shirol,19.06897,76.62554,Tomato,Arka Rakshak,Maturity,Sandy Loam,6.8,27.7,Brown Spot,Severe,75.2,Whitefly,Pheromone Trap,6,36.9,82.1,18.9,6.3,38.3,Poor Framing,0.465,0.52,Yes,Yes,Downy Mildew,Aphids,High
KR_02459,2026-008-27,Nanded,Deglur,20.6665,78.5259,Potato,Kufri Pukhraj,Fruiting,Loamy,7.69,56.2,Leaf Mold,Moderate,41.9,Stem Borer,Pheromone Trap,0,29.8,97.9,24.6,18.5,67.5,Poor Framing,0.287,0.821,Yes,Yes,Bollworm,Fruit Fly,High
KR_02460,2026-001-06,Ahmednagar,Kopargaon,18.0875,78.58834,Tomato,Hybrid-T1,Vegetative,Black Soil,6.08,65.8,Early Blight,Mild,7.5,Stem Borer,Pheromone Trap,7,21.6,61.5,19.3,5.4,93.0,Good,0.854,0.496,Yes,Yes,Leaf Mold,Bollworm,Medium
KR_02461,2026-003-19,Satara,Karad,17.10686,77.88108,Cotton,Bt Cotton,Vegetative,Sandy Loam,6.69,50.8,Powdery Mildew,Severe,55.4,Aphids,Pheromone Trap,0,22.6,56.8,28.3,5.2,75.8,Good,0.911,0.734,Yes,Yes,Rust,Aphids,Medium
KR_02462,2026-002-21,Satara,Wai,18.57527,74.28176,Rice,Phule Samruddhi,Maturity,Black Soil,6.28,16.0,Leaf Mold,Mild,7.2,Whitefly,Sticky Trap,7,19.0,39.3,4.0,14.8,86.6,Good,0.979,0.709,Yes,Yes,Leaf Miner,Aphids,Low
KR_02463,2026-001-17,Satara,Koregaon,16.48018,74.71544,Rice,Basmati,Fruiting,Clay Loam,8.08,72.0,Leaf Spot,Mild,6.2,Stem Borer,Pheromone Trap,6,21.6,89.4,32.6,16.1,22.6,Too Dark,0.236,0.778,Yes,Yes,Leaf Spot,Fruit Fly,Medium
KR_02464,2026-008-08,Sangli,Jat,16.45821,77.50928,Tomato,Hybrid-T1,Flowering,Black Soil,6.36,24.7,Leaf Miner,Moderate,21.8,Bollworm,Pheromone Trap,0,37.5,92.0,20.5,17.3,44.9,Too Dark,0.282,0.702,No,Yes,Bacterial Blight,Aphids,Medium
KR_02465,2026-006-20,Solapur,Akkalkot,19.3906,73.61555,Potato,Local-P1,Fruiting,Black Soil,7.32,16.9,Thrips,Mild,9.5,Whitefly,Light Trap,12,28.8,85.0,5.4,11.9,76.4,Good,0.761,0.639,No,Yes,Late Blight,Whitefly,Medium
KR_02466,2026-006-24,Pune,Shirur,18.57164,78.69329,Grapes,Sharad Seedless,Vegetative,Clay Loam,8.03,43.4,Bacterial Blight,Severe,52.0,Thrips,Sticky Trap,11,21.9,81.1,32.4,11.5,21.0,Too Bright,0.541,0.762,No,Yes,Rust,Whitefly,High
KR_02467,2026-002-02,Ahmednagar,Sangamner,21.05305,75.45141,Tomato,Hybrid-T1,Flowering,Clay Loam,7.11,19.4,Blast,Moderate,30.5,Stem Borer,Pheromone Trap,0,27.4,36.5,38.0,9.2,52.0,Blurry,0.609,0.983,Yes,Yes,Rust,Leaf Miner,Medium
KR_02468,2026-004-09,Kolhapur,Kagal,20.27966,73.21449,Soybean,JS-335,Vegetative,Clay Loam,6.51,38.4,Stem Borer,Severe,52.3,Fruit Fly,Light Trap,9,18.4,80.4,41.9,15.0,62.1,Good,0.98,0.682,No,Yes,Leaf Miner,Fruit Fly,High
KR_02469,2026-004-09,Nanded,Deglur,17.73072,77.852,Tomato,Abhinav,Seedling,Clay Loam,6.66,33.3,Brown Spot,Severe,59.2,Stem Borer,Sticky Trap,7,26.0,61.1,9.8,19.9,27.2,Poor Framing,0.435,0.836,No,Yes,Bollworm,Whitefly,Medium
KR_02470,2026-002-26,Kolhapur,Shirol,17.75366,75.19165,Rice,Basmati,Maturity,Loamy,7.02,43.3,Powdery Mildew,Moderate,22.7,Whitefly,Light Trap,2,36.3,59.7,2.6,6.1,28.7,Too Bright,0.636,0.942,Yes,Yes,Rust,Aphids,Medium
KR_02471,2026-007-22,Nanded,Loha,19.66266,76.4091,Potato,Local-P1,Maturity,Loamy,6.13,18.5,Brown Spot,Moderate,48.6,Thrips,Pheromone Trap,9,24.0,86.4,2.3,14.8,84.2,Good,0.908,0.464,Yes,Yes,Late Blight,Leaf Miner,High
KR_02472,2026-003-09,Ahmednagar,Kopargaon,17.83853,78.94574,Soybean,JS-335,Maturity,Black Soil,8.06,68.9,Leaf Miner,Moderate,42.2,Leaf Miner,Sticky Trap,14,28.1,83.4,26.9,6.0,67.9,Good,0.756,0.806,No,No,Leaf Spot,Aphids,High
KR_02473,2026-008-01,Pune,Baramati,21.32371,78.04742,Soybean,JS-335,Fruiting,Loamy,6.42,44.9,Powdery Mildew,Moderate,42.8,Bollworm,Pheromone Trap,0,24.6,49.1,37.8,17.2,28.7,Too Dark,0.272,0.517,Yes,Yes,Downy Mildew,Stem Borer,Medium
KR_02474,2026-004-17,Kolhapur,Hatkanangale,20.0747,75.06378,Rice,Indrayani,Seedling,Loamy,7.72,73.2,Brown Spot,Severe,60.3,Whitefly,Light Trap,2,35.1,92.5,16.1,6.4,55.5,Good,0.992,0.832,No,No,Rust,Stem Borer,High
KR_02475,2026-008-05,Satara,Karad,18.95854,78.37241,Soybean,MACS-1188,Seedling,Loamy,7.58,62.3,Leaf Spot,Moderate,44.2,Stem Borer,Sticky Trap,1,27.7,93.1,35.0,15.7,62.9,Poor Framing,0.565,0.619,Yes,Yes,Leaf Mold,Leaf Miner,High
KR_02476,2026-004-03,Sangli,Jat,20.43844,75.83546,Potato,Kufri Jyoti,Vegetative,Sandy Loam,6.75,62.3,Rust,Severe,72.5,Fruit Fly,Pheromone Trap,10,31.9,88.7,29.6,4.4,46.0,Good,0.752,0.949,Yes,No,Leaf Spot,Aphids,High
KR_02477,2026-002-05,Nashik,Niphad,20.65163,73.46107,Potato,Local-P1,Maturity,Loamy,7.52,39.6,Leaf Mold,Mild,12.3,Stem Borer,Pheromone Trap,9,37.5,40.4,35.2,19.7,81.5,Too Bright,0.409,0.654,No,Yes,Leaf Spot,Aphids,Low
KR_02478,2026-006-19,Sangli,Miraj,19.78901,78.79835,Tomato,Abhinav,Flowering,Loamy,7.34,63.2,Rust,Severe,55.6,Aphids,Light Trap,5,37.0,84.4,43.0,7.4,69.6,Good,0.802,0.483,Yes,Yes,Blast,Fruit Fly,High
KR_02479,2026-004-15,Pune,Daund,18.81172,75.94151,Grapes,Thompson Seedless,Fruiting,Sandy Loam,7.6,29.8,Rust,Severe,50.0,Thrips,Pheromone Trap,0,28.8,82.9,9.1,3.2,55.1,Poor Framing,0.292,0.846,Yes,Yes,Bollworm,Stem Borer,High
KR_02480,2026-006-07,Solapur,Mangalwedhe,16.67389,79.26735,Potato,Kufri Pukhraj,Vegetative,Sandy Loam,7.43,23.0,Bacterial Blight,Moderate,32.2,Fruit Fly,Sticky Trap,5,34.3,66.1,29.0,9.6,27.2,Good,0.756,0.787,Yes,No,Stem Borer,Stem Borer,Medium
KR_02481,2026-001-07,Pune,Daund,21.02686,77.90391,Soybean,MAUS-71,Vegetative,Sandy Loam,6.74,25.8,Rust,Mild,15.4,Stem Borer,Pheromone Trap,7,26.5,89.6,19.6,19.2,47.5,Good,0.758,0.549,Yes,Yes,Bollworm,Bollworm,Medium
KR_02482,2026-002-08,Nanded,Deglur,19.20705,75.93303,Grapes,Thompson Seedless,Flowering,Sandy Loam,7.09,19.4,Leaf Miner,Mild,15.5,Whitefly,Light Trap,7,30.8,54.0,14.5,11.5,85.0,Poor Framing,0.568,0.524,Yes,Yes,Bollworm,Bollworm,Medium
KR_02483,2026-005-20,Ahmednagar,Sangamner,20.41471,78.6627,Soybean,MACS-1188,Maturity,Loamy,7.27,41.0,Leaf Mold,Mild,7.7,Bollworm,Light Trap,13,37.1,83.5,28.9,6.3,47.4,Too Bright,0.489,0.573,Yes,Yes,Blast,Stem Borer,Medium
KR_02484,2026-002-16,Satara,Karad,19.08294,75.77153,Grapes,Thompson Seedless,Flowering,Sandy Loam,6.41,72.5,Thrips,Moderate,23.4,Fruit Fly,Pheromone Trap,14,25.3,70.6,42.2,12.8,55.7,Blurry,0.509,0.473,No,Yes,Leaf Mold,Thrips,Medium
KR_02485,2026-002-06,Nanded,Hadgaon,18.67324,75.5039,Potato,Kufri Pukhraj,Flowering,Clay Loam,6.68,53.8,Blast,Mild,13.7,Thrips,Sticky Trap,5,27.9,91.9,14.0,13.7,69.3,Good,0.992,0.957,Yes,No,Late Blight,Aphids,Medium
KR_02486,2026-001-12,Solapur,Mangalwedhe,18.42546,79.36613,Soybean,JS-335,Maturity,Black Soil,7.18,37.8,Blast,Mild,9.0,Thrips,Light Trap,11,26.8,78.7,43.5,6.0,90.5,Too Dark,0.455,0.57,No,Yes,Rust,Fruit Fly,Medium
KR_02487,2026-004-17,Kolhapur,Shirol,19.21075,77.2104,Cotton,RCH-659,Maturity,Loamy,6.61,64.6,Powdery Mildew,Mild,6.0,Fruit Fly,Pheromone Trap,0,34.8,80.7,18.1,2.9,21.3,Good,0.938,0.775,Yes,No,Late Blight,Aphids,Medium
KR_02488,2026-001-23,Pune,Daund,20.18318,75.57608,Grapes,Sonaka,Fruiting,Loamy,6.16,37.3,Blast,Mild,7.1,Bollworm,Light Trap,4,24.1,56.7,17.5,14.2,93.0,Too Dark,0.209,0.51,Yes,Yes,Stem Borer,Stem Borer,Low
KR_02489,2026-002-05,Solapur,Mangalwedhe,18.49861,75.3541,Tomato,Abhinav,Vegetative,Clay Loam,6.99,21.9,Leaf Spot,Mild,19.4,Stem Borer,Pheromone Trap,0,19.5,85.1,16.2,5.9,85.9,Blurry,0.469,0.523,Yes,Yes,Leaf Miner,Thrips,Medium
KR_02490,2026-005-05,Nashik,Dindori,20.03566,73.52217,Potato,Kufri Jyoti,Flowering,Black Soil,6.12,44.7,Early Blight,Mild,10.8,Fruit Fly,Pheromone Trap,4,21.3,49.1,21.9,2.8,74.5,Too Bright,0.296,0.654,Yes,Yes,Bacterial Blight,Stem Borer,Low
KR_02491,2026-004-10,Kolhapur,Karveer,16.9473,73.89965,Grapes,Thompson Seedless,Fruiting,Loamy,7.1,29.8,Early Blight,Mild,9.6,Thrips,Sticky Trap,11,25.6,83.7,41.6,15.4,33.5,Good,0.915,0.628,No,Yes,Powdery Mildew,Fruit Fly,Medium
KR_02492,2026-003-01,Kolhapur,Shirol,20.50932,74.42328,Potato,Kufri Pukhraj,Seedling,Black Soil,7.58,49.5,Bollworm,Mild,9.3,Aphids,Sticky Trap,5,20.2,88.5,27.0,21.6,46.7,Too Dark,0.422,0.537,Yes,Yes,Blast,Whitefly,Medium
KR_02493,2026-008-05,Nashik,Sinnar,20.22583,77.01582,Soybean,MACS-1188,Maturity,Loamy,7.34,39.5,Rust,Severe,62.9,Bollworm,Pheromone Trap,6,24.9,83.5,26.7,7.7,75.0,Good,0.946,0.774,Yes,No,Bollworm,Whitefly,High
KR_02494,2026-007-09,Ahmednagar,Sangamner,16.89968,74.50238,Tomato,Abhinav,Vegetative,Loamy,7.07,36.2,Leaf Mold,Moderate,39.1,Aphids,Sticky Trap,8,28.8,40.8,43.6,5.9,87.6,Good,0.966,0.976,Yes,No,Leaf Spot,Thrips,Medium
KR_02495,2026-002-07,Sangli,Kavathe Mahankal,19.8208,76.99997,Grapes,Thompson Seedless,Fruiting,Black Soil,6.78,21.4,Leaf Miner,Moderate,22.8,Fruit Fly,Pheromone Trap,0,31.0,49.1,10.3,20.1,37.4,Blurry,0.275,0.791,Yes,Yes,Thrips,Aphids,Medium
KR_02496,2026-007-25,Sangli,Miraj,16.62284,78.03568,Cotton,Bunny Bt,Vegetative,Clay Loam,6.18,68.7,Rust,Mild,17.3,Thrips,Pheromone Trap,0,36.7,75.0,5.8,2.6,93.2,Blurry,0.303,0.892,Yes,Yes,Leaf Miner,Thrips,Medium
KR_02497,2026-003-20,Solapur,Akkalkot,18.9642,77.09152,Potato,Kufri Pukhraj,Fruiting,Sandy Loam,6.51,60.0,Healthy,Mild,3.1,Bollworm,Light Trap,13,23.7,95.6,18.3,6.6,64.6,Too Dark,0.429,0.695,Yes,Yes,Blast,Bollworm,Medium
KR_02498,2026-001-23,Sangli,Jat,16.47527,73.11703,Potato,Kufri Pukhraj,Flowering,Loamy,7.16,26.4,Healthy,Mild,4.1,Bollworm,Sticky Trap,3,36.7,58.3,5.8,16.4,65.5,Too Bright,0.425,0.664,Yes,Yes,Powdery Mildew,Thrips,Low
KR_02499,2026-007-26,Pune,Shirur,19.99154,77.91311,Grapes,Thompson Seedless,Vegetative,Loamy,6.38,51.0,Downy Mildew,Severe,52.5,Bollworm,Light Trap,7,24.2,78.0,5.0,3.5,27.0,Poor Framing,0.373,0.898,Yes,Yes,Leaf Miner,Stem Borer,Medium
KR_02500,2026-004-23,Sangli,Tasgaon,17.05532,75.69979,Tomato,Abhinav,Fruiting,Loamy,6.95,16.1,Blast,Mild,5.1,Stem Borer,Pheromone Trap,0,22.0,45.1,1.8,2.3,59.6,Too Bright,0.587,0.615,Yes,Yes,Early Blight,Bollworm,Low
KR_02501,2026-003-24,Kolhapur,Karveer,17.34844,78.72666,Soybean,JS-335,Vegetative,Loamy,6.22,24.7,Leaf Mold,Mild,9.7,Leaf Miner,Pheromone Trap,3,28.1,87.5,6.5,16.8,29.3,Good,0.941,0.461,Yes,Yes,Bollworm,Aphids,Medium
KR_02502,2026-008-27,Nashik,Malegaon,16.37714,78.50036,Cotton,Bt Cotton,Seedling,Black Soil,8.13,60.4,Healthy,Mild,4.6,Bollworm,Pheromone Trap,0,35.0,72.8,36.4,8.0,56.2,Good,0.82,0.814,No,No,Rust,Aphids,Medium
KR_02503,2026-008-13,Ahmednagar,Shrigonda,19.68884,74.56697,Soybean,MACS-1188,Maturity,Clay Loam,6.73,19.6,Leaf Mold,Severe,72.1,Thrips,Sticky Trap,15,22.3,55.6,36.4,5.3,26.0,Too Bright,0.417,0.825,Yes,Yes,Thrips,Aphids,Medium
KR_02504,2026-002-14,Satara,Koregaon,17.25502,73.82802,Grapes,Thompson Seedless,Seedling,Clay Loam,8.0,64.1,Bollworm,Moderate,35.4,Bollworm,Light Trap,15,36.5,85.0,30.0,7.7,63.6,Too Bright,0.296,0.674,Yes,Yes,Leaf Spot,Leaf Miner,Medium
KR_02505,2026-008-18,Nanded,Loha,17.22921,73.20117,Grapes,Sonaka,Fruiting,Loamy,6.33,68.2,Thrips,Moderate,31.2,Whitefly,Sticky Trap,7,22.2,42.5,37.1,4.0,35.9,Too Dark,0.477,0.744,No,Yes,Bacterial Blight,Fruit Fly,Medium
KR_02506,2026-007-26,Satara,Koregaon,21.44094,74.35639,Rice,Basmati,Flowering,Sandy Loam,6.3,31.4,Leaf Miner,Mild,14.8,Thrips,Pheromone Trap,15,33.2,44.1,13.6,2.3,39.4,Good,0.988,0.526,Yes,Yes,Thrips,Leaf Miner,Low
KR_02507,2026-007-14,Sangli,Kavathe Mahankal,18.48597,73.08166,Grapes,Sonaka,Vegetative,Clay Loam,8.16,44.2,Early Blight,Moderate,25.2,Bollworm,Pheromone Trap,4,37.9,68.8,23.0,13.3,35.0,Too Dark,0.212,0.831,Yes,Yes,Downy Mildew,Stem Borer,Medium
KR_02508,2026-008-13,Solapur,Pandharpur,20.54263,75.55067,Cotton,Bunny Bt,Fruiting,Clay Loam,7.63,35.7,Powdery Mildew,Severe,53.6,Aphids,Light Trap,11,37.0,79.9,19.2,4.9,56.9,Too Bright,0.559,0.653,Yes,Yes,Blast,Fruit Fly,Medium
KR_02509,2026-001-04,Ahmednagar,Rahata,20.31643,76.66339,Grapes,Thompson Seedless,Maturity,Black Soil,6.4,72.2,Rust,Moderate,40.9,Stem Borer,Pheromone Trap,12,28.9,55.9,13.1,8.3,48.4,Good,0.824,0.694,Yes,Yes,Stem Borer,Aphids,Medium
KR_02510,2026-007-26,Nashik,Sinnar,19.64602,76.32614,Tomato,Hybrid-T1,Maturity,Black Soil,6.52,22.7,Late Blight,Mild,18.2,Bollworm,Pheromone Trap,7,33.0,49.3,39.4,5.2,69.2,Poor Framing,0.228,0.632,Yes,Yes,Rust,Thrips,Medium
KR_02511,2026-006-12,Nanded,Loha,19.14785,74.25385,Soybean,MACS-1188,Vegetative,Black Soil,6.42,31.1,Early Blight,Mild,18.8,Stem Borer,Light Trap,10,34.8,80.5,28.7,4.6,26.7,Good,0.97,0.547,Yes,Yes,Late Blight,Aphids,Medium
KR_02512,2026-006-03,Sangli,Jat,21.1085,75.79027,Rice,Phule Samruddhi,Seedling,Black Soil,6.11,27.0,Bacterial Blight,Severe,62.8,Whitefly,Pheromone Trap,0,26.6,63.3,32.9,7.4,92.6,Good,0.909,0.88,Yes,No,Powdery Mildew,Leaf Miner,Medium
KR_02513,2026-005-12,Ahmednagar,Rahata,16.46961,79.47208,Tomato,Arka Rakshak,Fruiting,Loamy,7.06,31.4,Brown Spot,Severe,52.3,Whitefly,Pheromone Trap,0,25.3,49.8,20.2,20.8,76.3,Blurry,0.559,0.864,No,Yes,Blast,Fruit Fly,Medium
KR_02514,2026-003-21,Solapur,Akkalkot,19.50405,74.33344,Tomato,Abhinav,Fruiting,Sandy Loam,6.53,27.4,Leaf Miner,Severe,54.1,Thrips,Pheromone Trap,14,23.9,75.7,8.7,20.8,36.1,Good,0.991,0.533,No,Yes,Downy Mildew,Aphids,Medium
KR_02515,2026-004-09,Solapur,Akkalkot,16.17633,74.60216,Rice,Phule Samruddhi,Fruiting,Black Soil,6.53,41.1,Bacterial Blight,Severe,65.5,Bollworm,Light Trap,12,30.1,51.9,17.3,10.6,23.3,Good,0.898,0.578,No,Yes,Bacterial Blight,Stem Borer,Medium
KR_02516,2026-001-14,Kolhapur,Shirol,19.5915,75.52695,Tomato,Abhinav,Seedling,Loamy,7.74,41.3,Leaf Mold,Severe,80.9,Stem Borer,Sticky Trap,3,36.9,56.2,15.0,19.8,86.1,Good,0.905,0.591,Yes,Yes,Powdery Mildew,Aphids,Medium
KR_02517,2026-005-27,Ahmednagar,Kopargaon,17.27675,74.51411,Soybean,MAUS-71,Seedling,Sandy Loam,7.93,19.7,Downy Mildew,Severe,57.6,Thrips,Sticky Trap,4,25.6,53.4,35.7,5.5,22.3,Poor Framing,0.299,0.546,Yes,Yes,Late Blight,Stem Borer,Medium
KR_02518,2026-007-01,Sangli,Jat,18.22877,76.80301,Tomato,Arka Rakshak,Seedling,Clay Loam,7.93,53.1,Downy Mildew,Severe,54.0,Fruit Fly,Pheromone Trap,0,25.2,64.4,29.3,2.4,56.5,Too Bright,0.464,0.758,Yes,Yes,Leaf Mold,Aphids,Medium
KR_02519,2026-003-27,Pune,Shirur,17.89195,78.56255,Grapes,Sonaka,Vegetative,Loamy,8.09,30.9,Blast,Severe,81.2,Stem Borer,Pheromone Trap,0,24.2,38.2,18.4,9.0,49.4,Good,0.758,0.873,No,No,Powdery Mildew,Aphids,Medium
KR_02520,2026-001-06,Pune,Baramati,19.41282,78.96862,Cotton,RCH-659,Flowering,Sandy Loam,6.02,33.6,Blast,Moderate,39.9,Bollworm,Light Trap,6,26.0,43.9,19.6,4.7,50.9,Too Dark,0.356,0.526,Yes,Yes,Downy Mildew,Thrips,Medium
KR_02521,2026-001-24,Ahmednagar,Kopargaon,20.32707,78.30003,Tomato,Hybrid-T1,Vegetative,Clay Loam,7.1,38.1,Rust,Severe,62.0,Bollworm,Sticky Trap,7,37.2,39.6,12.3,17.5,21.6,Good,0.817,0.653,Yes,Yes,Powdery Mildew,Aphids,Medium
KR_02522,2026-005-19,Satara,Karad,21.25031,73.89084,Soybean,JS-335,Seedling,Clay Loam,6.27,23.0,Stem Borer,Severe,51.4,Whitefly,Pheromone Trap,2,29.7,47.3,17.6,14.7,89.5,Blurry,0.484,0.865,No,Yes,Brown Spot,Whitefly,Medium
KR_02523,2026-008-21,Kolhapur,Karveer,16.15116,76.32888,Cotton,Bunny Bt,Vegetative,Clay Loam,8.08,70.8,Leaf Spot,Severe,73.2,Fruit Fly,Pheromone Trap,3,20.7,93.2,9.8,21.0,43.3,Good,0.962,0.493,Yes,Yes,Late Blight,Aphids,High
KR_02524,2026-003-27,Solapur,Malshiras,20.79224,77.75926,Cotton,Bunny Bt,Maturity,Loamy,6.17,66.7,Bollworm,Mild,5.3,Leaf Miner,Pheromone Trap,0,24.3,49.5,15.4,17.9,38.3,Poor Framing,0.275,0.728,Yes,Yes,Powdery Mildew,Bollworm,Low
KR_02525,2026-007-21,Nashik,Sinnar,19.82926,78.98486,Tomato,Hybrid-T1,Seedling,Black Soil,6.96,49.3,Leaf Spot,Moderate,48.9,Fruit Fly,Light Trap,7,34.7,46.3,9.8,19.5,63.9,Good,0.958,0.505,Yes,Yes,Rust,Aphids,Medium
KR_02526,2026-008-16,Nashik,Malegaon,20.12907,73.96048,Tomato,Hybrid-T1,Seedling,Black Soil,6.83,65.6,Bollworm,Mild,6.3,Stem Borer,Pheromone Trap,0,36.7,64.3,43.3,20.3,27.9,Too Dark,0.409,0.648,Yes,Yes,Leaf Mold,Aphids,Medium
KR_02527,2026-003-26,Satara,Phaltan,18.76972,78.39768,Potato,Local-P1,Fruiting,Sandy Loam,7.99,36.0,Healthy,Mild,3.3,Bollworm,Light Trap,6,35.7,49.7,43.9,20.6,23.8,Good,0.859,0.93,No,No,Leaf Spot,Aphids,Low
KR_02528,2026-001-01,Nanded,Loha,17.74631,77.38886,Potato,Kufri Jyoti,Flowering,Loamy,7.49,56.9,Powdery Mildew,Severe,65.0,Aphids,Pheromone Trap,0,28.8,72.2,5.0,7.6,73.6,Good,0.913,0.512,Yes,Yes,Stem Borer,Whitefly,Medium
KR_02529,2026-007-11,Kolhapur,Hatkanangale,19.33441,74.01903,Potato,Kufri Jyoti,Fruiting,Sandy Loam,6.88,21.1,Leaf Miner,Moderate,43.3,Bollworm,Pheromone Trap,8,18.7,38.1,37.4,18.9,31.8,Too Bright,0.559,0.575,Yes,Yes,Leaf Mold,Leaf Miner,Medium
KR_02530,2026-008-06,Sangli,Kavathe Mahankal,20.9021,76.95476,Tomato,Arka Rakshak,Vegetative,Black Soil,6.42,19.2,Early Blight,Severe,64.6,Whitefly,Pheromone Trap,0,27.3,96.4,44.0,20.2,69.4,Poor Framing,0.622,0.803,No,Yes,Rust,Thrips,High
KR_02531,2026-004-22,Sangli,Jat,18.19073,74.24368,Potato,Kufri Pukhraj,Vegetative,Black Soil,6.34,22.0,Thrips,Mild,14.9,Bollworm,Pheromone Trap,0,30.1,96.2,4.9,14.5,64.2,Good,0.996,0.89,Yes,No,Downy Mildew,Bollworm,Medium
KR_02532,2026-007-18,Pune,Daund,16.00055,78.7378,Potato,Local-P1,Fruiting,Sandy Loam,7.91,20.1,Bollworm,Severe,53.2,Bollworm,Pheromone Trap,12,24.8,77.4,10.3,11.5,47.0,Blurry,0.302,0.805,Yes,Yes,Thrips,Stem Borer,Medium
KR_02533,2026-004-07,Pune,Baramati,18.11345,78.37644,Cotton,Bunny Bt,Seedling,Black Soil,6.42,41.6,Downy Mildew,Mild,12.0,Aphids,Pheromone Trap,8,36.6,86.3,23.3,8.6,72.1,Too Bright,0.639,0.457,Yes,Yes,Rust,Aphids,Medium
KR_02534,2026-006-15,Ahmednagar,Sangamner,18.25761,74.88931,Cotton,RCH-659,Fruiting,Clay Loam,7.98,65.1,Thrips,Moderate,30.5,Thrips,Pheromone Trap,0,19.2,37.8,6.1,10.2,52.1,Too Dark,0.474,0.689,Yes,Yes,Stem Borer,Aphids,Medium
KR_02535,2026-003-15,Pune,Indapur,18.87861,79.25652,Rice,Phule Samruddhi,Flowering,Loamy,7.36,55.8,Thrips,Mild,16.7,Aphids,Light Trap,10,23.0,63.4,0.4,15.3,74.0,Good,0.888,0.673,Yes,Yes,Blast,Stem Borer,Medium
KR_02536,2026-003-27,Satara,Wai,17.40866,78.51045,Rice,Basmati,Vegetative,Loamy,6.6,63.8,Stem Borer,Mild,5.5,Fruit Fly,Pheromone Trap,0,20.7,90.5,33.6,7.6,66.1,Good,0.993,0.986,Yes,No,Leaf Spot,Aphids,Medium
KR_02537,2026-007-23,Nashik,Niphad,16.63878,77.30893,Cotton,Bunny Bt,Maturity,Black Soil,6.14,49.1,Healthy,Mild,0.6,Bollworm,Light Trap,14,32.5,74.3,40.8,13.3,89.5,Good,0.785,0.756,Yes,No,Leaf Spot,Aphids,Medium
KR_02538,2026-003-04,Nanded,Hadgaon,19.75643,74.15133,Tomato,Abhinav,Seedling,Black Soil,7.66,49.7,Bacterial Blight,Mild,16.9,Leaf Miner,Light Trap,11,29.1,63.5,18.6,14.2,55.4,Poor Framing,0.612,0.688,No,Yes,Rust,Aphids,Medium
KR_02539,2026-004-04,Nanded,Biloli,16.4031,76.80851,Cotton,Bt Cotton,Fruiting,Black Soil,7.57,18.3,Leaf Mold,Severe,72.8,Aphids,Light Trap,5,21.6,66.5,11.2,9.3,53.2,Blurry,0.286,0.979,Yes,Yes,Leaf Mold,Aphids,Medium
KR_02540,2026-003-20,Pune,Daund,20.78835,75.37774,Cotton,Bunny Bt,Vegetative,Clay Loam,7.24,43.2,Thrips,Moderate,43.8,Whitefly,Pheromone Trap,4,20.4,45.3,24.1,19.5,48.0,Blurry,0.235,0.677,No,Yes,Bollworm,Whitefly,Medium
KR_02541,2026-002-11,Solapur,Malshiras,21.39431,73.02486,Potato,Kufri Jyoti,Fruiting,Sandy Loam,8.14,17.0,Stem Borer,Moderate,44.4,Fruit Fly,Pheromone Trap,0,33.2,41.8,21.5,14.4,56.2,Too Bright,0.62,0.951,Yes,Yes,Blast,Stem Borer,Medium
KR_02542,2026-007-06,Satara,Karad,18.48415,73.68876,Tomato,Abhinav,Vegetative,Sandy Loam,6.71,15.8,Powdery Mildew,Severe,83.5,Aphids,Light Trap,2,35.0,87.1,8.4,8.1,80.0,Too Bright,0.379,0.585,No,Yes,Stem Borer,Whitefly,High
KR_02543,2026-002-25,Pune,Baramati,19.09648,79.08493,Soybean,MACS-1188,Seedling,Loamy,6.06,28.7,Downy Mildew,Moderate,22.7,Aphids,Light Trap,8,36.0,71.4,26.5,21.2,79.0,Too Dark,0.397,0.486,No,Yes,Downy Mildew,Aphids,Medium
KR_02544,2026-003-15,Kolhapur,Shirol,18.38459,76.54694,Grapes,Sharad Seedless,Flowering,Sandy Loam,6.09,41.7,Bollworm,Mild,19.8,Bollworm,Sticky Trap,8,19.5,80.8,6.3,18.2,29.2,Too Dark,0.56,0.93,Yes,Yes,Bacterial Blight,Leaf Miner,Medium
KR_02545,2026-008-08,Nashik,Dindori,20.37515,76.08655,Tomato,Abhinav,Maturity,Loamy,7.22,30.5,Downy Mildew,Moderate,35.6,Leaf Miner,Pheromone Trap,0,34.5,66.5,12.6,8.5,60.6,Poor Framing,0.251,0.459,No,Yes,Leaf Mold,Leaf Miner,Medium
KR_02546,2026-008-24,Nanded,Hadgaon,16.58514,74.73036,Cotton,Bunny Bt,Fruiting,Sandy Loam,6.22,57.1,Thrips,Severe,72.7,Fruit Fly,Sticky Trap,13,36.9,96.1,22.2,18.0,92.9,Good,0.922,0.772,No,No,Leaf Mold,Bollworm,High
KR_02547,2026-008-14,Nashik,Sinnar,18.75816,78.88931,Tomato,Hybrid-T1,Seedling,Clay Loam,6.15,69.6,Stem Borer,Severe,78.2,Bollworm,Pheromone Trap,0,29.8,39.2,6.1,16.2,55.9,Good,0.844,0.942,No,No,Bacterial Blight,Whitefly,Medium
KR_02548,2026-003-25,Nanded,Biloli,21.15802,74.0192,Tomato,Hybrid-T1,Fruiting,Sandy Loam,7.7,41.6,Healthy,Mild,0.4,Bollworm,Sticky Trap,14,22.0,76.5,21.9,14.3,40.1,Good,0.759,0.95,No,No,Leaf Mold,Leaf Miner,Medium
KR_02549,2026-007-01,Nanded,Loha,18.39797,76.12537,Cotton,Bunny Bt,Flowering,Sandy Loam,6.06,33.9,Late Blight,Mild,8.4,Leaf Miner,Pheromone Trap,0,26.0,59.8,35.0,16.5,66.0,Too Bright,0.423,0.782,Yes,Yes,Early Blight,Fruit Fly,Low
KR_02550,2026-004-05,Solapur,Mangalwedhe,19.6147,78.17265,Soybean,JS-335,Maturity,Black Soil,6.13,40.7,Thrips,Severe,79.2,Whitefly,Pheromone Trap,0,37.2,75.4,37.7,15.6,31.0,Good,0.995,0.706,No,Yes,Leaf Mold,Stem Borer,Medium
KR_02551,2026-001-24,Satara,Karad,16.05537,74.02928,Potato,Kufri Jyoti,Fruiting,Loamy,6.62,18.3,Bollworm,Severe,68.1,Stem Borer,Pheromone Trap,10,33.0,51.3,16.0,11.7,72.3,Too Bright,0.265,0.856,Yes,Yes,Brown Spot,Bollworm,Medium
KR_02552,2026-006-16,Sangli,Kavathe Mahankal,17.68162,77.81651,Grapes,Thompson Seedless,Flowering,Black Soil,6.82,38.1,Bacterial Blight,Moderate,40.2,Whitefly,Pheromone Trap,0,30.7,66.2,12.3,4.0,76.7,Poor Framing,0.637,0.797,Yes,Yes,Rust,Aphids,Medium
KR_02553,2026-001-02,Ahmednagar,Rahata,17.68395,75.44538,Rice,Basmati,Vegetative,Black Soil,6.67,62.9,Bacterial Blight,Moderate,29.3,Aphids,Pheromone Trap,12,35.8,89.0,34.5,10.0,41.8,Good,0.77,0.99,Yes,No,Leaf Miner,Leaf Miner,Medium
KR_02554,2026-006-24,Satara,Koregaon,16.83482,77.42823,Tomato,Abhinav,Fruiting,Sandy Loam,7.93,52.1,Downy Mildew,Moderate,24.0,Thrips,Pheromone Trap,15,32.4,82.0,40.1,17.8,94.3,Good,0.962,0.732,Yes,Yes,Blast,Leaf Miner,Medium
KR_02555,2026-002-08,Ahmednagar,Kopargaon,17.64346,76.98417,Cotton,Bt Cotton,Seedling,Loamy,7.8,37.9,Rust,Moderate,34.4,Bollworm,Sticky Trap,15,21.5,67.0,19.3,2.2,38.8,Good,0.982,0.884,Yes,No,Bacterial Blight,Stem Borer,Medium
KR_02556,2026-006-07,Solapur,Malshiras,16.20214,73.33984,Grapes,Sonaka,Maturity,Loamy,6.7,57.0,Powdery Mildew,Moderate,23.0,Thrips,Light Trap,1,29.7,93.2,26.8,16.5,89.7,Good,0.788,0.874,Yes,No,Thrips,Whitefly,Medium
KR_02557,2026-001-03,Satara,Wai,16.65604,78.61069,Grapes,Thompson Seedless,Vegetative,Black Soil,6.94,68.6,Downy Mildew,Moderate,43.5,Aphids,Pheromone Trap,0,34.9,82.4,0.2,5.0,61.1,Too Bright,0.337,0.488,No,Yes,Leaf Spot,Thrips,High
KR_02558,2026-005-20,Sangli,Jat,16.85088,75.44289,Soybean,JS-335,Flowering,Clay Loam,7.58,42.8,Bollworm,Severe,65.6,Bollworm,Pheromone Trap,2,35.9,54.6,16.1,19.5,60.2,Blurry,0.331,0.683,Yes,Yes,Rust,Aphids,Medium
KR_02559,2026-001-06,Sangli,Tasgaon,18.09364,75.18026,Soybean,MAUS-71,Maturity,Clay Loam,7.83,59.0,Downy Mildew,Moderate,49.8,Aphids,Sticky Trap,8,20.9,83.3,4.8,4.6,35.7,Good,0.816,0.738,Yes,Yes,Downy Mildew,Leaf Miner,High
KR_02560,2026-002-14,Sangli,Miraj,17.47361,76.5401,Potato,Kufri Pukhraj,Maturity,Sandy Loam,6.72,63.5,Stem Borer,Moderate,30.4,Aphids,Light Trap,1,34.5,56.8,6.3,16.0,41.3,Good,0.97,0.882,Yes,No,Rust,Bollworm,Medium
KR_02561,2026-001-02,Solapur,Akkalkot,16.97903,77.45631,Potato,Kufri Pukhraj,Flowering,Sandy Loam,6.2,37.9,Thrips,Mild,5.1,Aphids,Pheromone Trap,0,22.1,51.2,28.6,13.4,31.1,Too Bright,0.268,0.455,Yes,Yes,Bacterial Blight,Leaf Miner,Low
KR_02562,2026-006-04,Nanded,Loha,20.64219,75.13141,Soybean,JS-335,Flowering,Clay Loam,6.85,74.7,Early Blight,Severe,73.9,Stem Borer,Light Trap,5,35.9,88.4,31.7,3.3,41.2,Good,0.864,0.879,Yes,No,Leaf Mold,Aphids,High
KR_02563,2026-007-16,Solapur,Malshiras,19.28074,78.02296,Soybean,JS-335,Fruiting,Black Soil,7.88,64.3,Downy Mildew,Moderate,42.9,Thrips,Pheromone Trap,12,19.9,49.7,16.4,7.0,58.2,Too Bright,0.215,0.573,Yes,Yes,Stem Borer,Stem Borer,Medium
KR_02564,2026-006-28,Nanded,Loha,19.65484,77.84638,Potato,Kufri Pukhraj,Maturity,Sandy Loam,7.61,40.5,Late Blight,Mild,5.8,Bollworm,Pheromone Trap,0,18.2,76.3,40.4,14.3,52.5,Good,0.794,0.866,Yes,No,Thrips,Bollworm,Medium
KR_02565,2026-005-16,Nanded,Hadgaon,21.16255,74.67847,Tomato,Abhinav,Seedling,Sandy Loam,7.78,19.6,Healthy,Mild,0.3,Bollworm,Pheromone Trap,14,27.8,74.4,15.1,12.7,68.9,Poor Framing,0.558,0.902,Yes,Yes,Early Blight,Aphids,Medium
KR_02566,2026-004-23,Sangli,Jat,18.36292,75.61455,Potato,Kufri Jyoti,Vegetative,Loamy,7.12,58.3,Downy Mildew,Severe,72.8,Thrips,Pheromone Trap,11,19.6,39.0,16.4,9.1,40.2,Good,0.912,0.641,No,Yes,Leaf Miner,Stem Borer,Medium
KR_02567,2026-005-28,Nashik,Dindori,17.89895,73.39639,Cotton,RCH-659,Maturity,Sandy Loam,6.81,31.6,Stem Borer,Moderate,45.6,Fruit Fly,Sticky Trap,8,20.8,60.6,44.2,18.9,88.8,Good,0.759,0.764,Yes,No,Bollworm,Thrips,Medium
KR_02568,2026-001-19,Pune,Daund,18.60783,73.76845,Tomato,Abhinav,Vegetative,Sandy Loam,8.07,29.5,Leaf Mold,Moderate,43.8,Thrips,Pheromone Trap,0,20.1,43.3,34.5,17.8,63.5,Poor Framing,0.272,0.684,Yes,Yes,Early Blight,Leaf Miner,Medium
KR_02569,2026-008-10,Nanded,Hadgaon,18.58536,78.62517,Potato,Kufri Jyoti,Flowering,Black Soil,6.51,16.4,Early Blight,Severe,79.7,Fruit Fly,Light Trap,13,28.8,94.1,19.3,8.7,42.1,Good,0.806,0.813,Yes,No,Thrips,Leaf Miner,High
KR_02570,2026-005-11,Sangli,Tasgaon,18.56026,77.691,Soybean,MAUS-71,Fruiting,Clay Loam,8.19,23.2,Downy Mildew,Mild,12.6,Whitefly,Pheromone Trap,0,26.7,95.1,4.9,3.3,66.4,Good,0.825,0.521,No,Yes,Bollworm,Bollworm,Medium
KR_02571,2026-004-05,Kolhapur,Shirol,17.34664,76.09949,Tomato,Hybrid-T1,Flowering,Clay Loam,6.95,26.0,Thrips,Moderate,37.0,Aphids,Sticky Trap,8,19.5,74.3,43.9,2.2,42.7,Good,0.918,0.609,Yes,Yes,Stem Borer,Aphids,Medium
KR_02572,2026-005-21,Kolhapur,Hatkanangale,17.05842,73.7502,Rice,Basmati,Seedling,Sandy Loam,6.95,18.4,Late Blight,Severe,50.4,Leaf Miner,Pheromone Trap,0,32.8,70.1,40.9,16.7,60.7,Blurry,0.219,0.704,No,Yes,Thrips,Bollworm,Medium
KR_02573,2026-004-10,Nanded,Deglur,17.42444,73.27105,Soybean,JS-335,Flowering,Loamy,7.41,73.5,Powdery Mildew,Mild,6.9,Leaf Miner,Light Trap,5,29.7,46.7,7.0,5.3,67.6,Too Bright,0.509,0.813,Yes,Yes,Bollworm,Whitefly,Low
KR_02574,2026-003-13,Nanded,Loha,19.59562,79.22882,Potato,Kufri Jyoti,Vegetative,Loamy,6.33,34.1,Leaf Mold,Moderate,34.3,Whitefly,Sticky Trap,3,30.8,82.8,2.8,7.8,39.2,Too Bright,0.355,0.605,Yes,Yes,Leaf Mold,Leaf Miner,Medium
KR_02575,2026-002-04,Solapur,Malshiras,17.88538,76.27104,Tomato,Arka Rakshak,Flowering,Clay Loam,8.17,50.4,Leaf Mold,Severe,68.5,Aphids,Pheromone Trap,0,22.4,51.9,20.7,20.7,40.5,Too Dark,0.46,0.874,Yes,Yes,Thrips,Whitefly,Medium
KR_02576,2026-004-04,Pune,Shirur,20.82114,78.23269,Rice,Indrayani,Seedling,Loamy,6.23,65.1,Downy Mildew,Mild,18.4,Aphids,Light Trap,7,20.8,94.6,34.2,13.5,35.5,Poor Framing,0.245,0.466,Yes,Yes,Powdery Mildew,Whitefly,Medium
KR_02577,2026-007-14,Satara,Karad,17.79218,78.24485,Cotton,Bunny Bt,Seedling,Black Soil,8.18,69.2,Late Blight,Severe,69.1,Leaf Miner,Light Trap,2,36.0,57.4,23.5,2.7,78.7,Too Bright,0.618,0.75,No,Yes,Blast,Leaf Miner,Medium
KR_02578,2026-005-17,Sangli,Jat,17.73007,74.35753,Rice,Phule Samruddhi,Vegetative,Loamy,7.93,29.5,Early Blight,Severe,84.2,Stem Borer,Pheromone Trap,13,26.6,57.0,25.5,8.2,89.5,Poor Framing,0.619,0.754,Yes,Yes,Rust,Fruit Fly,Medium
KR_02579,2026-006-26,Sangli,Jat,18.57137,74.38038,Tomato,Arka Rakshak,Maturity,Black Soil,6.9,54.7,Bacterial Blight,Severe,52.0,Stem Borer,Light Trap,3,26.3,43.1,8.4,20.4,23.0,Too Dark,0.493,0.676,Yes,Yes,Bollworm,Thrips,Medium
KR_02580,2026-004-09,Solapur,Akkalkot,16.06201,73.8794,Soybean,MACS-1188,Maturity,Clay Loam,6.1,36.9,Bollworm,Severe,67.9,Thrips,Sticky Trap,8,20.5,54.7,14.4,14.3,86.2,Blurry,0.431,0.631,Yes,Yes,Leaf Miner,Aphids,Medium
KR_02581,2026-007-24,Solapur,Malshiras,17.28071,75.57359,Grapes,Sharad Seedless,Fruiting,Sandy Loam,7.0,15.7,Early Blight,Moderate,46.7,Aphids,Sticky Trap,8,29.3,60.5,21.4,4.8,82.3,Good,0.852,0.926,Yes,No,Bacterial Blight,Stem Borer,Medium
KR_02582,2026-008-26,Sangli,Jat,16.48516,74.25558,Tomato,Arka Rakshak,Maturity,Loamy,8.11,26.8,Bacterial Blight,Moderate,49.2,Fruit Fly,Light Trap,15,18.7,69.2,13.8,10.7,48.2,Too Dark,0.366,0.575,Yes,Yes,Leaf Spot,Stem Borer,Medium
KR_02583,2026-003-27,Nanded,Loha,21.12838,74.90641,Potato,Kufri Pukhraj,Maturity,Clay Loam,6.27,47.2,Downy Mildew,Severe,76.5,Bollworm,Pheromone Trap,0,29.7,47.2,0.9,14.0,41.4,Poor Framing,0.437,0.919,Yes,Yes,Thrips,Fruit Fly,Medium
KR_02584,2026-001-07,Sangli,Tasgaon,19.30402,73.43109,Rice,Phule Samruddhi,Flowering,Loamy,8.01,16.7,Healthy,Mild,3.8,Bollworm,Sticky Trap,1,28.9,78.4,21.0,6.0,75.0,Too Bright,0.384,0.808,Yes,Yes,Blast,Aphids,Medium
KR_02585,2026-007-05,Nashik,Malegaon,20.85844,73.73867,Cotton,RCH-659,Maturity,Loamy,7.38,27.5,Early Blight,Severe,80.3,Thrips,Pheromone Trap,9,32.7,62.0,44.0,6.5,67.2,Good,0.823,0.82,Yes,No,Early Blight,Whitefly,Medium
KR_02586,2026-008-07,Pune,Baramati,20.02761,75.05809,Grapes,Sonaka,Maturity,Clay Loam,7.57,42.9,Leaf Spot,Severe,78.1,Fruit Fly,Pheromone Trap,0,31.5,59.6,28.1,15.8,25.4,Good,0.771,0.516,Yes,Yes,Stem Borer,Leaf Miner,Medium
KR_02587,2026-004-20,Solapur,Akkalkot,17.3909,78.2017,Potato,Kufri Pukhraj,Fruiting,Loamy,7.18,37.6,Downy Mildew,Mild,5.9,Leaf Miner,Light Trap,9,31.8,41.2,20.3,19.0,39.3,Good,0.868,0.626,Yes,Yes,Blast,Thrips,Low
KR_02588,2026-008-28,Pune,Baramati,19.94581,76.13675,Tomato,Abhinav,Seedling,Clay Loam,8.1,22.1,Bollworm,Moderate,32.5,Thrips,Sticky Trap,4,36.1,68.5,40.5,6.7,50.1,Good,0.895,0.469,Yes,Yes,Bollworm,Stem Borer,Medium
KR_02589,2026-003-14,Solapur,Malshiras,16.65506,76.97438,Tomato,Hybrid-T1,Vegetative,Black Soil,7.07,34.6,Stem Borer,Severe,51.2,Bollworm,Sticky Trap,6,30.3,45.6,0.9,9.3,55.9,Too Bright,0.593,0.911,No,Yes,Powdery Mildew,Thrips,Medium
KR_02590,2026-004-07,Nashik,Dindori,21.17025,74.33756,Grapes,Sharad Seedless,Vegetative,Sandy Loam,6.15,53.5,Brown Spot,Moderate,24.4,Fruit Fly,Pheromone Trap,13,32.6,41.4,28.4,9.1,80.4,Too Dark,0.595,0.808,No,Yes,Leaf Mold,Thrips,Medium
KR_02591,2026-008-27,Pune,Baramati,21.386,78.36893,Soybean,MAUS-71,Maturity,Loamy,7.49,55.4,Downy Mildew,Mild,18.4,Bollworm,Pheromone Trap,0,23.8,36.4,7.7,3.9,35.7,Good,0.998,0.885,Yes,No,Rust,Thrips,Medium
KR_02592,2026-008-14,Ahmednagar,Kopargaon,18.5671,76.17734,Soybean,MACS-1188,Maturity,Loamy,6.54,28.2,Bollworm,Moderate,27.7,Leaf Miner,Sticky Trap,13,32.7,77.2,3.8,11.5,57.5,Good,0.981,0.546,No,Yes,Late Blight,Thrips,Medium
KR_02593,2026-006-11,Sangli,Kavathe Mahankal,17.86228,78.40385,Grapes,Thompson Seedless,Vegetative,Black Soil,7.52,67.9,Downy Mildew,Mild,18.0,Bollworm,Sticky Trap,2,23.7,40.2,1.0,15.0,29.2,Good,0.969,0.98,Yes,No,Downy Mildew,Stem Borer,Medium
KR_02594,2026-003-25,Satara,Phaltan,16.13647,76.72253,Soybean,MAUS-71,Vegetative,Clay Loam,6.56,22.5,Leaf Spot,Severe,60.8,Stem Borer,Pheromone Trap,4,33.7,35.2,6.8,16.9,70.1,Too Dark,0.564,0.894,Yes,Yes,Stem Borer,Whitefly,Medium
KR_02595,2026-005-18,Nashik,Sinnar,21.36134,75.85649,Soybean,MAUS-71,Maturity,Clay Loam,6.45,32.9,Stem Borer,Moderate,40.8,Bollworm,Light Trap,1,20.4,86.0,14.3,12.7,26.8,Good,0.78,0.652,Yes,Yes,Thrips,Thrips,High
KR_02596,2026-001-23,Nashik,Dindori,20.81317,76.28324,Soybean,MACS-1188,Seedling,Black Soil,6.89,67.5,Blast,Mild,9.6,Aphids,Pheromone Trap,0,20.1,97.9,39.9,3.3,29.8,Good,0.762,0.812,Yes,No,Downy Mildew,Bollworm,Medium
KR_02597,2026-002-16,Satara,Karad,18.59393,79.1122,Cotton,Bunny Bt,Fruiting,Sandy Loam,7.12,26.6,Bacterial Blight,Mild,6.6,Aphids,Sticky Trap,12,29.9,48.6,37.8,12.9,47.5,Blurry,0.34,0.466,Yes,Yes,Late Blight,Aphids,Low
KR_02598,2026-007-07,Nanded,Hadgaon,17.75873,75.66467,Potato,Kufri Pukhraj,Fruiting,Clay Loam,6.52,24.1,Late Blight,Moderate,37.6,Thrips,Pheromone Trap,0,34.2,94.2,4.5,20.4,64.6,Blurry,0.201,0.783,Yes,Yes,Powdery Mildew,Thrips,Medium
KR_02599,2026-006-22,Kolhapur,Kagal,16.28614,73.97317,Rice,Indrayani,Flowering,Loamy,6.55,21.7,Bollworm,Moderate,24.4,Stem Borer,Sticky Trap,9,20.2,39.2,23.5,14.3,53.4,Poor Framing,0.293,0.788,No,Yes,Rust,Bollworm,Medium
KR_02600,2026-005-08,Satara,Wai,19.06385,79.14633,Potato,Kufri Pukhraj,Maturity,Sandy Loam,7.69,67.8,Early Blight,Severe,52.1,Bollworm,Light Trap,10,26.9,46.1,23.4,20.9,78.1,Too Dark,0.366,0.917,No,Yes,Rust,Whitefly,Medium
KR_02601,2026-001-20,Pune,Daund,21.01106,78.1135,Potato,Kufri Jyoti,Fruiting,Loamy,6.61,52.1,Brown Spot,Severe,80.8,Stem Borer,Light Trap,6,31.7,86.4,21.3,3.9,44.7,Poor Framing,0.528,0.949,Yes,Yes,Stem Borer,Aphids,High
KR_02602,2026-007-15,Sangli,Miraj,18.61591,78.70241,Rice,Indrayani,Seedling,Clay Loam,7.53,39.9,Blast,Severe,75.2,Fruit Fly,Pheromone Trap,0,29.1,62.2,9.9,20.3,76.4,Good,0.96,0.545,No,Yes,Rust,Aphids,Medium
KR_02603,2026-005-15,Pune,Shirur,20.81083,76.71538,Cotton,RCH-659,Seedling,Black Soil,6.81,52.9,Bacterial Blight,Mild,7.2,Stem Borer,Pheromone Trap,0,34.1,47.2,17.4,5.6,92.9,Blurry,0.491,0.865,No,Yes,Stem Borer,Stem Borer,Low
KR_02604,2026-001-28,Solapur,Akkalkot,18.58819,75.37034,Grapes,Sonaka,Fruiting,Loamy,6.51,24.3,Bollworm,Moderate,24.0,Leaf Miner,Pheromone Trap,11,34.1,55.9,28.5,20.9,89.9,Blurry,0.601,0.728,No,Yes,Leaf Miner,Aphids,Medium
KR_02605,2026-005-06,Sangli,Kavathe Mahankal,20.61867,77.46155,Tomato,Hybrid-T1,Seedling,Clay Loam,6.04,62.9,Late Blight,Mild,14.4,Fruit Fly,Sticky Trap,9,27.2,90.8,20.2,2.2,69.0,Good,0.901,0.566,Yes,Yes,Powdery Mildew,Thrips,Medium
KR_02606,2026-005-07,Nashik,Niphad,17.37853,78.86218,Rice,Indrayani,Vegetative,Black Soil,6.21,43.3,Healthy,Mild,2.0,Bollworm,Light Trap,9,36.8,78.4,42.9,12.9,59.2,Too Dark,0.564,0.744,Yes,Yes,Leaf Mold,Fruit Fly,Medium
KR_02607,2026-003-08,Kolhapur,Hatkanangale,21.17707,76.24462,Cotton,Bt Cotton,Vegetative,Clay Loam,6.12,28.1,Blast,Moderate,42.6,Aphids,Pheromone Trap,9,35.6,64.2,0.3,19.4,75.2,Good,0.892,0.888,Yes,No,Rust,Whitefly,Medium
KR_02608,2026-006-27,Nashik,Niphad,16.56025,78.95732,Soybean,MAUS-71,Fruiting,Loamy,6.42,29.8,Late Blight,Mild,15.1,Aphids,Sticky Trap,14,29.1,73.8,10.6,21.3,35.8,Poor Framing,0.435,0.56,Yes,Yes,Thrips,Aphids,Medium
KR_02609,2026-001-10,Satara,Wai,19.12669,76.27456,Tomato,Abhinav,Maturity,Black Soil,6.71,51.9,Leaf Spot,Moderate,30.3,Stem Borer,Pheromone Trap,7,24.0,88.3,39.5,11.3,23.9,Blurry,0.308,0.608,No,Yes,Brown Spot,Aphids,Medium
KR_02610,2026-007-28,Satara,Phaltan,21.32685,79.02486,Potato,Kufri Pukhraj,Seedling,Loamy,7.37,69.2,Late Blight,Moderate,32.7,Thrips,Light Trap,8,33.4,71.1,10.8,2.4,39.1,Blurry,0.553,0.511,Yes,Yes,Early Blight,Aphids,Medium
KR_02611,2026-005-03,Solapur,Malshiras,19.25667,76.81072,Soybean,MAUS-71,Fruiting,Sandy Loam,6.05,34.9,Bacterial Blight,Severe,65.7,Bollworm,Pheromone Trap,0,28.1,81.1,22.0,3.4,37.1,Blurry,0.275,0.917,Yes,Yes,Thrips,Aphids,High
KR_02612,2026-006-24,Solapur,Pandharpur,16.8175,73.8699,Soybean,MACS-1188,Maturity,Sandy Loam,7.36,69.7,Leaf Spot,Severe,64.2,Aphids,Pheromone Trap,0,35.6,35.9,35.8,3.6,76.5,Good,0.996,0.718,Yes,Yes,Leaf Spot,Leaf Miner,Medium
KR_02613,2026-001-16,Kolhapur,Hatkanangale,19.83766,74.35611,Grapes,Sharad Seedless,Maturity,Black Soil,7.38,73.3,Thrips,Mild,15.9,Whitefly,Pheromone Trap,0,25.3,53.5,37.9,13.4,87.3,Poor Framing,0.571,0.961,No,Yes,Blast,Bollworm,Medium
KR_02614,2026-008-04,Nashik,Niphad,17.94748,75.32481,Rice,Basmati,Seedling,Sandy Loam,8.12,25.1,Rust,Moderate,45.6,Aphids,Pheromone Trap,14,23.0,49.2,16.9,8.3,63.0,Too Dark,0.235,0.92,Yes,Yes,Powdery Mildew,Thrips,Medium
KR_02615,2026-003-10,Sangli,Tasgaon,20.79724,75.94171,Grapes,Sharad Seedless,Vegetative,Loamy,8.0,27.0,Brown Spot,Severe,83.3,Bollworm,Light Trap,2,25.6,39.0,34.1,13.0,34.2,Too Dark,0.247,0.716,No,Yes,Brown Spot,Fruit Fly,Medium
KR_02616,2026-002-11,Sangli,Jat,17.03393,75.9487,Cotton,Bunny Bt,Vegetative,Clay Loam,6.68,19.3,Leaf Spot,Severe,80.6,Leaf Miner,Pheromone Trap,8,30.4,59.9,13.9,7.2,21.7,Good,0.864,0.757,Yes,No,Late Blight,Whitefly,Medium
KR_02617,2026-001-21,Satara,Koregaon,18.66898,79.22707,Soybean,MACS-1188,Seedling,Sandy Loam,6.67,36.1,Bollworm,Mild,11.1,Aphids,Sticky Trap,1,21.6,94.6,0.3,10.5,76.2,Too Bright,0.356,0.538,No,Yes,Late Blight,Thrips,Medium
KR_02618,2026-006-05,Kolhapur,Kagal,16.81462,74.81041,Soybean,JS-335,Vegetative,Clay Loam,7.1,34.0,Leaf Spot,Mild,11.1,Thrips,Pheromone Trap,6,18.4,73.8,6.3,3.1,21.6,Good,0.974,0.822,Yes,No,Bollworm,Aphids,Medium
KR_02619,2026-003-01,Pune,Shirur,16.88018,76.93875,Tomato,Abhinav,Fruiting,Clay Loam,6.48,16.2,Bacterial Blight,Mild,16.1,Thrips,Pheromone Trap,0,29.3,62.4,15.4,12.4,67.3,Blurry,0.251,0.829,Yes,Yes,Rust,Leaf Miner,Medium
KR_02620,2026-007-21,Satara,Karad,19.18347,76.21648,Rice,Phule Samruddhi,Maturity,Loamy,6.38,30.1,Healthy,Mild,2.5,Bollworm,Sticky Trap,7,28.1,35.6,20.1,3.2,55.0,Good,0.819,0.907,No,No,Powdery Mildew,Bollworm,Low
KR_02621,2026-005-28,Pune,Indapur,18.51745,75.77814,Tomato,Abhinav,Seedling,Sandy Loam,7.23,21.9,Healthy,Mild,0.1,Bollworm,Pheromone Trap,0,37.2,68.4,42.2,16.0,54.5,Good,0.918,0.689,Yes,Yes,Bacterial Blight,Fruit Fly,Medium
KR_02622,2026-004-28,Kolhapur,Shirol,19.07253,76.61619,Tomato,Hybrid-T1,Vegetative,Sandy Loam,6.36,70.0,Bacterial Blight,Mild,5.4,Aphids,Pheromone Trap,0,29.1,36.1,29.4,13.2,64.0,Blurry,0.208,0.834,Yes,Yes,Rust,Aphids,Low
KR_02623,2026-008-12,Kolhapur,Kagal,16.76358,73.64813,Grapes,Sonaka,Flowering,Loamy,8.16,67.9,Rust,Moderate,45.5,Thrips,Pheromone Trap,3,34.5,66.9,15.4,7.6,43.0,Good,0.926,0.876,Yes,No,Thrips,Fruit Fly,Medium
KR_02624,2026-004-22,Sangli,Tasgaon,20.33971,76.43998,Tomato,Hybrid-T1,Fruiting,Clay Loam,7.53,30.1,Early Blight,Severe,78.5,Stem Borer,Pheromone Trap,14,23.0,43.0,21.8,4.6,77.9,Good,0.973,0.974,Yes,No,Leaf Spot,Thrips,Medium
KR_02625,2026-008-22,Nanded,Hadgaon,19.61519,74.01467,Cotton,Bunny Bt,Vegetative,Sandy Loam,7.75,55.7,Powdery Mildew,Severe,65.2,Bollworm,Pheromone Trap,3,19.2,88.3,5.2,17.1,59.3,Good,0.97,0.887,Yes,No,Bacterial Blight,Aphids,High
KR_02626,2026-007-20,Nanded,Deglur,17.0347,73.90673,Potato,Kufri Jyoti,Vegetative,Sandy Loam,7.04,70.5,Leaf Mold,Moderate,24.4,Stem Borer,Pheromone Trap,12,37.8,88.8,21.2,19.2,58.6,Poor Framing,0.623,0.889,No,Yes,Leaf Mold,Whitefly,Medium
KR_02627,2026-008-28,Pune,Baramati,21.31234,74.9159,Rice,Basmati,Vegetative,Black Soil,7.67,53.9,Downy Mildew,Severe,80.9,Fruit Fly,Pheromone Trap,0,28.5,71.1,24.3,20.2,42.5,Good,0.925,0.835,Yes,No,Powdery Mildew,Whitefly,Medium
KR_02628,2026-005-19,Solapur,Mangalwedhe,17.38247,73.72062,Soybean,MACS-1188,Vegetative,Loamy,7.86,61.4,Blast,Moderate,28.6,Bollworm,Pheromone Trap,0,25.8,73.0,22.1,15.0,38.3,Too Dark,0.468,0.816,No,Yes,Early Blight,Leaf Miner,Medium
KR_02629,2026-008-04,Solapur,Pandharpur,18.37502,75.12791,Soybean,JS-335,Maturity,Sandy Loam,6.32,54.0,Leaf Spot,Severe,51.1,Bollworm,Pheromone Trap,0,28.8,95.5,12.2,9.5,56.4,Good,0.822,0.712,No,Yes,Early Blight,Bollworm,High
KR_02630,2026-004-04,Nanded,Deglur,18.65961,76.90668,Soybean,JS-335,Maturity,Loamy,6.54,46.6,Early Blight,Mild,18.4,Thrips,Light Trap,3,22.0,78.6,34.2,10.0,89.5,Too Bright,0.509,0.83,Yes,Yes,Downy Mildew,Leaf Miner,Medium
KR_02631,2026-007-08,Sangli,Miraj,16.9526,77.57132,Soybean,MAUS-71,Fruiting,Loamy,6.81,51.1,Bollworm,Moderate,26.4,Whitefly,Light Trap,5,21.7,51.0,32.8,13.7,64.3,Too Bright,0.29,0.587,Yes,Yes,Brown Spot,Thrips,Medium
KR_02632,2026-008-07,Kolhapur,Hatkanangale,17.64732,74.36693,Tomato,Hybrid-T1,Seedling,Clay Loam,8.19,35.2,Leaf Miner,Severe,71.4,Bollworm,Pheromone Trap,0,29.9,75.1,22.1,19.5,61.3,Blurry,0.343,0.858,Yes,Yes,Blast,Aphids,Medium
KR_02633,2026-006-16,Kolhapur,Hatkanangale,19.83196,77.84235,Grapes,Sonaka,Seedling,Sandy Loam,6.23,45.8,Downy Mildew,Moderate,29.7,Bollworm,Sticky Trap,7,24.1,43.5,9.1,7.2,50.9,Good,0.948,0.475,No,Yes,Rust,Leaf Miner,Medium
KR_02634,2026-006-20,Ahmednagar,Shrigonda,20.15753,75.26885,Soybean,MAUS-71,Vegetative,Clay Loam,6.5,32.8,Late Blight,Moderate,48.1,Stem Borer,Light Trap,12,21.4,60.0,31.4,9.7,70.5,Blurry,0.447,0.973,No,Yes,Rust,Stem Borer,Medium
KR_02635,2026-003-15,Nanded,Loha,20.25526,76.1325,Cotton,Bunny Bt,Flowering,Black Soil,6.56,35.9,Brown Spot,Mild,10.9,Leaf Miner,Sticky Trap,6,34.6,82.2,27.2,15.3,29.3,Good,0.915,0.682,Yes,Yes,Brown Spot,Thrips,Medium
KR_02636,2026-005-03,Pune,Shirur,18.22894,74.67963,Potato,Local-P1,Flowering,Sandy Loam,7.06,70.2,Early Blight,Mild,13.3,Fruit Fly,Pheromone Trap,13,32.6,44.5,42.7,13.2,92.1,Good,0.919,0.658,Yes,Yes,Leaf Miner,Bollworm,Low
KR_02637,2026-008-14,Nashik,Niphad,20.08877,73.2213,Cotton,Bunny Bt,Fruiting,Clay Loam,6.18,64.1,Stem Borer,Mild,17.6,Bollworm,Pheromone Trap,0,33.3,36.5,22.2,11.7,85.6,Too Dark,0.344,0.815,Yes,Yes,Brown Spot,Stem Borer,Medium
KR_02638,2026-007-25,Pune,Daund,17.83828,76.4544,Tomato,Abhinav,Fruiting,Loamy,7.12,33.2,Healthy,Mild,2.6,Bollworm,Pheromone Trap,0,34.6,57.5,6.4,5.4,21.6,Blurry,0.39,0.673,Yes,Yes,Leaf Mold,Bollworm,Low
KR_02639,2026-002-06,Ahmednagar,Rahata,17.94339,74.58256,Rice,Phule Samruddhi,Vegetative,Loamy,6.27,63.3,Leaf Miner,Severe,79.0,Stem Borer,Light Trap,1,37.7,40.4,21.1,11.2,68.4,Good,0.809,0.671,No,Yes,Bollworm,Stem Borer,Medium
KR_02640,2026-001-10,Nanded,Deglur,18.63922,78.41067,Potato,Kufri Pukhraj,Seedling,Loamy,7.01,23.4,Bacterial Blight,Severe,79.6,Thrips,Pheromone Trap,3,36.0,39.5,0.0,14.4,54.0,Too Bright,0.361,0.619,Yes,Yes,Rust,Aphids,Medium
KR_02641,2026-001-02,Nanded,Deglur,19.75933,75.98717,Soybean,MACS-1188,Maturity,Black Soil,8.17,42.5,Early Blight,Moderate,23.0,Bollworm,Light Trap,4,28.8,39.7,4.1,12.6,24.0,Good,0.798,0.856,Yes,No,Stem Borer,Aphids,Medium
KR_02642,2026-008-14,Sangli,Kavathe Mahankal,20.91206,76.30726,Grapes,Sonaka,Maturity,Clay Loam,6.19,72.5,Stem Borer,Severe,60.9,Bollworm,Pheromone Trap,5,26.8,59.5,1.3,9.2,63.4,Good,0.792,0.845,Yes,No,Early Blight,Fruit Fly,Medium
KR_02643,2026-008-23,Sangli,Tasgaon,18.90877,74.5077,Tomato,Arka Rakshak,Vegetative,Clay Loam,6.25,35.8,Rust,Severe,64.1,Bollworm,Sticky Trap,8,28.4,74.0,25.2,9.3,58.4,Poor Framing,0.586,0.658,Yes,Yes,Leaf Mold,Whitefly,Medium
KR_02644,2026-005-26,Sangli,Kavathe Mahankal,18.93942,78.25281,Cotton,Bunny Bt,Flowering,Sandy Loam,6.96,23.6,Bollworm,Moderate,45.6,Thrips,Pheromone Trap,9,27.5,97.4,17.0,7.4,85.0,Too Bright,0.435,0.517,Yes,Yes,Leaf Spot,Bollworm,High
KR_02645,2026-007-27,Satara,Karad,21.07662,73.80384,Soybean,MACS-1188,Vegetative,Black Soil,6.8,29.4,Bacterial Blight,Moderate,39.1,Aphids,Pheromone Trap,0,31.9,49.1,6.0,19.1,74.5,Blurry,0.31,0.947,Yes,Yes,Stem Borer,Aphids,Medium
KR_02646,2026-004-24,Solapur,Akkalkot,19.90564,75.96317,Grapes,Sonaka,Flowering,Black Soil,8.05,19.8,Powdery Mildew,Moderate,41.9,Fruit Fly,Sticky Trap,14,26.1,41.2,27.8,16.1,73.1,Good,0.902,0.626,Yes,Yes,Rust,Leaf Miner,Medium
KR_02647,2026-005-22,Satara,Koregaon,16.76168,74.26137,Grapes,Sharad Seedless,Vegetative,Sandy Loam,7.53,56.2,Leaf Mold,Mild,6.2,Fruit Fly,Light Trap,4,20.4,40.7,7.7,18.9,30.6,Blurry,0.276,0.511,No,Yes,Leaf Spot,Aphids,Low
KR_02648,2026-007-27,Pune,Shirur,21.48981,76.6965,Cotton,RCH-659,Vegetative,Loamy,8.17,69.4,Healthy,Mild,3.0,Bollworm,Pheromone Trap,9,25.9,55.2,19.6,5.7,78.7,Blurry,0.551,0.922,No,Yes,Stem Borer,Leaf Miner,Low
KR_02649,2026-002-10,Nashik,Dindori,20.77662,75.91477,Rice,Basmati,Fruiting,Sandy Loam,6.45,45.1,Powdery Mildew,Severe,52.9,Thrips,Pheromone Trap,0,18.2,86.9,28.9,3.1,78.1,Too Bright,0.505,0.918,No,Yes,Brown Spot,Whitefly,High
KR_02650,2026-008-05,Pune,Baramati,19.68114,77.48737,Rice,Phule Samruddhi,Seedling,Loamy,6.52,28.1,Blast,Mild,13.2,Whitefly,Pheromone Trap,11,23.6,76.2,26.2,10.8,81.5,Poor Framing,0.552,0.924,No,Yes,Brown Spot,Fruit Fly,Medium
KR_02651,2026-004-19,Sangli,Jat,21.2852,78.02561,Grapes,Thompson Seedless,Seedling,Loamy,6.31,67.0,Brown Spot,Mild,11.8,Leaf Miner,Pheromone Trap,0,29.6,90.7,4.7,8.2,49.4,Good,0.979,0.776,Yes,No,Thrips,Whitefly,Medium
KR_02652,2026-007-15,Sangli,Tasgaon,20.61634,79.07815,Cotton,Bt Cotton,Fruiting,Clay Loam,6.09,51.8,Leaf Spot,Mild,20.0,Bollworm,Pheromone Trap,11,33.7,73.6,28.6,8.0,65.1,Too Bright,0.228,0.922,Yes,Yes,Brown Spot,Aphids,Medium
KR_02653,2026-006-21,Pune,Shirur,17.56207,76.63312,Soybean,JS-335,Seedling,Sandy Loam,6.76,18.9,Leaf Spot,Severe,81.9,Aphids,Pheromone Trap,8,20.8,61.0,8.1,8.1,22.9,Blurry,0.443,0.946,Yes,Yes,Stem Borer,Aphids,Medium
KR_02654,2026-004-23,Nashik,Sinnar,18.1421,76.86878,Grapes,Sharad Seedless,Seedling,Sandy Loam,6.46,58.7,Powdery Mildew,Mild,6.5,Bollworm,Sticky Trap,2,25.9,93.0,22.7,19.7,84.1,Good,0.93,0.761,Yes,No,Leaf Mold,Fruit Fly,Medium
KR_02655,2026-007-04,Kolhapur,Kagal,19.73931,78.9913,Tomato,Arka Rakshak,Fruiting,Black Soil,8.12,28.5,Thrips,Mild,10.9,Whitefly,Light Trap,6,35.6,74.1,42.4,17.1,72.7,Good,0.844,0.801,Yes,No,Brown Spot,Whitefly,Medium
KR_02656,2026-003-28,Solapur,Mangalwedhe,20.90738,77.07491,Cotton,Bt Cotton,Flowering,Black Soil,6.0,16.4,Bollworm,Severe,75.1,Whitefly,Pheromone Trap,0,18.9,85.6,25.1,11.4,49.6,Too Bright,0.388,0.693,Yes,Yes,Rust,Fruit Fly,High
KR_02657,2026-005-14,Solapur,Malshiras,19.15482,78.99508,Cotton,RCH-659,Flowering,Black Soil,6.81,44.8,Stem Borer,Mild,13.7,Whitefly,Sticky Trap,5,33.9,97.6,6.7,8.5,64.1,Too Dark,0.586,0.832,Yes,Yes,Bollworm,Aphids,Medium
KR_02658,2026-003-17,Sangli,Jat,19.15885,74.92687,Cotton,RCH-659,Fruiting,Loamy,8.01,21.6,Downy Mildew,Mild,16.9,Thrips,Pheromone Trap,11,28.7,71.1,25.1,21.1,42.7,Poor Framing,0.593,0.717,Yes,Yes,Early Blight,Fruit Fly,Medium
KR_02659,2026-008-18,Satara,Phaltan,19.73472,76.44049,Rice,Indrayani,Flowering,Loamy,8.18,67.3,Healthy,Mild,3.3,Bollworm,Sticky Trap,6,21.0,35.7,5.7,21.1,76.6,Too Bright,0.433,0.466,No,Yes,Downy Mildew,Aphids,Low
KR_02660,2026-007-21,Satara,Wai,17.30071,75.45146,Cotton,Bt Cotton,Maturity,Sandy Loam,7.94,45.3,Thrips,Severe,51.3,Stem Borer,Pheromone Trap,0,25.7,50.7,29.3,20.8,54.4,Too Dark,0.44,0.84,Yes,Yes,Blast,Bollworm,Medium
KR_02661,2026-002-15,Satara,Karad,18.32304,75.6168,Potato,Kufri Jyoti,Flowering,Loamy,6.35,29.2,Bollworm,Mild,18.8,Fruit Fly,Pheromone Trap,5,37.5,60.2,4.1,13.4,76.9,Good,0.825,0.843,Yes,No,Rust,Bollworm,Medium
KR_02662,2026-006-13,Solapur,Malshiras,19.38877,74.66438,Cotton,RCH-659,Seedling,Clay Loam,8.05,38.2,Leaf Spot,Moderate,30.0,Bollworm,Sticky Trap,2,36.3,49.4,4.3,15.7,28.2,Blurry,0.561,0.886,Yes,Yes,Bacterial Blight,Bollworm,Medium
KR_02663,2026-002-24,Pune,Daund,21.44129,79.00822,Rice,Phule Samruddhi,Seedling,Sandy Loam,8.07,45.7,Bollworm,Moderate,22.1,Whitefly,Pheromone Trap,0,30.8,61.8,1.5,19.6,45.2,Too Bright,0.614,0.974,No,Yes,Late Blight,Fruit Fly,Medium
KR_02664,2026-002-25,Satara,Koregaon,21.46093,78.07932,Rice,Basmati,Flowering,Loamy,7.97,52.3,Leaf Spot,Mild,17.7,Stem Borer,Pheromone Trap,13,35.4,65.0,30.2,12.5,38.5,Good,0.829,0.775,Yes,No,Leaf Mold,Fruit Fly,Medium
KR_02665,2026-005-21,Nashik,Malegaon,21.03291,75.286,Potato,Local-P1,Vegetative,Clay Loam,6.81,48.1,Brown Spot,Mild,13.2,Bollworm,Light Trap,2,25.9,50.9,33.5,17.3,52.4,Too Bright,0.476,0.856,Yes,Yes,Powdery Mildew,Thrips,Low
KR_02666,2026-005-15,Nanded,Loha,18.85534,76.07074,Tomato,Arka Rakshak,Maturity,Sandy Loam,6.78,52.9,Early Blight,Mild,9.9,Whitefly,Light Trap,4,26.5,76.3,43.0,4.1,71.4,Too Bright,0.206,0.53,No,Yes,Leaf Mold,Stem Borer,Medium
KR_02667,2026-002-12,Satara,Karad,16.7434,75.30463,Cotton,RCH-659,Fruiting,Sandy Loam,6.69,21.3,Late Blight,Severe,70.7,Thrips,Sticky Trap,12,22.5,82.4,39.1,14.3,81.2,Blurry,0.649,0.981,Yes,Yes,Late Blight,Aphids,High
KR_02668,2026-003-20,Nanded,Loha,19.62072,73.48892,Tomato,Abhinav,Flowering,Clay Loam,7.37,74.8,Bacterial Blight,Moderate,22.4,Bollworm,Light Trap,8,34.4,40.3,22.9,4.1,87.2,Blurry,0.313,0.466,Yes,Yes,Early Blight,Fruit Fly,Medium
KR_02669,2026-005-12,Nashik,Malegaon,16.74187,76.00663,Potato,Kufri Pukhraj,Fruiting,Loamy,7.53,18.5,Brown Spot,Moderate,25.4,Fruit Fly,Light Trap,5,24.7,95.0,30.5,4.6,52.7,Too Bright,0.381,0.491,Yes,Yes,Late Blight,Whitefly,Medium
KR_02670,2026-006-24,Satara,Koregaon,18.4586,79.17779,Soybean,MAUS-71,Seedling,Clay Loam,6.69,30.8,Rust,Mild,5.8,Aphids,Light Trap,15,37.6,82.6,23.8,21.2,80.2,Good,0.906,0.888,Yes,No,Stem Borer,Aphids,Medium
KR_02671,2026-006-10,Ahmednagar,Sangamner,17.27907,75.54152,Tomato,Hybrid-T1,Maturity,Sandy Loam,6.9,60.1,Leaf Miner,Mild,11.6,Leaf Miner,Sticky Trap,12,33.9,69.6,41.7,18.6,50.8,Good,0.755,0.757,Yes,No,Rust,Thrips,Medium
KR_02672,2026-008-18,Solapur,Akkalkot,18.71083,77.77453,Potato,Kufri Pukhraj,Seedling,Sandy Loam,7.9,24.1,Healthy,Mild,1.4,Bollworm,Sticky Trap,14,28.4,43.5,20.8,6.4,76.7,Too Bright,0.409,0.817,Yes,Yes,Leaf Miner,Thrips,Low
KR_02673,2026-005-18,Kolhapur,Kagal,18.63005,77.42547,Grapes,Sonaka,Flowering,Loamy,7.01,45.1,Leaf Spot,Moderate,20.8,Stem Borer,Pheromone Trap,14,19.1,55.9,0.4,16.4,62.9,Good,0.804,0.681,No,Yes,Rust,Fruit Fly,Medium
KR_02674,2026-005-02,Nanded,Deglur,17.05017,74.75764,Grapes,Sharad Seedless,Vegetative,Loamy,7.18,32.8,Downy Mildew,Severe,67.9,Fruit Fly,Sticky Trap,3,20.8,97.6,2.9,20.2,26.5,Good,0.887,0.527,Yes,Yes,Blast,Bollworm,High
KR_02675,2026-002-28,Nashik,Malegaon,17.41274,77.53883,Grapes,Thompson Seedless,Maturity,Loamy,6.46,41.6,Blast,Mild,10.4,Fruit Fly,Pheromone Trap,6,23.5,37.0,24.5,11.8,84.8,Good,0.802,0.815,Yes,No,Brown Spot,Whitefly,Low
KR_02676,2026-008-15,Pune,Baramati,20.4506,76.24795,Cotton,RCH-659,Flowering,Sandy Loam,6.69,46.3,Leaf Miner,Mild,18.3,Whitefly,Light Trap,7,22.9,67.5,40.5,17.3,87.9,Good,0.795,0.455,Yes,Yes,Powdery Mildew,Aphids,Medium
KR_02677,2026-005-13,Nanded,Biloli,16.18247,78.29073,Rice,Basmati,Maturity,Clay Loam,8.0,42.0,Rust,Mild,14.5,Thrips,Light Trap,9,19.8,38.4,29.9,19.4,78.8,Blurry,0.5,0.526,No,Yes,Bollworm,Fruit Fly,Low
KR_02678,2026-002-18,Pune,Shirur,16.40003,77.75361,Soybean,MAUS-71,Vegetative,Loamy,7.18,54.2,Downy Mildew,Severe,65.6,Bollworm,Pheromone Trap,12,20.4,75.4,26.0,7.1,63.1,Good,0.911,0.947,Yes,No,Powdery Mildew,Bollworm,Medium
KR_02679,2026-008-26,Sangli,Jat,20.62274,73.04083,Cotton,Bt Cotton,Seedling,Clay Loam,7.39,53.8,Leaf Spot,Severe,74.6,Leaf Miner,Pheromone Trap,0,29.4,60.9,7.0,20.5,31.6,Good,0.887,0.889,No,No,Early Blight,Fruit Fly,Medium
KR_02680,2026-006-14,Nashik,Dindori,20.24662,76.38475,Grapes,Thompson Seedless,Fruiting,Loamy,7.06,26.3,Healthy,Mild,0.5,Bollworm,Pheromone Trap,9,24.1,57.8,8.7,15.7,82.5,Good,0.936,0.848,No,No,Rust,Leaf Miner,Low
KR_02681,2026-004-05,Pune,Indapur,17.43455,73.05416,Potato,Kufri Pukhraj,Flowering,Loamy,6.21,57.2,Stem Borer,Severe,79.6,Stem Borer,Sticky Trap,15,21.0,46.7,32.5,7.7,79.1,Blurry,0.248,0.612,Yes,Yes,Powdery Mildew,Aphids,Medium
KR_02682,2026-004-12,Nanded,Deglur,17.33757,77.28361,Grapes,Sharad Seedless,Fruiting,Sandy Loam,7.87,30.1,Healthy,Mild,4.7,Bollworm,Pheromone Trap,0,30.7,80.4,32.1,11.3,70.1,Poor Framing,0.392,0.658,Yes,Yes,Leaf Mold,Fruit Fly,Medium
KR_02683,2026-004-15,Ahmednagar,Kopargaon,18.44062,73.56858,Tomato,Hybrid-T1,Maturity,Clay Loam,7.48,38.0,Leaf Mold,Mild,18.2,Aphids,Pheromone Trap,7,21.5,78.2,34.3,4.5,24.4,Poor Framing,0.645,0.728,Yes,Yes,Brown Spot,Stem Borer,Medium
KR_02684,2026-008-15,Pune,Daund,20.96315,77.65971,Tomato,Abhinav,Maturity,Loamy,6.84,50.5,Leaf Mold,Mild,18.1,Bollworm,Light Trap,6,19.1,78.6,26.0,8.7,85.2,Good,0.79,0.49,Yes,Yes,Downy Mildew,Leaf Miner,Medium
KR_02685,2026-007-12,Kolhapur,Shirol,18.81357,79.36732,Soybean,MAUS-71,Seedling,Sandy Loam,6.45,55.1,Brown Spot,Moderate,35.1,Whitefly,Sticky Trap,14,34.9,61.7,41.0,6.8,35.9,Good,0.887,0.767,Yes,No,Thrips,Fruit Fly,Medium
KR_02686,2026-007-25,Nanded,Biloli,18.55954,76.57496,Potato,Local-P1,Maturity,Clay Loam,7.48,58.4,Leaf Miner,Moderate,31.4,Aphids,Sticky Trap,9,18.7,59.8,34.3,3.2,83.8,Good,0.852,0.751,Yes,No,Rust,Bollworm,Medium
KR_02687,2026-008-05,Kolhapur,Shirol,18.85432,74.70807,Grapes,Sonaka,Flowering,Black Soil,6.33,54.7,Early Blight,Moderate,46.9,Aphids,Sticky Trap,3,28.4,91.6,29.8,14.1,65.1,Too Dark,0.202,0.959,No,Yes,Brown Spot,Stem Borer,High
KR_02688,2026-006-27,Solapur,Akkalkot,18.69517,74.58904,Cotton,RCH-659,Fruiting,Sandy Loam,6.76,52.4,Thrips,Mild,11.7,Stem Borer,Light Trap,1,22.8,74.3,32.5,5.5,42.6,Too Dark,0.239,0.575,Yes,Yes,Bacterial Blight,Aphids,Medium
KR_02689,2026-008-02,Solapur,Malshiras,20.89338,73.09039,Cotton,Bt Cotton,Vegetative,Sandy Loam,7.68,67.4,Healthy,Mild,4.5,Bollworm,Pheromone Trap,7,37.7,87.5,41.3,9.0,26.2,Poor Framing,0.443,0.753,Yes,Yes,Leaf Mold,Thrips,Medium
KR_02690,2026-005-23,Nashik,Malegaon,20.07724,74.10325,Cotton,Bunny Bt,Maturity,Black Soil,6.52,17.3,Bollworm,Mild,11.7,Whitefly,Pheromone Trap,8,30.9,62.5,44.9,16.5,62.7,Good,0.754,0.496,Yes,Yes,Rust,Fruit Fly,Medium
KR_02691,2026-004-11,Satara,Karad,18.4239,76.85358,Grapes,Sharad Seedless,Vegetative,Loamy,7.02,68.0,Healthy,Mild,0.4,Bollworm,Sticky Trap,5,31.1,64.2,27.6,11.7,66.2,Blurry,0.292,0.706,Yes,Yes,Leaf Mold,Bollworm,Medium
KR_02692,2026-006-11,Pune,Baramati,16.16884,76.58973,Soybean,JS-335,Flowering,Black Soil,7.16,73.3,Rust,Mild,8.1,Leaf Miner,Light Trap,7,19.4,55.6,13.0,13.0,27.7,Too Dark,0.598,0.628,Yes,Yes,Leaf Mold,Stem Borer,Low
KR_02693,2026-006-22,Kolhapur,Kagal,19.49538,78.27411,Grapes,Sonaka,Flowering,Clay Loam,7.41,41.3,Brown Spot,Mild,16.9,Aphids,Light Trap,11,31.0,78.4,6.0,2.7,41.2,Too Dark,0.267,0.934,No,Yes,Rust,Thrips,Medium
KR_02694,2026-007-13,Ahmednagar,Shrigonda,21.3423,75.09103,Grapes,Thompson Seedless,Seedling,Black Soil,7.88,20.1,Thrips,Moderate,35.8,Stem Borer,Pheromone Trap,2,19.6,96.4,1.3,8.5,47.7,Good,0.95,0.744,No,Yes,Powdery Mildew,Aphids,Medium
KR_02695,2026-004-14,Solapur,Malshiras,18.3287,77.4456,Grapes,Thompson Seedless,Vegetative,Black Soil,6.41,41.2,Healthy,Mild,2.7,Bollworm,Pheromone Trap,12,32.4,48.5,1.5,2.5,75.0,Good,0.93,0.775,No,No,Blast,Thrips,Low
KR_02696,2026-004-11,Pune,Daund,19.31817,77.03122,Grapes,Sharad Seedless,Maturity,Sandy Loam,6.37,67.5,Bacterial Blight,Mild,17.2,Thrips,Pheromone Trap,0,31.8,82.9,39.8,10.6,26.8,Too Dark,0.219,0.596,Yes,Yes,Leaf Spot,Fruit Fly,Medium
KR_02697,2026-005-05,Nanded,Hadgaon,16.11217,74.35026,Potato,Kufri Jyoti,Seedling,Sandy Loam,7.99,69.0,Healthy,Mild,0.3,Bollworm,Pheromone Trap,6,36.8,58.0,29.4,4.2,60.8,Too Dark,0.461,0.94,No,Yes,Thrips,Thrips,Low
KR_02698,2026-003-05,Nashik,Malegaon,17.95404,77.31504,Rice,Basmati,Vegetative,Clay Loam,7.34,56.2,Early Blight,Mild,14.7,Bollworm,Sticky Trap,11,24.0,85.1,6.3,12.3,67.7,Good,0.812,0.459,Yes,Yes,Leaf Spot,Whitefly,Medium
KR_02699,2026-008-17,Nanded,Loha,20.03703,73.09533,Tomato,Abhinav,Fruiting,Clay Loam,6.66,69.0,Leaf Miner,Mild,5.2,Leaf Miner,Pheromone Trap,0,20.4,36.9,33.4,20.2,74.1,Good,0.952,0.901,Yes,No,Leaf Miner,Leaf Miner,Low
KR_02700,2026-001-14,Kolhapur,Hatkanangale,17.13347,79.02777,Tomato,Abhinav,Vegetative,Loamy,6.77,61.6,Blast,Moderate,26.6,Bollworm,Pheromone Trap,0,31.6,67.0,42.7,2.9,34.8,Blurry,0.59,0.56,No,Yes,Leaf Mold,Fruit Fly,Medium
KR_02701,2026-007-26,Solapur,Malshiras,16.33086,74.58164,Cotton,RCH-659,Seedling,Black Soil,6.87,63.0,Leaf Mold,Severe,77.0,Fruit Fly,Pheromone Trap,14,25.1,92.9,28.1,6.7,80.9,Good,0.838,0.906,No,No,Late Blight,Thrips,High
KR_02702,2026-001-19,Solapur,Pandharpur,18.4227,74.53582,Rice,Phule Samruddhi,Maturity,Loamy,8.07,42.0,Powdery Mildew,Severe,66.2,Thrips,Sticky Trap,10,24.0,35.9,26.4,11.8,26.1,Good,0.751,0.551,No,Yes,Powdery Mildew,Stem Borer,Medium
KR_02703,2026-002-07,Ahmednagar,Rahata,18.29895,78.54997,Potato,Kufri Pukhraj,Flowering,Sandy Loam,6.6,59.4,Bacterial Blight,Severe,83.0,Leaf Miner,Pheromone Trap,0,33.2,62.8,9.5,19.8,36.7,Too Dark,0.265,0.753,No,Yes,Leaf Mold,Thrips,Medium
KR_02704,2026-006-05,Kolhapur,Kagal,17.19662,73.60676,Rice,Indrayani,Seedling,Black Soil,7.42,32.4,Bollworm,Mild,14.3,Stem Borer,Pheromone Trap,0,21.8,82.4,26.8,15.7,63.6,Too Bright,0.427,0.797,No,Yes,Rust,Aphids,Medium
KR_02705,2026-003-16,Solapur,Mangalwedhe,20.61152,74.11947,Tomato,Arka Rakshak,Maturity,Loamy,6.18,74.3,Healthy,Mild,2.2,Bollworm,Sticky Trap,4,34.3,84.6,12.0,12.5,41.1,Good,0.873,0.583,Yes,Yes,Thrips,Leaf Miner,Medium
KR_02706,2026-002-26,Ahmednagar,Sangamner,16.07876,77.78216,Grapes,Thompson Seedless,Vegetative,Loamy,6.72,42.5,Early Blight,Severe,65.4,Stem Borer,Light Trap,13,23.2,69.5,10.4,13.6,40.6,Too Bright,0.204,0.975,Yes,Yes,Downy Mildew,Stem Borer,Medium
KR_02707,2026-007-22,Kolhapur,Kagal,16.38462,74.9324,Soybean,MACS-1188,Maturity,Sandy Loam,7.54,33.5,Bacterial Blight,Moderate,27.2,Aphids,Sticky Trap,12,36.4,41.5,41.7,7.1,92.1,Good,0.884,0.602,Yes,Yes,Leaf Mold,Fruit Fly,Medium
KR_02708,2026-008-01,Nashik,Dindori,17.00678,76.54306,Tomato,Hybrid-T1,Seedling,Loamy,7.67,17.9,Late Blight,Severe,53.2,Whitefly,Pheromone Trap,12,19.9,92.0,15.8,19.1,39.6,Blurry,0.572,0.552,Yes,Yes,Bollworm,Bollworm,High
KR_02709,2026-003-05,Nashik,Niphad,20.00195,77.72076,Potato,Kufri Pukhraj,Maturity,Clay Loam,6.36,28.9,Leaf Miner,Moderate,38.5,Bollworm,Sticky Trap,12,34.0,60.9,24.3,2.9,51.9,Good,0.807,0.789,No,No,Leaf Mold,Leaf Miner,Medium
KR_02710,2026-001-12,Kolhapur,Hatkanangale,18.38002,74.19362,Grapes,Thompson Seedless,Flowering,Sandy Loam,6.27,54.9,Powdery Mildew,Moderate,23.8,Aphids,Sticky Trap,6,31.2,88.6,43.9,4.6,41.0,Poor Framing,0.447,0.696,Yes,Yes,Stem Borer,Aphids,Medium
KR_02711,2026-008-25,Kolhapur,Hatkanangale,18.0783,75.92357,Tomato,Hybrid-T1,Fruiting,Black Soil,6.92,45.0,Late Blight,Moderate,42.0,Bollworm,Light Trap,12,31.9,54.4,27.4,3.3,31.8,Good,0.788,0.724,Yes,Yes,Rust,Aphids,Medium
KR_02712,2026-005-03,Pune,Daund,16.14227,79.12626,Potato,Local-P1,Vegetative,Loamy,6.32,36.4,Brown Spot,Severe,63.9,Fruit Fly,Pheromone Trap,0,19.2,69.2,42.1,21.4,41.3,Good,0.885,0.776,Yes,No,Leaf Miner,Fruit Fly,Medium
KR_02713,2026-007-16,Pune,Shirur,17.52518,77.65714,Rice,Basmati,Fruiting,Black Soil,6.93,52.2,Early Blight,Severe,56.3,Leaf Miner,Pheromone Trap,0,27.5,45.0,34.8,8.3,30.8,Good,0.89,0.683,Yes,Yes,Stem Borer,Whitefly,Medium
KR_02714,2026-008-01,Sangli,Kavathe Mahankal,19.95681,75.67763,Tomato,Abhinav,Flowering,Sandy Loam,6.49,48.4,Leaf Miner,Severe,73.1,Whitefly,Pheromone Trap,10,32.5,93.3,40.2,20.2,77.8,Too Dark,0.608,0.825,No,Yes,Blast,Bollworm,High
KR_02715,2026-003-22,Ahmednagar,Sangamner,17.19709,77.09199,Grapes,Thompson Seedless,Fruiting,Loamy,7.56,61.1,Rust,Severe,57.4,Aphids,Light Trap,12,28.4,49.8,3.0,21.1,74.9,Good,0.85,0.476,Yes,Yes,Stem Borer,Aphids,Medium
KR_02716,2026-003-11,Satara,Phaltan,18.64884,77.08956,Potato,Kufri Jyoti,Maturity,Sandy Loam,6.4,65.7,Leaf Spot,Severe,58.6,Aphids,Sticky Trap,5,24.9,93.0,4.9,4.6,70.8,Good,0.821,0.819,No,No,Leaf Spot,Fruit Fly,High
KR_02717,2026-004-10,Kolhapur,Hatkanangale,20.04758,77.45356,Soybean,JS-335,Vegetative,Clay Loam,6.48,71.0,Thrips,Mild,5.8,Leaf Miner,Light Trap,11,30.1,83.2,5.7,2.7,25.2,Good,0.813,0.869,Yes,No,Late Blight,Thrips,Medium
KR_02718,2026-004-10,Kolhapur,Kagal,18.84434,75.2917,Rice,Phule Samruddhi,Seedling,Sandy Loam,6.02,43.9,Leaf Mold,Severe,52.6,Fruit Fly,Light Trap,7,23.8,49.6,44.9,4.1,86.3,Poor Framing,0.221,0.872,No,Yes,Stem Borer,Thrips,Medium
KR_02719,2026-008-25,Pune,Baramati,21.2343,75.9711,Cotton,Bt Cotton,Seedling,Black Soil,7.01,17.2,Stem Borer,Moderate,29.4,Fruit Fly,Light Trap,1,30.4,41.0,33.9,19.0,56.1,Too Bright,0.217,0.813,No,Yes,Rust,Thrips,Medium
KR_02720,2026-005-25,Solapur,Malshiras,17.07962,73.59083,Rice,Indrayani,Seedling,Sandy Loam,6.27,74.1,Leaf Miner,Moderate,41.6,Whitefly,Light Trap,12,34.9,58.2,10.8,13.1,91.5,Good,0.997,0.658,Yes,Yes,Powdery Mildew,Aphids,Medium
KR_02721,2026-004-12,Sangli,Kavathe Mahankal,19.16177,73.03421,Cotton,RCH-659,Vegetative,Clay Loam,6.5,74.6,Brown Spot,Severe,73.1,Stem Borer,Pheromone Trap,10,21.4,74.6,3.0,22.0,92.2,Good,0.953,0.49,Yes,Yes,Bollworm,Leaf Miner,Medium
KR_02722,2026-004-27,Kolhapur,Kagal,21.3445,74.51084,Soybean,MACS-1188,Vegetative,Sandy Loam,7.64,41.2,Brown Spot,Moderate,29.6,Stem Borer,Sticky Trap,15,34.0,82.0,25.5,2.4,83.6,Blurry,0.473,0.498,No,Yes,Leaf Mold,Whitefly,Medium
KR_02723,2026-003-13,Nanded,Hadgaon,18.22545,79.32318,Tomato,Abhinav,Seedling,Loamy,7.36,38.9,Healthy,Mild,3.9,Bollworm,Pheromone Trap,5,34.9,72.6,34.2,16.0,44.0,Blurry,0.392,0.836,No,Yes,Rust,Leaf Miner,Medium
KR_02724,2026-006-05,Solapur,Mangalwedhe,17.89331,74.0052,Grapes,Sonaka,Flowering,Sandy Loam,6.62,64.0,Blast,Severe,61.8,Stem Borer,Pheromone Trap,5,23.9,95.6,11.0,17.2,89.8,Too Bright,0.258,0.742,No,Yes,Early Blight,Fruit Fly,High
KR_02725,2026-002-09,Ahmednagar,Sangamner,18.52902,74.59462,Soybean,JS-335,Seedling,Sandy Loam,7.05,51.0,Bacterial Blight,Mild,9.2,Aphids,Sticky Trap,9,31.9,92.5,0.5,6.3,20.2,Too Dark,0.485,0.89,Yes,Yes,Rust,Leaf Miner,Medium
KR_02726,2026-001-19,Solapur,Malshiras,18.83056,76.28931,Soybean,MAUS-71,Fruiting,Black Soil,7.06,62.1,Leaf Miner,Mild,13.3,Aphids,Pheromone Trap,0,19.1,46.4,2.1,4.2,40.9,Poor Framing,0.437,0.524,Yes,Yes,Blast,Fruit Fly,Low
KR_02727,2026-006-07,Kolhapur,Karveer,19.42144,76.99046,Cotton,Bt Cotton,Fruiting,Clay Loam,7.99,51.1,Powdery Mildew,Moderate,39.0,Bollworm,Light Trap,1,22.4,49.7,32.7,20.4,77.1,Poor Framing,0.581,0.748,Yes,Yes,Stem Borer,Whitefly,Medium
KR_02728,2026-002-07,Nanded,Deglur,17.79223,76.22922,Rice,Phule Samruddhi,Seedling,Clay Loam,7.35,60.3,Thrips,Mild,14.8,Fruit Fly,Light Trap,3,18.9,73.9,16.2,17.4,79.3,Blurry,0.383,0.959,Yes,Yes,Rust,Aphids,Medium
KR_02729,2026-007-24,Solapur,Malshiras,20.49458,76.26718,Potato,Kufri Jyoti,Vegetative,Black Soil,8.02,38.5,Downy Mildew,Mild,7.0,Whitefly,Light Trap,9,29.3,97.7,15.9,8.2,90.6,Too Dark,0.543,0.976,Yes,Yes,Leaf Miner,Aphids,Medium
KR_02730,2026-005-26,Pune,Baramati,21.04878,73.05344,Rice,Basmati,Seedling,Clay Loam,7.43,30.4,Bollworm,Severe,68.9,Bollworm,Pheromone Trap,14,22.1,57.2,41.3,2.2,47.0,Too Dark,0.294,0.812,Yes,Yes,Blast,Fruit Fly,Medium
KR_02731,2026-003-09,Satara,Wai,17.80602,73.44707,Soybean,MAUS-71,Fruiting,Clay Loam,6.48,72.5,Brown Spot,Moderate,31.7,Bollworm,Sticky Trap,3,33.6,65.1,25.7,21.4,92.4,Blurry,0.468,0.826,Yes,Yes,Powdery Mildew,Fruit Fly,Medium
KR_02732,2026-004-23,Ahmednagar,Sangamner,20.16202,75.77913,Tomato,Abhinav,Vegetative,Clay Loam,7.26,49.9,Late Blight,Severe,78.1,Leaf Miner,Pheromone Trap,0,19.4,93.6,41.5,17.9,74.5,Too Dark,0.459,0.493,Yes,Yes,Leaf Mold,Stem Borer,High
KR_02733,2026-007-05,Satara,Wai,20.48547,74.99882,Tomato,Arka Rakshak,Flowering,Loamy,6.69,26.0,Bacterial Blight,Moderate,38.9,Thrips,Sticky Trap,9,26.1,71.7,6.4,17.3,36.7,Poor Framing,0.527,0.92,Yes,Yes,Leaf Spot,Aphids,Medium
KR_02734,2026-003-11,Ahmednagar,Rahata,16.7459,77.44204,Soybean,MAUS-71,Fruiting,Loamy,6.74,16.9,Early Blight,Mild,16.0,Leaf Miner,Pheromone Trap,14,35.9,36.4,34.4,7.7,84.1,Too Bright,0.317,0.527,No,Yes,Early Blight,Aphids,Medium
KR_02735,2026-006-07,Sangli,Miraj,20.84064,78.37368,Grapes,Sonaka,Maturity,Loamy,7.33,31.1,Powdery Mildew,Moderate,20.2,Whitefly,Pheromone Trap,1,20.7,76.8,7.1,18.6,79.4,Too Dark,0.475,0.594,Yes,Yes,Brown Spot,Whitefly,Medium
KR_02736,2026-002-18,Sangli,Miraj,18.23986,78.46293,Grapes,Sonaka,Seedling,Sandy Loam,6.14,41.1,Rust,Severe,69.5,Aphids,Sticky Trap,8,21.9,48.9,36.8,3.9,87.1,Good,0.868,0.711,No,Yes,Late Blight,Bollworm,Medium
KR_02737,2026-003-06,Kolhapur,Hatkanangale,19.00446,76.47052,Soybean,JS-335,Vegetative,Black Soil,7.19,32.0,Healthy,Mild,2.8,Bollworm,Pheromone Trap,0,35.0,45.6,36.2,20.6,54.3,Good,0.831,0.7,Yes,Yes,Early Blight,Aphids,Low
KR_02738,2026-001-20,Solapur,Pandharpur,18.49002,78.38431,Cotton,RCH-659,Flowering,Black Soil,7.89,36.9,Early Blight,Mild,15.3,Whitefly,Pheromone Trap,0,34.0,41.0,12.5,17.9,93.9,Blurry,0.444,0.645,No,Yes,Leaf Mold,Leaf Miner,Medium
KR_02739,2026-007-03,Nashik,Malegaon,18.7472,77.03251,Grapes,Thompson Seedless,Maturity,Clay Loam,6.16,22.8,Bollworm,Severe,84.9,Leaf Miner,Pheromone Trap,0,34.3,53.2,14.5,12.8,27.9,Too Bright,0.545,0.561,Yes,Yes,Stem Borer,Aphids,Medium
KR_02740,2026-006-20,Sangli,Tasgaon,19.76433,78.58893,Soybean,MAUS-71,Seedling,Sandy Loam,7.06,70.5,Leaf Mold,Moderate,36.9,Bollworm,Pheromone Trap,8,30.8,37.0,38.7,10.0,30.5,Too Bright,0.577,0.474,Yes,Yes,Leaf Miner,Aphids,Medium
KR_02741,2026-003-16,Pune,Baramati,19.77121,78.22024,Cotton,Bunny Bt,Seedling,Loamy,6.44,48.8,Leaf Miner,Mild,11.1,Bollworm,Pheromone Trap,11,23.6,36.1,43.8,17.1,21.4,Blurry,0.223,0.644,Yes,Yes,Bollworm,Fruit Fly,Low
KR_02742,2026-004-09,Nashik,Malegaon,21.3255,77.75078,Rice,Basmati,Flowering,Loamy,6.31,64.0,Blast,Severe,70.9,Stem Borer,Pheromone Trap,0,20.2,95.0,30.8,15.7,40.1,Good,0.849,0.959,No,No,Rust,Aphids,High
KR_02743,2026-001-19,Solapur,Malshiras,19.33117,76.38572,Rice,Indrayani,Flowering,Black Soil,7.76,23.3,Powdery Mildew,Moderate,39.1,Thrips,Sticky Trap,10,32.3,42.3,25.3,15.7,48.5,Good,0.829,0.602,Yes,Yes,Downy Mildew,Thrips,Medium
KR_02744,2026-006-26,Sangli,Tasgaon,20.05594,76.21533,Tomato,Abhinav,Fruiting,Black Soil,6.99,36.2,Leaf Miner,Severe,56.7,Leaf Miner,Sticky Trap,13,37.0,44.4,36.5,17.4,33.9,Good,0.753,0.566,Yes,Yes,Blast,Stem Borer,Medium
KR_02745,2026-006-03,Satara,Phaltan,17.13621,76.72412,Potato,Kufri Jyoti,Fruiting,Clay Loam,7.9,65.4,Bollworm,Mild,7.2,Stem Borer,Pheromone Trap,0,37.5,48.2,7.0,4.4,51.0,Good,0.941,0.879,No,No,Stem Borer,Fruit Fly,Low
KR_02746,2026-007-19,Nashik,Dindori,20.83909,77.91306,Potato,Kufri Pukhraj,Fruiting,Loamy,7.34,25.8,Brown Spot,Severe,84.8,Whitefly,Light Trap,13,27.8,64.9,9.8,8.8,33.1,Good,0.84,0.524,Yes,Yes,Stem Borer,Bollworm,Medium
KR_02747,2026-008-28,Pune,Indapur,20.17318,75.30922,Potato,Kufri Jyoti,Seedling,Black Soil,6.55,30.9,Bacterial Blight,Mild,11.5,Whitefly,Light Trap,9,32.9,44.2,6.6,3.1,66.1,Too Dark,0.374,0.681,No,Yes,Leaf Miner,Bollworm,Low
KR_02748,2026-005-10,Solapur,Mangalwedhe,18.41072,76.98369,Potato,Kufri Pukhraj,Seedling,Black Soil,6.91,48.0,Stem Borer,Mild,18.7,Bollworm,Pheromone Trap,6,26.6,64.3,38.7,8.3,28.6,Blurry,0.288,0.784,Yes,Yes,Powdery Mildew,Stem Borer,Medium
KR_02749,2026-003-06,Sangli,Jat,18.47823,79.39141,Tomato,Arka Rakshak,Maturity,Black Soil,7.75,62.6,Bacterial Blight,Mild,14.3,Fruit Fly,Light Trap,8,36.9,94.4,30.6,15.3,84.7,Good,0.83,0.838,No,No,Leaf Mold,Stem Borer,Medium
KR_02750,2026-005-07,Pune,Shirur,16.00692,74.2479,Grapes,Sharad Seedless,Vegetative,Sandy Loam,6.03,21.4,Thrips,Mild,19.0,Thrips,Sticky Trap,3,33.2,41.9,13.0,14.8,22.5,Too Bright,0.245,0.768,Yes,Yes,Thrips,Whitefly,Medium
KR_02751,2026-008-07,Solapur,Akkalkot,16.38925,76.31897,Grapes,Thompson Seedless,Seedling,Black Soil,6.54,34.8,Powdery Mildew,Moderate,37.9,Leaf Miner,Sticky Trap,4,36.5,96.8,11.1,5.9,48.6,Good,0.977,0.642,Yes,Yes,Leaf Mold,Aphids,Medium
KR_02752,2026-003-13,Pune,Daund,17.98668,77.37018,Cotton,RCH-659,Fruiting,Sandy Loam,7.5,71.0,Blast,Moderate,30.8,Thrips,Light Trap,4,36.9,84.6,31.8,19.3,57.8,Good,0.759,0.877,No,No,Rust,Stem Borer,Medium
KR_02753,2026-008-16,Nashik,Niphad,16.04207,75.30336,Grapes,Thompson Seedless,Flowering,Black Soil,6.73,60.5,Downy Mildew,Severe,68.2,Thrips,Sticky Trap,10,34.4,39.6,36.4,19.9,32.2,Poor Framing,0.203,0.974,Yes,Yes,Bacterial Blight,Bollworm,Medium
KR_02754,2026-006-15,Solapur,Mangalwedhe,19.16459,77.47126,Rice,Phule Samruddhi,Fruiting,Black Soil,7.0,35.2,Rust,Severe,61.5,Leaf Miner,Light Trap,14,25.9,42.7,3.6,11.0,73.6,Poor Framing,0.327,0.843,Yes,Yes,Thrips,Leaf Miner,Medium
KR_02755,2026-006-06,Kolhapur,Kagal,21.2113,78.4881,Grapes,Thompson Seedless,Maturity,Loamy,6.64,47.0,Early Blight,Mild,18.9,Aphids,Pheromone Trap,0,28.1,35.9,4.3,5.6,71.5,Good,0.876,0.81,Yes,No,Bollworm,Whitefly,Medium
KR_02756,2026-007-11,Ahmednagar,Rahata,16.19197,75.90677,Cotton,Bunny Bt,Flowering,Black Soil,6.43,17.5,Downy Mildew,Severe,63.0,Stem Borer,Pheromone Trap,1,37.4,51.5,19.4,8.4,79.6,Good,0.908,0.76,No,No,Leaf Miner,Thrips,Medium
KR_02757,2026-002-12,Pune,Shirur,20.16184,74.65922,Rice,Basmati,Maturity,Loamy,6.89,28.4,Rust,Mild,18.5,Bollworm,Pheromone Trap,2,19.4,87.1,27.3,18.4,81.6,Poor Framing,0.564,0.903,No,Yes,Leaf Mold,Leaf Miner,Medium
KR_02758,2026-005-27,Kolhapur,Kagal,17.90929,73.54849,Potato,Kufri Jyoti,Flowering,Loamy,6.35,22.2,Thrips,Severe,57.6,Bollworm,Sticky Trap,3,30.5,57.1,1.2,7.8,86.6,Too Dark,0.399,0.513,Yes,Yes,Blast,Bollworm,Medium
KR_02759,2026-002-16,Sangli,Miraj,17.25885,75.61243,Cotton,RCH-659,Flowering,Black Soil,7.23,26.4,Rust,Severe,69.4,Aphids,Pheromone Trap,3,29.8,62.2,7.3,20.5,39.0,Too Bright,0.538,0.747,No,Yes,Stem Borer,Leaf Miner,Medium
KR_02760,2026-008-08,Sangli,Kavathe Mahankal,20.57792,73.96625,Cotton,Bunny Bt,Flowering,Loamy,7.45,18.0,Powdery Mildew,Mild,8.4,Aphids,Pheromone Trap,0,25.8,37.6,23.0,4.2,28.0,Good,0.872,0.612,No,Yes,Bollworm,Aphids,Low
KR_02761,2026-008-04,Nanded,Deglur,18.80738,75.42862,Soybean,MAUS-71,Fruiting,Black Soil,6.28,45.0,Early Blight,Severe,79.7,Aphids,Pheromone Trap,0,30.6,61.2,10.2,4.5,29.7,Good,0.879,0.485,No,Yes,Bollworm,Aphids,Medium
KR_02762,2026-004-17,Ahmednagar,Shrigonda,18.38849,78.64653,Tomato,Hybrid-T1,Fruiting,Sandy Loam,8.18,18.0,Late Blight,Severe,61.8,Fruit Fly,Pheromone Trap,13,30.6,54.7,30.0,7.7,24.4,Good,0.933,0.853,Yes,No,Late Blight,Fruit Fly,Medium
KR_02763,2026-006-01,Ahmednagar,Rahata,17.73896,74.1189,Tomato,Hybrid-T1,Fruiting,Sandy Loam,6.93,72.8,Early Blight,Mild,10.1,Thrips,Pheromone Trap,14,23.4,78.8,37.3,21.8,88.2,Good,0.77,0.655,Yes,Yes,Leaf Spot,Leaf Miner,Medium
KR_02764,2026-003-17,Ahmednagar,Sangamner,17.6402,79.26678,Potato,Kufri Pukhraj,Flowering,Sandy Loam,7.64,50.4,Bollworm,Moderate,21.9,Whitefly,Pheromone Trap,11,37.4,66.8,37.7,19.7,33.8,Poor Framing,0.306,0.545,Yes,Yes,Early Blight,Fruit Fly,Medium
KR_02765,2026-008-04,Nanded,Hadgaon,21.01082,75.15737,Tomato,Hybrid-T1,Vegetative,Sandy Loam,6.4,70.2,Leaf Miner,Mild,9.9,Aphids,Light Trap,2,28.1,41.2,28.2,2.2,61.1,Poor Framing,0.426,0.59,Yes,Yes,Thrips,Stem Borer,Low
KR_02766,2026-001-06,Satara,Phaltan,20.22341,75.44069,Rice,Phule Samruddhi,Flowering,Sandy Loam,7.39,29.5,Leaf Mold,Mild,19.6,Bollworm,Light Trap,2,20.3,75.6,27.6,6.5,61.5,Good,0.984,0.781,Yes,No,Rust,Stem Borer,Medium
KR_02767,2026-007-25,Nashik,Malegaon,19.49248,75.33164,Rice,Phule Samruddhi,Maturity,Clay Loam,7.5,50.8,Early Blight,Severe,57.5,Leaf Miner,Pheromone Trap,7,19.2,53.2,43.7,9.9,92.7,Too Dark,0.582,0.621,Yes,Yes,Leaf Spot,Whitefly,Medium
KR_02768,2026-005-01,Solapur,Malshiras,18.59859,75.1017,Soybean,MAUS-71,Seedling,Clay Loam,6.41,62.5,Thrips,Severe,59.1,Whitefly,Sticky Trap,4,22.9,85.4,21.5,11.0,52.5,Too Bright,0.521,0.554,Yes,Yes,Leaf Miner,Stem Borer,High
KR_02769,2026-007-04,Kolhapur,Karveer,18.55541,73.95979,Potato,Kufri Jyoti,Vegetative,Black Soil,7.37,23.3,Rust,Severe,83.9,Whitefly,Pheromone Trap,0,37.8,94.7,30.8,17.9,89.2,Good,0.882,0.775,No,No,Rust,Whitefly,High
KR_02770,2026-002-24,Sangli,Kavathe Mahankal,20.11287,73.96753,Tomato,Hybrid-T1,Seedling,Sandy Loam,6.64,24.9,Healthy,Mild,3.5,Bollworm,Pheromone Trap,0,20.2,67.6,23.6,17.5,82.4,Too Dark,0.347,0.79,Yes,Yes,Thrips,Thrips,Medium
KR_02771,2026-004-07,Pune,Shirur,16.61875,78.24081,Tomato,Abhinav,Flowering,Sandy Loam,6.54,29.8,Leaf Spot,Severe,66.6,Fruit Fly,Pheromone Trap,3,26.8,61.5,26.7,2.9,55.0,Good,0.972,0.786,No,No,Brown Spot,Fruit Fly,Medium
KR_02772,2026-007-16,Nanded,Hadgaon,19.77002,76.89627,Rice,Phule Samruddhi,Vegetative,Sandy Loam,7.62,70.2,Bollworm,Moderate,39.2,Thrips,Light Trap,5,26.6,70.8,32.1,13.4,45.9,Poor Framing,0.353,0.49,No,Yes,Bacterial Blight,Thrips,Medium
KR_02773,2026-006-25,Pune,Shirur,21.3032,76.49084,Tomato,Hybrid-T1,Flowering,Sandy Loam,6.91,18.5,Powdery Mildew,Mild,17.2,Bollworm,Light Trap,4,24.6,52.6,2.2,16.9,63.6,Poor Framing,0.314,0.793,Yes,Yes,Brown Spot,Leaf Miner,Medium
KR_02774,2026-006-23,Ahmednagar,Rahata,17.42052,77.91616,Cotton,Bt Cotton,Flowering,Clay Loam,8.13,28.8,Late Blight,Severe,81.1,Stem Borer,Pheromone Trap,5,26.1,38.8,5.6,21.0,69.9,Blurry,0.39,0.661,No,Yes,Leaf Mold,Aphids,Medium
KR_02775,2026-004-20,Sangli,Kavathe Mahankal,16.73191,77.36155,Grapes,Thompson Seedless,Vegetative,Loamy,6.51,71.5,Leaf Spot,Mild,13.2,Thrips,Pheromone Trap,14,36.4,75.1,21.2,6.8,45.5,Blurry,0.59,0.887,Yes,Yes,Rust,Fruit Fly,Medium
KR_02776,2026-004-06,Pune,Baramati,19.53562,73.67416,Potato,Kufri Jyoti,Fruiting,Loamy,6.52,44.1,Downy Mildew,Mild,10.6,Thrips,Pheromone Trap,9,20.1,42.6,6.8,17.6,45.4,Good,0.95,0.71,Yes,Yes,Leaf Miner,Fruit Fly,Low
KR_02777,2026-006-25,Kolhapur,Karveer,19.48649,77.14016,Rice,Basmati,Maturity,Black Soil,7.38,15.3,Thrips,Moderate,28.2,Bollworm,Light Trap,1,30.2,73.1,11.2,18.0,84.7,Good,0.764,0.712,Yes,Yes,Late Blight,Whitefly,Medium
KR_02778,2026-003-18,Solapur,Akkalkot,16.53903,76.16626,Rice,Indrayani,Maturity,Loamy,6.07,36.1,Leaf Spot,Mild,9.5,Aphids,Light Trap,6,37.6,72.2,31.8,13.1,20.9,Good,0.765,0.538,No,Yes,Rust,Whitefly,Medium
KR_02779,2026-007-02,Pune,Indapur,19.37027,78.68549,Tomato,Abhinav,Flowering,Loamy,8.07,23.6,Powdery Mildew,Moderate,34.7,Bollworm,Pheromone Trap,0,35.2,53.2,44.3,6.9,61.2,Too Bright,0.328,0.513,Yes,Yes,Rust,Whitefly,Medium
KR_02780,2026-008-25,Ahmednagar,Sangamner,17.45399,75.41227,Soybean,MACS-1188,Seedling,Black Soil,6.77,26.2,Bacterial Blight,Moderate,26.2,Stem Borer,Pheromone Trap,0,28.2,49.3,36.9,10.2,28.9,Good,0.899,0.763,Yes,No,Leaf Mold,Bollworm,Medium
KR_02781,2026-003-16,Sangli,Miraj,19.05665,73.60752,Tomato,Hybrid-T1,Vegetative,Loamy,6.76,69.0,Stem Borer,Severe,53.5,Stem Borer,Pheromone Trap,0,20.8,77.3,44.6,8.0,80.7,Too Bright,0.576,0.873,Yes,Yes,Downy Mildew,Aphids,Medium
KR_02782,2026-007-20,Pune,Indapur,17.94884,73.46348,Grapes,Sonaka,Vegetative,Clay Loam,7.56,59.2,Rust,Severe,66.0,Aphids,Pheromone Trap,0,29.2,66.9,39.5,4.0,58.4,Blurry,0.648,0.704,Yes,Yes,Early Blight,Whitefly,Medium
KR_02783,2026-004-03,Nashik,Niphad,20.06027,78.73545,Potato,Kufri Pukhraj,Flowering,Sandy Loam,6.41,22.9,Early Blight,Moderate,24.9,Bollworm,Pheromone Trap,9,37.2,41.1,37.4,7.2,51.3,Poor Framing,0.24,0.927,Yes,Yes,Brown Spot,Whitefly,Medium
KR_02784,2026-001-08,Nashik,Sinnar,17.09398,79.18683,Tomato,Abhinav,Vegetative,Loamy,7.74,56.7,Leaf Mold,Mild,16.2,Fruit Fly,Sticky Trap,8,33.0,42.0,40.9,4.0,49.8,Too Bright,0.613,0.946,Yes,Yes,Bollworm,Bollworm,Medium
KR_02785,2026-002-06,Solapur,Mangalwedhe,18.26475,78.454,Cotton,RCH-659,Seedling,Loamy,8.17,56.9,Brown Spot,Severe,64.0,Bollworm,Pheromone Trap,0,28.6,70.0,19.7,2.7,38.3,Too Dark,0.465,0.508,Yes,Yes,Stem Borer,Bollworm,Medium
KR_02786,2026-004-09,Solapur,Akkalkot,16.80654,79.24307,Tomato,Hybrid-T1,Maturity,Clay Loam,7.65,19.2,Bollworm,Moderate,43.4,Leaf Miner,Pheromone Trap,11,19.6,86.8,0.8,14.3,90.7,Poor Framing,0.568,0.628,Yes,Yes,Leaf Spot,Bollworm,High
KR_02787,2026-008-04,Nashik,Dindori,17.86019,78.41681,Potato,Local-P1,Seedling,Clay Loam,7.29,51.3,Bollworm,Severe,68.1,Thrips,Sticky Trap,4,25.3,73.4,18.1,7.5,73.3,Too Bright,0.633,0.867,Yes,Yes,Leaf Mold,Stem Borer,Medium
KR_02788,2026-007-22,Nashik,Dindori,18.31335,78.79748,Rice,Phule Samruddhi,Fruiting,Loamy,6.01,43.5,Stem Borer,Severe,58.8,Bollworm,Sticky Trap,7,23.7,82.3,1.8,19.7,32.4,Good,0.956,0.807,No,No,Leaf Mold,Stem Borer,High
KR_02789,2026-005-01,Nanded,Loha,18.01202,73.41987,Rice,Phule Samruddhi,Fruiting,Clay Loam,7.66,24.4,Leaf Spot,Mild,8.0,Stem Borer,Pheromone Trap,12,24.6,53.4,4.9,13.7,20.3,Good,0.934,0.649,No,Yes,Bollworm,Thrips,Low
KR_02790,2026-007-14,Nashik,Dindori,19.21353,73.89787,Cotton,Bunny Bt,Vegetative,Clay Loam,6.44,31.3,Late Blight,Moderate,31.5,Thrips,Pheromone Trap,0,29.9,88.1,29.3,9.6,62.8,Too Dark,0.224,0.855,Yes,Yes,Late Blight,Aphids,Medium
KR_02791,2026-003-28,Kolhapur,Hatkanangale,18.24417,75.39723,Tomato,Arka Rakshak,Seedling,Sandy Loam,7.46,24.1,Early Blight,Mild,5.2,Thrips,Sticky Trap,13,23.6,97.1,5.7,12.7,80.5,Good,0.832,0.987,No,No,Late Blight,Thrips,Medium
KR_02792,2026-005-05,Solapur,Pandharpur,19.91517,79.29205,Cotton,RCH-659,Flowering,Black Soil,8.18,15.6,Healthy,Mild,4.4,Bollworm,Pheromone Trap,7,28.6,91.9,42.0,11.5,23.8,Poor Framing,0.395,0.589,Yes,Yes,Downy Mildew,Stem Borer,Medium
KR_02793,2026-002-11,Satara,Phaltan,20.52882,76.78528,Cotton,Bunny Bt,Maturity,Loamy,7.53,40.9,Rust,Severe,78.3,Aphids,Sticky Trap,14,23.9,89.8,14.4,10.6,86.6,Too Bright,0.362,0.518,Yes,Yes,Powdery Mildew,Whitefly,High
KR_02794,2026-001-05,Satara,Karad,16.18333,77.47344,Grapes,Sharad Seedless,Flowering,Black Soil,6.69,34.1,Leaf Spot,Mild,5.5,Leaf Miner,Pheromone Trap,5,24.2,57.7,8.1,21.7,56.8,Blurry,0.505,0.827,No,Yes,Leaf Miner,Aphids,Low
KR_02795,2026-003-05,Solapur,Pandharpur,16.92445,79.34134,Grapes,Sharad Seedless,Seedling,Sandy Loam,8.08,61.5,Leaf Miner,Moderate,41.4,Stem Borer,Sticky Trap,13,21.0,90.6,6.0,15.3,64.9,Good,0.947,0.839,Yes,No,Early Blight,Thrips,High
KR_02796,2026-007-03,Satara,Koregaon,19.86468,75.61181,Soybean,MACS-1188,Fruiting,Clay Loam,6.63,38.6,Leaf Mold,Severe,68.6,Aphids,Sticky Trap,3,19.2,92.0,25.9,14.6,30.2,Good,0.802,0.748,Yes,Yes,Powdery Mildew,Aphids,High
KR_02797,2026-008-02,Kolhapur,Hatkanangale,18.2303,77.57122,Rice,Phule Samruddhi,Maturity,Clay Loam,7.06,16.4,Leaf Mold,Severe,57.4,Leaf Miner,Pheromone Trap,9,23.8,78.9,3.6,9.9,37.5,Poor Framing,0.465,0.841,Yes,Yes,Leaf Spot,Whitefly,Medium
KR_02798,2026-002-12,Pune,Shirur,20.54504,76.1578,Soybean,MACS-1188,Seedling,Sandy Loam,7.3,53.3,Leaf Mold,Moderate,43.9,Thrips,Pheromone Trap,2,28.8,42.0,34.3,9.2,67.4,Poor Framing,0.393,0.815,Yes,Yes,Leaf Miner,Fruit Fly,Medium
KR_02799,2026-004-12,Solapur,Pandharpur,16.53219,75.60812,Tomato,Arka Rakshak,Maturity,Loamy,6.19,33.2,Thrips,Mild,12.1,Aphids,Sticky Trap,9,26.2,69.8,27.5,13.0,42.6,Good,0.908,0.57,No,Yes,Stem Borer,Fruit Fly,Medium
KR_02800,2026-007-15,Sangli,Miraj,19.24481,77.70509,Rice,Basmati,Fruiting,Loamy,6.02,68.0,Leaf Mold,Severe,61.4,Stem Borer,Pheromone Trap,0,18.1,61.3,33.9,7.9,30.5,Too Dark,0.278,0.527,Yes,Yes,Rust,Whitefly,Medium
KR_02801,2026-004-27,Solapur,Akkalkot,20.41747,78.57899,Soybean,MACS-1188,Fruiting,Black Soil,8.06,59.6,Leaf Spot,Severe,58.1,Aphids,Pheromone Trap,0,22.5,45.2,44.6,5.2,46.6,Good,0.806,0.822,Yes,No,Late Blight,Fruit Fly,Medium
KR_02802,2026-004-19,Ahmednagar,Rahata,18.19511,78.13972,Grapes,Thompson Seedless,Flowering,Black Soil,7.88,19.8,Downy Mildew,Mild,19.5,Thrips,Pheromone Trap,6,29.7,59.1,8.4,21.1,37.0,Too Dark,0.486,0.527,Yes,Yes,Blast,Stem Borer,Medium
KR_02803,2026-002-25,Ahmednagar,Kopargaon,19.28507,76.82539,Cotton,Bt Cotton,Fruiting,Loamy,7.28,19.8,Thrips,Mild,10.3,Bollworm,Light Trap,2,30.6,38.8,43.4,18.6,50.9,Too Bright,0.571,0.558,Yes,Yes,Bacterial Blight,Fruit Fly,Low
KR_02804,2026-002-21,Sangli,Tasgaon,19.43954,74.00676,Cotton,Bunny Bt,Vegetative,Loamy,7.44,29.3,Stem Borer,Severe,59.6,Fruit Fly,Pheromone Trap,1,32.1,55.1,43.5,16.3,71.2,Good,0.763,0.889,No,No,Blast,Leaf Miner,Medium
KR_02805,2026-001-02,Sangli,Kavathe Mahankal,19.61915,78.16156,Potato,Local-P1,Vegetative,Clay Loam,6.89,52.3,Downy Mildew,Severe,59.3,Aphids,Sticky Trap,9,36.4,62.3,34.5,14.4,62.2,Blurry,0.429,0.506,Yes,Yes,Downy Mildew,Whitefly,Medium
KR_02806,2026-008-28,Sangli,Miraj,18.45337,74.81768,Rice,Basmati,Flowering,Clay Loam,6.68,59.5,Stem Borer,Severe,53.2,Fruit Fly,Sticky Trap,3,24.7,40.2,7.1,9.9,93.4,Too Dark,0.23,0.8,No,Yes,Rust,Thrips,Medium
KR_02807,2026-007-01,Satara,Phaltan,17.31528,77.00218,Soybean,MAUS-71,Fruiting,Sandy Loam,6.04,74.2,Bacterial Blight,Moderate,26.9,Stem Borer,Pheromone Trap,14,19.0,79.9,12.4,3.2,93.5,Good,0.937,0.563,Yes,Yes,Leaf Spot,Aphids,Medium
KR_02808,2026-004-01,Nanded,Hadgaon,17.10265,76.24982,Grapes,Sharad Seedless,Vegetative,Sandy Loam,6.65,30.7,Leaf Miner,Mild,9.1,Thrips,Pheromone Trap,0,31.2,94.5,19.1,10.1,42.3,Poor Framing,0.439,0.552,Yes,Yes,Powdery Mildew,Stem Borer,Medium
KR_02809,2026-003-09,Pune,Shirur,16.71198,76.9286,Soybean,JS-335,Vegetative,Clay Loam,6.55,26.9,Blast,Moderate,44.3,Bollworm,Pheromone Trap,13,18.8,69.6,7.3,4.9,76.6,Too Bright,0.262,0.652,Yes,Yes,Early Blight,Thrips,Medium
KR_02810,2026-007-28,Solapur,Malshiras,19.49119,78.7816,Grapes,Thompson Seedless,Maturity,Loamy,7.17,30.9,Leaf Spot,Moderate,24.2,Thrips,Sticky Trap,6,30.9,43.4,22.5,8.2,86.7,Good,0.892,0.962,No,No,Stem Borer,Aphids,Medium
KR_02811,2026-006-17,Solapur,Pandharpur,19.22453,74.17184,Soybean,MAUS-71,Seedling,Sandy Loam,7.76,45.0,Healthy,Mild,1.9,Bollworm,Sticky Trap,15,30.5,58.4,14.9,3.3,66.0,Too Dark,0.391,0.829,Yes,Yes,Blast,Aphids,Low
KR_02812,2026-006-21,Nashik,Dindori,19.37628,75.53933,Soybean,MAUS-71,Flowering,Sandy Loam,6.44,34.0,Rust,Moderate,27.0,Leaf Miner,Pheromone Trap,0,29.0,68.8,40.0,6.7,55.1,Good,0.81,0.64,Yes,Yes,Late Blight,Aphids,Medium
KR_02813,2026-007-13,Nashik,Malegaon,21.00528,77.19228,Cotton,Bunny Bt,Vegetative,Loamy,7.87,34.6,Healthy,Mild,2.0,Bollworm,Pheromone Trap,14,24.1,48.7,23.3,2.4,44.3,Good,0.875,0.498,Yes,Yes,Rust,Aphids,Low
KR_02814,2026-001-26,Kolhapur,Hatkanangale,19.03543,79.43447,Grapes,Thompson Seedless,Maturity,Sandy Loam,7.13,25.2,Leaf Mold,Severe,62.5,Whitefly,Pheromone Trap,0,20.9,83.3,2.4,3.9,59.6,Good,0.855,0.664,Yes,Yes,Early Blight,Aphids,High
KR_02815,2026-001-03,Sangli,Miraj,17.69297,75.662,Tomato,Hybrid-T1,Flowering,Clay Loam,7.38,65.2,Stem Borer,Mild,15.5,Fruit Fly,Light Trap,2,37.5,54.8,27.4,4.5,67.8,Too Dark,0.277,0.882,Yes,Yes,Leaf Spot,Stem Borer,Medium
KR_02816,2026-005-23,Solapur,Mangalwedhe,19.69215,76.75126,Tomato,Hybrid-T1,Flowering,Clay Loam,7.61,55.1,Leaf Spot,Moderate,29.2,Whitefly,Pheromone Trap,0,31.0,68.3,1.5,16.7,72.5,Good,0.839,0.763,Yes,No,Downy Mildew,Whitefly,Medium
KR_02817,2026-008-15,Kolhapur,Hatkanangale,17.75133,75.41768,Potato,Local-P1,Flowering,Sandy Loam,6.92,23.2,Leaf Mold,Moderate,48.0,Aphids,Pheromone Trap,6,29.8,43.4,2.2,2.9,71.5,Blurry,0.21,0.989,Yes,Yes,Late Blight,Leaf Miner,Medium
KR_02818,2026-006-07,Nanded,Loha,20.07596,76.79659,Soybean,MACS-1188,Maturity,Sandy Loam,6.88,41.4,Thrips,Moderate,45.0,Leaf Miner,Light Trap,10,35.1,80.6,4.7,15.7,34.2,Blurry,0.641,0.69,No,Yes,Downy Mildew,Thrips,High
KR_02819,2026-002-25,Sangli,Tasgaon,16.7437,76.9436,Rice,Basmati,Fruiting,Loamy,7.9,49.5,Leaf Spot,Severe,66.7,Fruit Fly,Sticky Trap,15,31.2,75.4,37.0,8.8,77.9,Poor Framing,0.404,0.521,Yes,Yes,Leaf Spot,Whitefly,Medium
KR_02820,2026-003-21,Sangli,Kavathe Mahankal,16.78474,73.15102,Soybean,MACS-1188,Maturity,Clay Loam,7.05,43.0,Powdery Mildew,Severe,61.8,Leaf Miner,Pheromone Trap,0,26.9,51.4,15.6,14.3,40.5,Good,0.796,0.568,Yes,Yes,Leaf Miner,Leaf Miner,Medium
KR_02821,2026-008-22,Sangli,Jat,18.06399,75.59394,Cotton,Bt Cotton,Seedling,Sandy Loam,8.1,65.7,Rust,Moderate,20.2,Whitefly,Pheromone Trap,12,18.3,65.0,0.6,20.0,75.2,Good,0.831,0.714,No,Yes,Leaf Miner,Aphids,Medium
KR_02822,2026-005-24,Pune,Shirur,17.27692,77.74331,Rice,Basmati,Fruiting,Loamy,6.8,39.0,Leaf Miner,Severe,62.5,Whitefly,Sticky Trap,10,26.3,48.4,35.4,19.1,69.1,Good,0.905,0.603,No,Yes,Leaf Mold,Aphids,Medium
KR_02823,2026-007-22,Pune,Baramati,18.89388,76.1718,Cotton,RCH-659,Maturity,Sandy Loam,6.26,70.8,Thrips,Mild,14.9,Stem Borer,Pheromone Trap,0,18.3,35.7,12.8,6.1,75.2,Good,0.966,0.839,Yes,No,Rust,Aphids,Low
KR_02824,2026-005-08,Nanded,Hadgaon,20.34672,77.69323,Cotton,RCH-659,Seedling,Loamy,7.99,56.2,Brown Spot,Moderate,26.7,Bollworm,Light Trap,11,21.8,40.5,7.0,7.5,69.8,Poor Framing,0.238,0.526,No,Yes,Early Blight,Aphids,Medium
KR_02825,2026-003-25,Solapur,Mangalwedhe,20.15083,78.62822,Potato,Kufri Jyoti,Flowering,Loamy,7.0,32.8,Bollworm,Mild,15.9,Bollworm,Pheromone Trap,0,36.6,96.1,19.1,19.5,53.0,Good,0.921,0.727,No,Yes,Blast,Stem Borer,Medium
KR_02826,2026-003-12,Solapur,Akkalkot,16.82773,78.46685,Potato,Kufri Pukhraj,Fruiting,Loamy,7.95,70.6,Leaf Miner,Mild,16.3,Thrips,Pheromone Trap,4,33.6,62.1,35.8,5.0,21.6,Good,0.953,0.605,Yes,Yes,Early Blight,Aphids,Medium
KR_02827,2026-007-08,Pune,Indapur,18.56331,73.75122,Soybean,MAUS-71,Flowering,Clay Loam,6.9,24.1,Bacterial Blight,Mild,16.4,Whitefly,Pheromone Trap,2,28.9,78.3,20.0,18.6,25.8,Too Dark,0.637,0.903,Yes,Yes,Leaf Spot,Stem Borer,Medium
KR_02828,2026-007-26,Sangli,Miraj,21.48824,75.59811,Potato,Kufri Jyoti,Maturity,Clay Loam,7.95,61.2,Leaf Mold,Moderate,32.3,Bollworm,Light Trap,10,34.5,79.5,41.4,17.6,85.8,Blurry,0.295,0.459,Yes,Yes,Leaf Spot,Aphids,Medium
KR_02829,2026-001-22,Pune,Baramati,20.54928,74.30267,Grapes,Thompson Seedless,Seedling,Sandy Loam,6.35,55.3,Thrips,Moderate,23.6,Whitefly,Pheromone Trap,1,20.5,46.4,26.3,21.9,65.9,Good,0.983,0.48,Yes,Yes,Leaf Miner,Aphids,Medium
KR_02830,2026-001-22,Pune,Daund,18.46513,74.51451,Tomato,Abhinav,Maturity,Loamy,6.67,66.7,Bacterial Blight,Mild,11.4,Bollworm,Light Trap,11,27.5,89.9,3.0,12.7,81.3,Good,0.953,0.771,No,No,Late Blight,Fruit Fly,Medium
KR_02831,2026-003-26,Sangli,Tasgaon,19.65884,74.11434,Tomato,Arka Rakshak,Maturity,Clay Loam,7.38,64.3,Bacterial Blight,Severe,76.6,Aphids,Light Trap,5,21.6,55.4,22.1,21.8,58.3,Good,0.827,0.798,No,No,Thrips,Whitefly,Medium
KR_02832,2026-008-18,Nashik,Malegaon,16.92696,74.40464,Soybean,MACS-1188,Maturity,Loamy,7.21,38.0,Powdery Mildew,Severe,77.1,Thrips,Light Trap,8,37.3,50.6,18.9,3.3,85.5,Good,0.853,0.603,Yes,Yes,Downy Mildew,Thrips,Medium
KR_02833,2026-001-18,Satara,Koregaon,17.96542,79.14014,Rice,Indrayani,Maturity,Clay Loam,6.64,33.5,Brown Spot,Moderate,38.0,Whitefly,Sticky Trap,6,25.8,94.8,22.0,18.3,52.3,Poor Framing,0.437,0.507,Yes,Yes,Rust,Bollworm,Medium
KR_02834,2026-002-17,Ahmednagar,Shrigonda,18.01733,73.25787,Tomato,Hybrid-T1,Seedling,Loamy,6.43,39.2,Late Blight,Mild,9.5,Bollworm,Light Trap,8,20.2,50.9,6.4,16.2,21.7,Good,0.811,0.851,Yes,No,Early Blight,Aphids,Low
KR_02835,2026-003-04,Nashik,Niphad,20.90211,78.40994,Cotton,RCH-659,Maturity,Loamy,7.73,51.7,Healthy,Mild,3.6,Bollworm,Pheromone Trap,0,26.8,69.1,16.7,15.4,91.1,Good,0.902,0.969,Yes,No,Powdery Mildew,Thrips,Medium
KR_02836,2026-008-18,Nanded,Loha,21.48416,79.49121,Grapes,Sonaka,Vegetative,Loamy,6.58,73.0,Blast,Moderate,24.5,Whitefly,Light Trap,13,19.7,60.0,14.9,14.9,25.0,Blurry,0.21,0.457,Yes,Yes,Rust,Aphids,Medium
KR_02837,2026-008-14,Ahmednagar,Kopargaon,21.23637,73.62711,Tomato,Hybrid-T1,Fruiting,Sandy Loam,6.99,28.9,Powdery Mildew,Moderate,20.6,Fruit Fly,Sticky Trap,7,37.8,65.4,13.5,10.2,41.2,Good,0.784,0.974,No,No,Rust,Stem Borer,Medium
KR_02838,2026-004-10,Satara,Phaltan,19.09929,78.44543,Cotton,Bt Cotton,Maturity,Loamy,7.64,34.2,Early Blight,Mild,6.1,Fruit Fly,Pheromone Trap,10,26.9,62.8,26.5,4.6,56.3,Good,0.776,0.492,No,Yes,Leaf Mold,Aphids,Medium
KR_02839,2026-001-08,Satara,Karad,17.75561,77.10774,Grapes,Sonaka,Seedling,Black Soil,7.68,22.5,Downy Mildew,Moderate,20.1,Aphids,Sticky Trap,8,30.2,77.9,44.9,3.5,40.8,Too Dark,0.431,0.939,Yes,Yes,Bacterial Blight,Bollworm,Medium
KR_02840,2026-004-13,Nashik,Niphad,19.07713,73.37584,Rice,Indrayani,Flowering,Clay Loam,6.46,49.4,Leaf Spot,Severe,66.7,Leaf Miner,Sticky Trap,3,19.9,57.8,26.2,3.9,47.1,Poor Framing,0.551,0.869,Yes,Yes,Brown Spot,Bollworm,Medium
KR_02841,2026-006-02,Nanded,Deglur,17.35956,78.50936,Grapes,Sharad Seedless,Vegetative,Black Soil,6.86,29.4,Bollworm,Moderate,40.1,Thrips,Pheromone Trap,9,19.5,86.1,28.6,21.0,66.0,Good,0.804,0.5,Yes,Yes,Blast,Thrips,High
KR_02842,2026-003-11,Kolhapur,Kagal,17.53259,74.19578,Cotton,Bt Cotton,Vegetative,Black Soil,7.52,66.7,Leaf Mold,Mild,13.1,Leaf Miner,Sticky Trap,10,19.9,57.0,39.6,11.4,68.4,Good,0.98,0.602,No,Yes,Stem Borer,Bollworm,Low
KR_02843,2026-007-21,Sangli,Miraj,17.05758,78.92647,Tomato,Arka Rakshak,Vegetative,Loamy,6.38,74.4,Blast,Severe,72.4,Aphids,Pheromone Trap,0,24.6,91.2,37.7,13.7,72.0,Too Dark,0.52,0.845,No,Yes,Blast,Bollworm,High
KR_02844,2026-005-14,Nanded,Biloli,17.34238,77.97519,Rice,Phule Samruddhi,Maturity,Loamy,6.82,59.3,Healthy,Mild,2.3,Bollworm,Pheromone Trap,2,24.3,97.3,13.0,6.2,51.8,Too Bright,0.467,0.489,No,Yes,Powdery Mildew,Aphids,Medium
KR_02845,2026-003-22,Pune,Baramati,17.52285,75.07444,Rice,Phule Samruddhi,Maturity,Black Soil,6.26,44.1,Leaf Spot,Severe,61.4,Thrips,Pheromone Trap,0,18.1,46.9,1.6,10.4,94.8,Good,0.97,0.95,Yes,No,Stem Borer,Leaf Miner,Medium
KR_02846,2026-004-23,Nashik,Sinnar,16.60576,77.99539,Tomato,Arka Rakshak,Maturity,Sandy Loam,6.97,71.5,Bollworm,Mild,8.0,Fruit Fly,Pheromone Trap,1,27.1,70.5,1.3,14.7,43.1,Good,0.837,0.556,Yes,Yes,Brown Spot,Whitefly,Medium
KR_02847,2026-002-02,Sangli,Jat,16.57946,74.47945,Potato,Local-P1,Seedling,Black Soil,7.66,57.3,Brown Spot,Moderate,38.4,Whitefly,Pheromone Trap,0,30.6,57.3,22.8,20.2,31.3,Good,0.966,0.917,Yes,No,Thrips,Bollworm,Medium
KR_02848,2026-005-09,Solapur,Malshiras,21.0924,75.52131,Tomato,Abhinav,Vegetative,Clay Loam,6.87,20.6,Late Blight,Mild,5.4,Leaf Miner,Pheromone Trap,0,24.0,57.1,40.1,19.8,80.9,Blurry,0.205,0.739,No,Yes,Leaf Spot,Aphids,Low
KR_02849,2026-002-12,Nanded,Hadgaon,21.09456,74.63476,Cotton,Bunny Bt,Flowering,Loamy,6.31,51.4,Bacterial Blight,Moderate,39.8,Leaf Miner,Light Trap,7,35.8,70.9,17.0,2.9,49.6,Good,0.771,0.676,Yes,Yes,Rust,Aphids,Medium
KR_02850,2026-007-08,Satara,Wai,16.28769,78.26366,Rice,Phule Samruddhi,Flowering,Black Soil,7.4,74.6,Leaf Miner,Severe,84.1,Stem Borer,Pheromone Trap,4,18.5,54.2,17.4,17.6,86.7,Good,0.911,0.727,Yes,Yes,Powdery Mildew,Bollworm,Medium
KR_02851,2026-003-21,Satara,Wai,20.16426,74.35947,Rice,Phule Samruddhi,Seedling,Clay Loam,6.2,21.9,Bollworm,Moderate,27.8,Fruit Fly,Pheromone Trap,0,25.7,61.5,35.2,12.6,33.0,Good,0.835,0.81,No,No,Leaf Mold,Whitefly,Medium
KR_02852,2026-003-21,Pune,Baramati,20.22199,75.60909,Grapes,Sonaka,Maturity,Loamy,6.82,50.9,Stem Borer,Severe,65.5,Stem Borer,Pheromone Trap,0,34.1,74.2,44.0,10.3,60.3,Good,0.877,0.99,Yes,No,Leaf Spot,Aphids,Medium
KR_02853,2026-006-05,Solapur,Akkalkot,19.93678,73.21154,Potato,Kufri Pukhraj,Maturity,Loamy,7.84,35.0,Leaf Mold,Mild,5.6,Leaf Miner,Sticky Trap,2,30.2,68.5,20.6,20.1,61.7,Good,0.881,0.917,No,No,Blast,Leaf Miner,Medium
KR_02854,2026-005-18,Solapur,Akkalkot,18.74103,78.42958,Grapes,Sonaka,Vegetative,Clay Loam,7.65,68.6,Rust,Severe,83.3,Bollworm,Light Trap,10,19.1,73.3,6.7,10.8,32.9,Too Dark,0.367,0.905,Yes,Yes,Rust,Aphids,Medium
KR_02855,2026-002-27,Kolhapur,Shirol,18.87247,74.07168,Rice,Basmati,Fruiting,Black Soil,8.13,46.7,Rust,Mild,11.1,Aphids,Pheromone Trap,0,25.5,65.1,22.9,17.4,66.4,Too Dark,0.545,0.704,Yes,Yes,Leaf Miner,Stem Borer,Medium
KR_02856,2026-003-26,Nanded,Loha,18.78573,73.28098,Rice,Basmati,Maturity,Sandy Loam,7.12,50.8,Thrips,Severe,68.4,Stem Borer,Sticky Trap,12,23.9,91.8,16.1,20.6,66.9,Blurry,0.231,0.685,Yes,Yes,Downy Mildew,Aphids,High
KR_02857,2026-004-02,Satara,Wai,18.6711,78.14495,Tomato,Arka Rakshak,Flowering,Black Soil,6.58,69.7,Bacterial Blight,Severe,67.7,Bollworm,Pheromone Trap,4,37.8,72.5,26.7,8.9,31.9,Too Dark,0.459,0.905,No,Yes,Powdery Mildew,Fruit Fly,Medium
KR_02858,2026-006-28,Sangli,Kavathe Mahankal,20.2134,75.39564,Potato,Local-P1,Vegetative,Black Soil,6.94,21.5,Leaf Spot,Moderate,28.5,Whitefly,Pheromone Trap,0,28.3,76.5,28.1,16.9,70.0,Blurry,0.501,0.926,No,Yes,Bollworm,Aphids,Medium
KR_02859,2026-001-07,Satara,Wai,20.70565,77.37474,Potato,Kufri Jyoti,Flowering,Sandy Loam,6.24,62.7,Powdery Mildew,Severe,58.1,Stem Borer,Pheromone Trap,11,31.3,57.9,40.1,21.8,42.3,Too Bright,0.229,0.906,Yes,Yes,Rust,Leaf Miner,Medium
KR_02860,2026-005-03,Solapur,Akkalkot,21.18897,77.2647,Potato,Kufri Pukhraj,Flowering,Loamy,7.66,29.0,Late Blight,Severe,64.0,Whitefly,Light Trap,6,28.9,95.6,27.1,18.2,41.9,Good,0.975,0.589,Yes,Yes,Bollworm,Whitefly,High
KR_02861,2026-008-01,Nashik,Sinnar,16.09052,76.39091,Soybean,MACS-1188,Vegetative,Black Soil,7.68,20.2,Leaf Spot,Mild,12.6,Stem Borer,Pheromone Trap,0,26.6,37.7,17.5,5.3,73.4,Good,0.868,0.688,Yes,Yes,Leaf Miner,Leaf Miner,Low
KR_02862,2026-001-19,Sangli,Kavathe Mahankal,20.38574,78.8514,Soybean,JS-335,Seedling,Black Soil,7.17,67.9,Healthy,Mild,0.3,Bollworm,Sticky Trap,7,36.8,78.4,8.3,21.1,29.1,Too Dark,0.204,0.657,Yes,Yes,Rust,Aphids,Medium
KR_02863,2026-003-01,Solapur,Malshiras,16.89779,73.97285,Grapes,Sharad Seedless,Fruiting,Loamy,7.55,36.0,Late Blight,Moderate,21.1,Leaf Miner,Pheromone Trap,13,18.7,65.2,30.6,18.1,68.3,Too Bright,0.469,0.518,No,Yes,Early Blight,Fruit Fly,Medium
KR_02864,2026-002-10,Nanded,Loha,20.95824,79.18657,Rice,Phule Samruddhi,Maturity,Loamy,6.33,40.2,Leaf Spot,Severe,67.8,Aphids,Sticky Trap,12,34.5,37.5,35.3,11.1,80.9,Good,0.828,0.795,Yes,No,Downy Mildew,Thrips,Medium
KR_02865,2026-002-12,Sangli,Miraj,19.73582,76.36173,Cotton,Bunny Bt,Flowering,Sandy Loam,7.42,40.6,Brown Spot,Severe,70.0,Thrips,Light Trap,12,20.0,77.6,16.9,21.7,70.4,Poor Framing,0.38,0.907,No,Yes,Brown Spot,Stem Borer,Medium
KR_02866,2026-006-11,Sangli,Jat,21.05001,77.12681,Tomato,Arka Rakshak,Seedling,Black Soil,6.62,16.0,Leaf Spot,Moderate,49.4,Leaf Miner,Sticky Trap,8,24.7,94.6,4.6,5.4,66.9,Poor Framing,0.235,0.515,Yes,Yes,Blast,Whitefly,High
KR_02867,2026-005-01,Nanded,Hadgaon,16.49745,73.18612,Grapes,Sonaka,Maturity,Clay Loam,7.81,32.8,Stem Borer,Moderate,40.8,Whitefly,Sticky Trap,14,25.2,63.3,27.6,5.1,82.4,Blurry,0.361,0.897,Yes,Yes,Thrips,Stem Borer,Medium
KR_02868,2026-004-18,Solapur,Malshiras,19.07898,74.01181,Cotton,Bunny Bt,Vegetative,Black Soil,7.42,62.8,Leaf Miner,Severe,77.1,Leaf Miner,Light Trap,4,37.8,66.8,27.4,15.9,94.9,Good,0.914,0.633,Yes,Yes,Bollworm,Whitefly,Medium
KR_02869,2026-001-19,Sangli,Tasgaon,17.66028,76.81172,Soybean,MACS-1188,Vegetative,Sandy Loam,6.49,47.7,Downy Mildew,Moderate,37.8,Whitefly,Pheromone Trap,5,29.9,75.7,0.5,8.8,43.9,Good,0.798,0.745,No,Yes,Early Blight,Stem Borer,Medium
KR_02870,2026-002-23,Pune,Baramati,16.18378,76.26544,Cotton,Bunny Bt,Flowering,Sandy Loam,8.17,33.3,Early Blight,Severe,55.0,Stem Borer,Sticky Trap,9,21.2,57.2,44.7,20.6,48.2,Good,0.866,0.749,No,Yes,Leaf Miner,Fruit Fly,Medium
KR_02871,2026-002-27,Nashik,Dindori,17.68739,76.78559,Rice,Basmati,Maturity,Loamy,6.45,52.6,Downy Mildew,Severe,73.6,Whitefly,Pheromone Trap,9,27.7,49.1,35.4,15.1,31.3,Good,0.937,0.721,Yes,Yes,Brown Spot,Bollworm,Medium
KR_02872,2026-004-01,Kolhapur,Hatkanangale,18.67875,76.43265,Grapes,Sonaka,Maturity,Sandy Loam,8.07,46.6,Thrips,Mild,15.4,Whitefly,Pheromone Trap,2,20.5,46.2,20.8,3.5,59.5,Blurry,0.536,0.887,No,Yes,Rust,Aphids,Medium
KR_02873,2026-003-20,Solapur,Pandharpur,17.87523,73.8688,Cotton,RCH-659,Flowering,Black Soil,7.02,25.4,Downy Mildew,Mild,6.9,Fruit Fly,Pheromone Trap,13,34.8,66.0,35.0,12.1,93.4,Good,0.856,0.859,No,No,Powdery Mildew,Aphids,Medium
KR_02874,2026-001-14,Kolhapur,Hatkanangale,19.54963,77.76421,Rice,Basmati,Seedling,Clay Loam,7.65,52.7,Rust,Severe,55.9,Aphids,Light Trap,1,19.7,70.9,9.4,13.2,78.5,Good,0.778,0.814,Yes,No,Early Blight,Leaf Miner,Medium
KR_02875,2026-007-19,Ahmednagar,Shrigonda,20.668,79.40921,Tomato,Arka Rakshak,Maturity,Sandy Loam,7.29,51.6,Leaf Spot,Moderate,25.8,Thrips,Sticky Trap,1,26.2,46.1,44.1,13.1,54.8,Good,0.969,0.604,Yes,Yes,Blast,Fruit Fly,Medium
KR_02876,2026-004-12,Nashik,Malegaon,18.76475,76.17989,Tomato,Abhinav,Vegetative,Clay Loam,6.3,74.9,Brown Spot,Moderate,20.5,Whitefly,Pheromone Trap,0,34.3,87.4,15.9,13.2,35.8,Too Bright,0.628,0.604,No,Yes,Leaf Miner,Aphids,Medium
KR_02877,2026-004-05,Solapur,Pandharpur,20.86184,77.23869,Potato,Local-P1,Flowering,Loamy,6.94,43.3,Leaf Spot,Moderate,45.4,Bollworm,Sticky Trap,15,32.2,93.8,22.8,2.6,30.7,Too Bright,0.298,0.855,No,Yes,Bacterial Blight,Thrips,High
KR_02878,2026-001-15,Nashik,Sinnar,20.57063,74.82083,Cotton,Bunny Bt,Flowering,Clay Loam,6.21,66.5,Stem Borer,Mild,12.0,Leaf Miner,Pheromone Trap,0,37.3,87.8,36.6,10.4,20.6,Blurry,0.618,0.668,No,Yes,Powdery Mildew,Thrips,Medium
KR_02879,2026-007-05,Solapur,Akkalkot,18.69041,74.50302,Cotton,RCH-659,Maturity,Loamy,7.58,69.5,Leaf Spot,Mild,13.2,Fruit Fly,Pheromone Trap,2,19.8,81.6,33.1,21.4,20.2,Good,0.782,0.988,Yes,No,Powdery Mildew,Thrips,Medium
KR_02880,2026-002-12,Sangli,Kavathe Mahankal,17.48838,76.33379,Potato,Kufri Jyoti,Fruiting,Sandy Loam,7.55,33.3,Leaf Mold,Moderate,30.3,Whitefly,Light Trap,6,31.1,70.8,10.4,4.6,40.8,Good,0.908,0.809,Yes,No,Thrips,Bollworm,Medium
KR_02881,2026-001-27,Kolhapur,Hatkanangale,18.47688,78.39586,Tomato,Abhinav,Seedling,Clay Loam,6.93,72.4,Thrips,Mild,8.8,Thrips,Pheromone Trap,5,31.1,96.9,34.2,13.2,69.1,Poor Framing,0.269,0.452,Yes,Yes,Powdery Mildew,Stem Borer,Medium
KR_02882,2026-006-08,Sangli,Kavathe Mahankal,19.26739,77.49575,Cotton,Bunny Bt,Fruiting,Loamy,8.04,60.5,Stem Borer,Mild,6.5,Fruit Fly,Light Trap,7,35.3,40.4,30.8,14.0,82.7,Good,0.998,0.538,Yes,Yes,Downy Mildew,Leaf Miner,Low
KR_02883,2026-007-15,Sangli,Jat,19.02553,78.51159,Potato,Kufri Jyoti,Fruiting,Black Soil,7.45,24.5,Late Blight,Severe,64.0,Fruit Fly,Sticky Trap,11,22.7,79.6,16.1,4.4,45.9,Good,0.944,0.924,No,No,Late Blight,Leaf Miner,Medium
KR_02884,2026-001-24,Nashik,Dindori,18.78433,76.51558,Soybean,JS-335,Maturity,Black Soil,7.16,25.4,Rust,Mild,17.7,Leaf Miner,Pheromone Trap,7,18.3,40.0,5.5,9.3,89.2,Too Bright,0.387,0.958,No,Yes,Leaf Mold,Bollworm,Medium
KR_02885,2026-008-21,Kolhapur,Hatkanangale,17.87563,77.56576,Cotton,Bt Cotton,Maturity,Loamy,7.83,46.1,Bollworm,Mild,8.8,Bollworm,Pheromone Trap,8,26.1,71.7,17.9,13.0,52.3,Too Bright,0.349,0.507,No,Yes,Thrips,Thrips,Medium
KR_02886,2026-002-16,Pune,Baramati,19.64948,77.80431,Tomato,Hybrid-T1,Seedling,Black Soil,6.42,66.3,Bollworm,Moderate,20.2,Fruit Fly,Sticky Trap,2,30.7,81.2,32.2,19.9,94.3,Good,0.835,0.636,Yes,Yes,Bacterial Blight,Aphids,Medium
KR_02887,2026-006-27,Nanded,Loha,16.86096,73.73796,Grapes,Thompson Seedless,Seedling,Black Soil,7.78,73.3,Thrips,Severe,62.0,Whitefly,Pheromone Trap,5,27.1,82.3,6.3,20.1,70.7,Too Dark,0.577,0.858,No,Yes,Stem Borer,Fruit Fly,High
KR_02888,2026-003-27,Ahmednagar,Kopargaon,18.1545,76.47738,Potato,Local-P1,Fruiting,Clay Loam,6.04,33.4,Bollworm,Mild,16.3,Bollworm,Sticky Trap,8,18.6,78.0,17.9,7.5,50.4,Poor Framing,0.414,0.487,Yes,Yes,Rust,Fruit Fly,Medium
KR_02889,2026-008-20,Nanded,Biloli,17.04249,78.81882,Tomato,Arka Rakshak,Vegetative,Clay Loam,6.67,43.9,Powdery Mildew,Mild,6.8,Thrips,Light Trap,14,31.1,65.9,24.0,13.3,66.6,Good,0.879,0.732,Yes,Yes,Leaf Mold,Stem Borer,Medium
KR_02890,2026-002-12,Pune,Baramati,20.94887,79.22197,Potato,Kufri Pukhraj,Seedling,Clay Loam,6.66,36.2,Leaf Miner,Mild,7.7,Thrips,Pheromone Trap,0,21.0,75.0,45.0,19.8,62.5,Good,0.941,0.894,Yes,No,Stem Borer,Fruit Fly,Medium
KR_02891,2026-008-01,Ahmednagar,Rahata,17.64889,78.78907,Potato,Local-P1,Fruiting,Loamy,7.01,26.1,Late Blight,Mild,11.5,Aphids,Sticky Trap,10,31.9,45.6,5.4,19.5,90.0,Good,0.881,0.918,No,No,Rust,Leaf Miner,Low
KR_02892,2026-003-03,Nanded,Loha,21.38601,74.74232,Potato,Local-P1,Maturity,Loamy,8.08,27.9,Bollworm,Mild,5.5,Fruit Fly,Sticky Trap,8,22.4,67.8,6.9,19.9,83.0,Too Bright,0.343,0.463,No,Yes,Downy Mildew,Aphids,Medium
KR_02893,2026-003-26,Satara,Wai,18.69213,78.4744,Tomato,Arka Rakshak,Fruiting,Loamy,7.59,72.2,Thrips,Mild,16.9,Thrips,Light Trap,9,33.4,76.3,1.9,9.9,80.9,Too Dark,0.593,0.579,Yes,Yes,Blast,Thrips,Medium
KR_02894,2026-008-11,Nashik,Malegaon,18.26448,73.48036,Tomato,Arka Rakshak,Seedling,Sandy Loam,7.21,74.0,Healthy,Mild,0.3,Bollworm,Sticky Trap,1,30.6,58.9,11.3,8.4,64.6,Too Dark,0.461,0.821,Yes,Yes,Blast,Thrips,Low
KR_02895,2026-008-19,Nashik,Malegaon,21.48238,73.63213,Potato,Kufri Pukhraj,Vegetative,Black Soil,7.64,22.8,Leaf Miner,Mild,9.9,Stem Borer,Sticky Trap,14,30.7,44.7,45.0,12.7,35.7,Blurry,0.613,0.911,Yes,Yes,Stem Borer,Thrips,Low
KR_02896,2026-008-04,Kolhapur,Karveer,17.28145,73.56526,Soybean,MACS-1188,Maturity,Loamy,6.13,32.7,Leaf Miner,Mild,11.1,Bollworm,Sticky Trap,4,26.6,45.9,24.7,18.3,82.1,Blurry,0.554,0.484,Yes,Yes,Leaf Mold,Leaf Miner,Low
KR_02897,2026-004-15,Ahmednagar,Rahata,16.87734,75.81352,Rice,Basmati,Seedling,Loamy,7.48,39.4,Downy Mildew,Severe,68.4,Aphids,Sticky Trap,3,30.9,62.9,37.2,6.2,75.9,Too Dark,0.541,0.685,No,Yes,Rust,Bollworm,Medium
KR_02898,2026-005-19,Kolhapur,Shirol,20.60436,76.54336,Rice,Basmati,Maturity,Black Soil,7.44,35.7,Brown Spot,Moderate,34.6,Aphids,Pheromone Trap,1,31.7,46.0,31.2,2.2,73.7,Blurry,0.496,0.821,No,Yes,Leaf Spot,Thrips,Medium
KR_02899,2026-008-06,Solapur,Akkalkot,17.53808,76.31498,Potato,Local-P1,Flowering,Black Soil,7.91,73.7,Powdery Mildew,Mild,10.3,Stem Borer,Sticky Trap,1,27.5,89.4,2.8,14.9,21.4,Good,0.927,0.571,No,Yes,Bollworm,Thrips,Medium
KR_02900,2026-003-08,Satara,Phaltan,18.83801,78.2691,Potato,Kufri Pukhraj,Seedling,Black Soil,7.44,36.6,Bollworm,Mild,12.0,Whitefly,Light Trap,3,20.5,97.7,24.1,10.4,38.3,Good,0.81,0.738,No,Yes,Brown Spot,Fruit Fly,Medium
KR_02901,2026-005-15,Sangli,Tasgaon,21.40352,79.3054,Soybean,MACS-1188,Maturity,Black Soil,6.15,38.6,Brown Spot,Moderate,31.1,Bollworm,Pheromone Trap,2,27.3,66.0,43.5,17.1,32.0,Poor Framing,0.327,0.982,Yes,Yes,Powdery Mildew,Leaf Miner,Medium
KR_02902,2026-006-14,Kolhapur,Karveer,20.99927,78.19203,Soybean,MACS-1188,Vegetative,Clay Loam,6.04,38.0,Brown Spot,Severe,51.6,Aphids,Pheromone Trap,0,24.4,43.5,35.8,10.1,22.8,Too Bright,0.377,0.583,Yes,Yes,Leaf Miner,Fruit Fly,Medium
KR_02903,2026-008-23,Nashik,Sinnar,20.95197,78.76654,Rice,Indrayani,Maturity,Black Soil,7.34,74.3,Powdery Mildew,Moderate,40.8,Stem Borer,Sticky Trap,11,37.4,48.8,11.1,13.6,57.3,Good,0.811,0.569,No,Yes,Leaf Spot,Whitefly,Medium
KR_02904,2026-001-21,Nanded,Hadgaon,18.18065,76.98945,Grapes,Sharad Seedless,Seedling,Black Soil,7.21,63.2,Leaf Spot,Moderate,46.4,Leaf Miner,Sticky Trap,5,31.0,38.5,38.4,8.8,56.6,Poor Framing,0.274,0.519,Yes,Yes,Late Blight,Thrips,Medium
KR_02905,2026-008-23,Nanded,Deglur,16.9807,76.00484,Grapes,Sharad Seedless,Seedling,Loamy,6.97,35.6,Downy Mildew,Moderate,36.7,Stem Borer,Light Trap,12,33.2,51.6,10.0,7.5,59.9,Good,0.961,0.495,Yes,Yes,Bollworm,Aphids,Medium
KR_02906,2026-003-17,Solapur,Mangalwedhe,20.75884,75.39641,Potato,Kufri Pukhraj,Vegetative,Black Soil,7.9,38.7,Stem Borer,Moderate,47.4,Thrips,Pheromone Trap,5,19.4,89.8,34.8,21.2,32.9,Good,0.768,0.754,No,No,Rust,Thrips,High
KR_02907,2026-003-09,Nashik,Sinnar,16.00961,79.06168,Cotton,Bunny Bt,Fruiting,Loamy,8.05,29.7,Stem Borer,Severe,56.9,Thrips,Pheromone Trap,0,36.0,35.8,36.5,5.4,72.1,Good,0.78,0.595,No,Yes,Leaf Miner,Thrips,Medium
KR_02908,2026-005-11,Pune,Baramati,21.27483,77.82546,Grapes,Sonaka,Seedling,Sandy Loam,6.59,66.3,Powdery Mildew,Severe,67.6,Thrips,Pheromone Trap,8,31.8,73.4,28.6,21.3,64.4,Too Bright,0.531,0.7,Yes,Yes,Bacterial Blight,Aphids,Medium
KR_02909,2026-006-14,Solapur,Pandharpur,16.09023,77.13494,Rice,Phule Samruddhi,Maturity,Loamy,7.01,24.9,Powdery Mildew,Severe,67.2,Aphids,Pheromone Trap,4,29.5,46.9,40.5,7.8,36.9,Good,0.763,0.853,Yes,No,Late Blight,Aphids,Medium
KR_02910,2026-002-07,Kolhapur,Kagal,16.78426,73.06129,Tomato,Abhinav,Vegetative,Black Soil,6.32,30.8,Early Blight,Severe,81.1,Thrips,Light Trap,10,19.0,74.7,14.2,17.4,78.0,Good,0.863,0.592,Yes,Yes,Thrips,Stem Borer,Medium
KR_02911,2026-001-12,Satara,Koregaon,18.39813,79.0884,Soybean,JS-335,Vegetative,Clay Loam,6.4,16.9,Powdery Mildew,Severe,69.3,Fruit Fly,Light Trap,4,31.7,47.1,31.7,7.2,42.4,Good,0.943,0.586,Yes,Yes,Late Blight,Thrips,Medium
KR_02912,2026-003-23,Satara,Karad,19.75441,74.31137,Cotton,Bunny Bt,Maturity,Black Soil,7.42,61.1,Leaf Mold,Mild,8.7,Leaf Miner,Light Trap,12,25.7,76.6,29.9,14.2,41.8,Good,0.756,0.981,No,No,Stem Borer,Aphids,Medium
KR_02913,2026-004-19,Ahmednagar,Shrigonda,19.07484,76.6204,Grapes,Sharad Seedless,Flowering,Black Soil,6.35,59.3,Leaf Miner,Mild,17.7,Stem Borer,Pheromone Trap,0,32.2,65.4,28.5,17.4,94.2,Too Dark,0.585,0.981,No,Yes,Rust,Aphids,Medium
KR_02914,2026-003-24,Solapur,Mangalwedhe,16.60159,76.63434,Soybean,MAUS-71,Vegetative,Loamy,6.25,72.5,Healthy,Mild,1.0,Bollworm,Light Trap,9,20.1,42.2,13.1,11.3,63.5,Good,0.856,0.604,No,Yes,Leaf Spot,Leaf Miner,Low
KR_02915,2026-006-10,Kolhapur,Kagal,19.27038,78.99568,Tomato,Arka Rakshak,Vegetative,Sandy Loam,6.11,43.7,Bacterial Blight,Mild,9.8,Whitefly,Sticky Trap,3,36.4,81.9,2.3,13.0,34.9,Good,0.927,0.572,No,Yes,Thrips,Aphids,Medium
KR_02916,2026-001-24,Kolhapur,Karveer,17.17935,74.72633,Rice,Phule Samruddhi,Fruiting,Sandy Loam,6.13,44.1,Bacterial Blight,Moderate,35.3,Thrips,Sticky Trap,15,18.5,73.7,0.7,16.9,36.8,Good,0.989,0.97,Yes,No,Rust,Aphids,Medium
KR_02917,2026-004-27,Ahmednagar,Shrigonda,19.57156,74.65391,Rice,Indrayani,Vegetative,Clay Loam,6.24,72.5,Bollworm,Severe,57.5,Whitefly,Pheromone Trap,0,28.1,86.2,16.7,18.8,35.4,Too Bright,0.357,0.603,Yes,Yes,Blast,Bollworm,High
KR_02918,2026-007-18,Kolhapur,Kagal,19.76814,77.15306,Soybean,JS-335,Seedling,Clay Loam,6.97,67.3,Bacterial Blight,Severe,80.7,Bollworm,Pheromone Trap,4,27.3,92.3,32.2,13.6,27.9,Good,0.915,0.631,Yes,Yes,Blast,Aphids,High
KR_02919,2026-005-24,Kolhapur,Shirol,18.87001,73.66512,Rice,Basmati,Maturity,Loamy,6.85,63.5,Early Blight,Moderate,24.3,Thrips,Pheromone Trap,11,20.4,40.3,45.0,15.4,34.9,Too Bright,0.458,0.755,No,Yes,Thrips,Stem Borer,Medium
KR_02920,2026-005-28,Solapur,Malshiras,20.00597,74.74229,Cotton,RCH-659,Vegetative,Loamy,6.19,25.9,Healthy,Mild,0.0,Bollworm,Light Trap,13,34.5,89.1,39.2,4.8,61.5,Blurry,0.243,0.473,Yes,Yes,Brown Spot,Stem Borer,Medium
KR_02921,2026-005-19,Nanded,Loha,21.31167,77.15718,Grapes,Sharad Seedless,Maturity,Sandy Loam,7.51,24.4,Downy Mildew,Moderate,48.2,Thrips,Sticky Trap,4,34.5,74.0,42.2,16.9,87.5,Too Dark,0.561,0.893,Yes,Yes,Thrips,Aphids,Medium
KR_02922,2026-008-09,Ahmednagar,Sangamner,17.95894,75.30451,Cotton,RCH-659,Maturity,Black Soil,7.92,57.2,Brown Spot,Moderate,26.6,Leaf Miner,Pheromone Trap,13,22.3,96.7,8.8,6.2,83.5,Good,0.826,0.723,Yes,Yes,Thrips,Bollworm,Medium
KR_02923,2026-007-23,Nashik,Dindori,19.33547,74.20518,Cotton,RCH-659,Vegetative,Black Soil,7.99,71.5,Brown Spot,Severe,81.2,Bollworm,Pheromone Trap,6,27.0,61.9,16.5,5.7,89.0,Poor Framing,0.391,0.662,Yes,Yes,Bacterial Blight,Stem Borer,Medium
KR_02924,2026-004-01,Pune,Daund,18.33049,76.49961,Soybean,JS-335,Flowering,Clay Loam,7.99,36.3,Powdery Mildew,Severe,82.8,Stem Borer,Pheromone Trap,0,30.9,88.5,33.2,17.7,44.7,Too Dark,0.363,0.51,No,Yes,Powdery Mildew,Aphids,High
KR_02925,2026-007-01,Ahmednagar,Kopargaon,17.90695,76.1098,Soybean,JS-335,Fruiting,Sandy Loam,8.12,18.6,Powdery Mildew,Moderate,23.1,Aphids,Pheromone Trap,0,19.8,83.0,13.9,4.7,93.8,Poor Framing,0.405,0.474,No,Yes,Leaf Miner,Leaf Miner,Medium
KR_02926,2026-003-16,Ahmednagar,Sangamner,16.83564,77.56895,Grapes,Sharad Seedless,Maturity,Black Soil,7.67,50.0,Leaf Mold,Severe,61.8,Leaf Miner,Pheromone Trap,0,25.9,75.0,15.3,8.5,94.3,Too Dark,0.456,0.508,No,Yes,Bollworm,Stem Borer,Medium
KR_02927,2026-003-07,Sangli,Jat,19.34291,73.66128,Cotton,Bt Cotton,Flowering,Loamy,7.96,55.8,Bollworm,Moderate,27.7,Aphids,Sticky Trap,13,19.3,45.3,0.7,2.5,38.6,Good,0.827,0.639,Yes,Yes,Leaf Miner,Aphids,Medium
KR_02928,2026-007-05,Sangli,Jat,20.75617,77.02203,Potato,Kufri Pukhraj,Maturity,Loamy,6.15,32.4,Downy Mildew,Mild,15.3,Stem Borer,Light Trap,7,28.8,92.4,11.9,3.3,78.2,Good,0.778,0.771,No,No,Brown Spot,Aphids,Medium
KR_02929,2026-002-05,Satara,Phaltan,18.74818,79.33218,Tomato,Hybrid-T1,Fruiting,Black Soil,6.43,15.9,Brown Spot,Severe,81.2,Leaf Miner,Pheromone Trap,0,21.2,90.0,15.0,4.7,65.6,Poor Framing,0.269,0.584,Yes,Yes,Blast,Bollworm,High
KR_02930,2026-006-10,Pune,Daund,17.84478,76.20345,Soybean,MACS-1188,Vegetative,Clay Loam,7.48,68.7,Leaf Mold,Mild,10.9,Leaf Miner,Sticky Trap,6,26.3,49.8,40.3,15.9,64.7,Blurry,0.247,0.585,No,Yes,Bollworm,Fruit Fly,Low
KR_02931,2026-006-21,Solapur,Pandharpur,17.53806,78.84995,Cotton,Bunny Bt,Maturity,Sandy Loam,7.26,31.8,Healthy,Mild,1.1,Bollworm,Light Trap,13,26.2,89.2,17.8,13.6,21.5,Good,0.931,0.778,No,No,Powdery Mildew,Aphids,Medium
KR_02932,2026-005-26,Sangli,Kavathe Mahankal,20.42961,79.48138,Grapes,Sonaka,Vegetative,Clay Loam,6.4,22.8,Early Blight,Moderate,45.4,Whitefly,Sticky Trap,14,18.4,50.8,4.1,5.4,30.0,Too Bright,0.205,0.494,Yes,Yes,Bacterial Blight,Fruit Fly,Medium
KR_02933,2026-007-22,Pune,Indapur,19.131,73.72065,Grapes,Sonaka,Seedling,Black Soil,6.33,30.3,Thrips,Moderate,39.3,Fruit Fly,Light Trap,14,21.5,50.2,6.1,10.1,60.0,Good,0.842,0.903,Yes,No,Stem Borer,Aphids,Medium
KR_02934,2026-002-05,Solapur,Malshiras,17.98823,76.90425,Potato,Kufri Jyoti,Maturity,Loamy,6.24,28.0,Late Blight,Moderate,32.3,Whitefly,Sticky Trap,1,36.3,52.8,26.8,21.6,82.7,Poor Framing,0.278,0.777,Yes,Yes,Brown Spot,Leaf Miner,Medium
KR_02935,2026-003-18,Nanded,Hadgaon,20.91069,73.44076,Rice,Indrayani,Fruiting,Clay Loam,6.19,67.7,Healthy,Mild,4.2,Bollworm,Light Trap,3,30.1,54.2,6.4,9.4,87.3,Too Bright,0.29,0.678,Yes,Yes,Rust,Bollworm,Low
KR_02936,2026-003-15,Nanded,Deglur,19.95203,74.42173,Cotton,RCH-659,Maturity,Black Soil,7.43,61.4,Brown Spot,Mild,6.1,Stem Borer,Pheromone Trap,0,34.4,54.4,25.3,11.9,73.7,Too Bright,0.564,0.52,No,Yes,Thrips,Stem Borer,Low
KR_02937,2026-001-12,Pune,Daund,17.61857,75.97842,Grapes,Sharad Seedless,Vegetative,Loamy,7.24,24.4,Leaf Miner,Severe,74.5,Whitefly,Light Trap,15,30.7,36.2,30.8,4.3,84.9,Too Bright,0.468,0.794,Yes,Yes,Leaf Mold,Fruit Fly,Medium
KR_02938,2026-002-25,Nashik,Dindori,17.44224,78.17389,Soybean,MAUS-71,Maturity,Sandy Loam,6.66,18.4,Early Blight,Severe,79.5,Whitefly,Pheromone Trap,0,27.6,35.1,1.9,10.9,41.5,Blurry,0.596,0.579,Yes,Yes,Early Blight,Fruit Fly,Medium
KR_02939,2026-001-19,Solapur,Mangalwedhe,20.96047,76.773,Cotton,Bt Cotton,Seedling,Sandy Loam,7.52,65.5,Powdery Mildew,Severe,68.3,Whitefly,Pheromone Trap,0,35.3,78.5,27.9,19.3,48.2,Poor Framing,0.521,0.575,No,Yes,Blast,Aphids,Medium
KR_02940,2026-006-23,Pune,Daund,20.88556,74.52291,Rice,Indrayani,Maturity,Clay Loam,6.27,53.6,Leaf Spot,Severe,67.1,Thrips,Pheromone Trap,15,34.8,59.7,20.3,19.6,54.1,Poor Framing,0.419,0.607,Yes,Yes,Rust,Aphids,Medium
KR_02941,2026-006-19,Ahmednagar,Shrigonda,19.01741,74.91611,Grapes,Thompson Seedless,Maturity,Black Soil,7.72,18.5,Brown Spot,Severe,56.7,Aphids,Pheromone Trap,10,26.9,69.1,41.9,13.6,84.2,Good,0.812,0.551,No,Yes,Rust,Aphids,Medium
KR_02942,2026-006-24,Kolhapur,Karveer,18.07021,75.53468,Tomato,Abhinav,Fruiting,Sandy Loam,7.47,26.9,Blast,Severe,54.9,Fruit Fly,Pheromone Trap,9,19.8,77.0,32.9,21.1,64.2,Good,0.934,0.893,Yes,No,Powdery Mildew,Aphids,Medium
KR_02943,2026-004-06,Kolhapur,Hatkanangale,17.27641,75.00965,Soybean,JS-335,Vegetative,Black Soil,7.51,40.1,Downy Mildew,Moderate,23.4,Fruit Fly,Pheromone Trap,1,22.0,76.7,37.1,16.6,23.4,Too Dark,0.443,0.499,Yes,Yes,Bollworm,Whitefly,Medium
KR_02944,2026-001-16,Ahmednagar,Sangamner,16.67328,73.15059,Cotton,Bunny Bt,Flowering,Clay Loam,7.05,48.9,Leaf Miner,Moderate,31.1,Whitefly,Sticky Trap,2,29.8,82.9,18.4,4.8,88.5,Good,0.884,0.864,Yes,No,Leaf Mold,Leaf Miner,Medium
KR_02945,2026-003-13,Ahmednagar,Kopargaon,16.68979,73.83691,Soybean,JS-335,Flowering,Black Soil,6.73,47.5,Stem Borer,Severe,72.7,Bollworm,Light Trap,3,27.7,90.8,25.6,14.7,42.0,Poor Framing,0.476,0.914,Yes,Yes,Brown Spot,Bollworm,High
KR_02946,2026-006-07,Ahmednagar,Sangamner,20.90498,77.98764,Potato,Local-P1,Fruiting,Sandy Loam,6.55,45.4,Downy Mildew,Moderate,32.3,Leaf Miner,Pheromone Trap,0,18.6,45.4,33.4,13.7,76.7,Blurry,0.211,0.611,Yes,Yes,Early Blight,Fruit Fly,Medium
KR_02947,2026-002-12,Kolhapur,Shirol,18.61247,73.3847,Potato,Kufri Pukhraj,Maturity,Sandy Loam,6.87,50.7,Early Blight,Moderate,41.8,Aphids,Pheromone Trap,0,36.5,57.6,2.0,19.0,43.1,Poor Framing,0.614,0.956,Yes,Yes,Rust,Stem Borer,Medium
KR_02948,2026-003-02,Kolhapur,Karveer,20.81176,77.06607,Rice,Phule Samruddhi,Flowering,Black Soil,7.35,20.3,Blast,Mild,19.9,Fruit Fly,Pheromone Trap,0,24.1,87.2,11.6,21.9,77.6,Blurry,0.316,0.481,Yes,Yes,Bacterial Blight,Aphids,Medium
KR_02949,2026-003-17,Sangli,Kavathe Mahankal,17.72935,74.11099,Soybean,MAUS-71,Vegetative,Sandy Loam,7.39,16.1,Thrips,Mild,14.8,Fruit Fly,Light Trap,8,18.1,49.9,9.3,12.4,91.4,Too Dark,0.204,0.754,Yes,Yes,Early Blight,Whitefly,Low
KR_02950,2026-002-07,Nanded,Hadgaon,19.76841,79.47581,Rice,Indrayani,Flowering,Loamy,7.23,47.3,Thrips,Mild,7.9,Fruit Fly,Sticky Trap,9,28.0,96.4,1.1,5.6,83.4,Too Dark,0.552,0.912,Yes,Yes,Late Blight,Whitefly,Medium
KR_02951,2026-007-27,Kolhapur,Hatkanangale,20.31604,77.51735,Soybean,JS-335,Vegetative,Loamy,6.39,51.6,Bacterial Blight,Moderate,40.4,Leaf Miner,Pheromone Trap,0,18.8,64.2,11.9,14.3,80.8,Good,0.769,0.739,Yes,Yes,Leaf Spot,Leaf Miner,Medium
KR_02952,2026-001-28,Solapur,Mangalwedhe,19.93681,74.00959,Soybean,JS-335,Fruiting,Black Soil,6.59,48.1,Late Blight,Mild,6.6,Bollworm,Pheromone Trap,14,30.6,36.8,30.9,21.9,89.0,Good,0.984,0.781,Yes,No,Bacterial Blight,Aphids,Low
KR_02953,2026-006-08,Nanded,Hadgaon,17.80584,74.3234,Potato,Kufri Jyoti,Vegetative,Sandy Loam,6.98,20.0,Downy Mildew,Severe,68.1,Fruit Fly,Sticky Trap,1,20.2,66.2,7.9,3.1,70.5,Poor Framing,0.48,0.931,Yes,Yes,Powdery Mildew,Stem Borer,Medium
KR_02954,2026-007-13,Nanded,Deglur,20.1506,75.60933,Grapes,Sharad Seedless,Vegetative,Sandy Loam,7.78,56.3,Leaf Mold,Moderate,38.1,Fruit Fly,Pheromone Trap,0,24.1,63.3,28.3,13.1,70.5,Good,0.76,0.571,No,Yes,Early Blight,Aphids,Medium
KR_02955,2026-004-23,Solapur,Mangalwedhe,16.98828,76.37671,Tomato,Arka Rakshak,Seedling,Loamy,7.22,74.3,Powdery Mildew,Moderate,43.3,Bollworm,Pheromone Trap,0,37.5,67.5,37.3,14.4,57.0,Too Bright,0.233,0.703,Yes,Yes,Leaf Miner,Thrips,Medium
KR_02956,2026-001-05,Pune,Daund,21.11415,73.78106,Soybean,MAUS-71,Flowering,Clay Loam,7.84,49.6,Thrips,Severe,53.6,Bollworm,Pheromone Trap,0,21.3,88.1,10.1,18.8,25.8,Good,0.992,0.72,No,Yes,Brown Spot,Fruit Fly,High
KR_02957,2026-005-17,Nanded,Biloli,21.23127,78.21651,Tomato,Abhinav,Fruiting,Sandy Loam,8.12,25.3,Leaf Spot,Severe,61.1,Leaf Miner,Pheromone Trap,13,22.8,59.4,31.5,21.3,34.3,Good,0.89,0.882,Yes,No,Late Blight,Whitefly,Medium
KR_02958,2026-006-26,Satara,Koregaon,18.88625,78.35556,Potato,Kufri Jyoti,Fruiting,Sandy Loam,8.1,25.1,Leaf Miner,Mild,10.8,Thrips,Pheromone Trap,0,26.2,41.6,11.2,16.9,80.0,Good,0.828,0.916,Yes,No,Bollworm,Fruit Fly,Low
KR_02959,2026-007-10,Satara,Wai,21.42778,76.3419,Grapes,Sharad Seedless,Seedling,Black Soil,6.86,64.7,Thrips,Moderate,43.5,Aphids,Sticky Trap,1,33.9,54.2,10.8,20.6,75.2,Good,0.998,0.546,No,Yes,Rust,Bollworm,Medium
KR_02960,2026-008-25,Nashik,Dindori,19.45352,77.03356,Cotton,Bunny Bt,Seedling,Black Soil,7.72,46.3,Leaf Spot,Severe,52.7,Aphids,Light Trap,1,35.5,74.6,38.8,16.9,24.7,Good,0.967,0.858,Yes,No,Bollworm,Stem Borer,Medium
KR_02961,2026-003-26,Satara,Koregaon,18.87982,78.27888,Potato,Kufri Jyoti,Maturity,Loamy,7.68,39.5,Bollworm,Severe,50.5,Thrips,Sticky Trap,6,37.6,70.4,9.8,15.2,75.0,Poor Framing,0.497,0.871,No,Yes,Leaf Mold,Stem Borer,Medium
KR_02962,2026-005-19,Pune,Indapur,20.33177,75.05871,Grapes,Sonaka,Maturity,Clay Loam,6.29,22.3,Brown Spot,Moderate,32.1,Bollworm,Pheromone Trap,10,28.7,70.7,18.2,4.2,70.5,Too Bright,0.331,0.947,Yes,Yes,Downy Mildew,Bollworm,Medium
KR_02963,2026-006-05,Kolhapur,Kagal,17.62279,75.25741,Soybean,MACS-1188,Fruiting,Black Soil,7.83,33.4,Powdery Mildew,Severe,63.0,Aphids,Pheromone Trap,13,23.1,78.8,7.6,8.3,76.5,Too Dark,0.41,0.765,Yes,Yes,Rust,Fruit Fly,Medium
KR_02964,2026-008-06,Kolhapur,Shirol,16.54549,76.37677,Cotton,Bt Cotton,Flowering,Clay Loam,6.02,64.9,Bacterial Blight,Mild,7.6,Leaf Miner,Sticky Trap,5,26.2,45.6,20.3,9.3,91.1,Too Dark,0.301,0.598,Yes,Yes,Bacterial Blight,Fruit Fly,Low
KR_02965,2026-001-09,Ahmednagar,Sangamner,17.65405,77.83363,Tomato,Abhinav,Seedling,Black Soil,6.34,56.0,Healthy,Mild,3.0,Bollworm,Light Trap,3,29.9,58.8,20.6,12.8,31.8,Blurry,0.37,0.759,No,Yes,Blast,Fruit Fly,Low
KR_02966,2026-007-14,Solapur,Akkalkot,16.70269,76.70043,Tomato,Hybrid-T1,Flowering,Black Soil,6.02,24.1,Early Blight,Severe,82.7,Bollworm,Pheromone Trap,0,33.7,47.3,33.4,17.9,38.3,Blurry,0.626,0.583,Yes,Yes,Downy Mildew,Stem Borer,Medium
KR_02967,2026-005-25,Ahmednagar,Shrigonda,18.65429,79.28178,Tomato,Abhinav,Maturity,Black Soil,7.91,56.1,Bollworm,Severe,84.9,Aphids,Pheromone Trap,0,21.7,91.4,3.7,2.3,34.4,Too Bright,0.496,0.666,Yes,Yes,Downy Mildew,Aphids,High
KR_02968,2026-003-14,Nashik,Sinnar,20.33962,77.56011,Cotton,Bunny Bt,Flowering,Clay Loam,7.59,68.5,Brown Spot,Moderate,42.6,Whitefly,Pheromone Trap,3,31.0,80.1,0.6,10.9,66.2,Poor Framing,0.22,0.644,Yes,Yes,Rust,Whitefly,High
KR_02969,2026-001-23,Pune,Indapur,16.51644,79.22241,Grapes,Sonaka,Seedling,Clay Loam,6.04,64.8,Late Blight,Moderate,27.8,Aphids,Light Trap,4,28.6,70.2,6.8,12.3,22.9,Good,0.988,0.843,Yes,No,Bacterial Blight,Aphids,Medium
KR_02970,2026-006-01,Sangli,Kavathe Mahankal,21.25784,74.42565,Potato,Local-P1,Flowering,Clay Loam,6.24,29.6,Blast,Severe,75.1,Aphids,Light Trap,15,25.1,83.1,18.6,15.5,83.0,Good,0.776,0.552,Yes,Yes,Powdery Mildew,Aphids,High
KR_02971,2026-002-27,Ahmednagar,Shrigonda,19.9218,79.46427,Potato,Kufri Pukhraj,Seedling,Sandy Loam,7.35,60.3,Leaf Mold,Severe,51.9,Leaf Miner,Sticky Trap,15,18.7,50.2,26.7,11.7,78.3,Poor Framing,0.573,0.726,Yes,Yes,Leaf Mold,Aphids,Medium
KR_02972,2026-001-14,Satara,Phaltan,18.52663,76.96993,Cotton,RCH-659,Flowering,Clay Loam,7.93,19.2,Leaf Spot,Mild,8.8,Bollworm,Sticky Trap,14,29.9,62.5,40.5,13.3,82.1,Too Dark,0.544,0.927,Yes,Yes,Downy Mildew,Bollworm,Medium
KR_02973,2026-001-26,Nanded,Hadgaon,18.57783,75.57476,Potato,Kufri Jyoti,Fruiting,Black Soil,6.41,57.4,Bacterial Blight,Mild,17.7,Stem Borer,Pheromone Trap,0,27.4,50.3,35.2,10.0,69.1,Poor Framing,0.628,0.797,Yes,Yes,Leaf Miner,Bollworm,Medium
KR_02974,2026-007-22,Sangli,Tasgaon,18.76384,74.88725,Grapes,Sharad Seedless,Maturity,Sandy Loam,7.75,19.4,Blast,Moderate,31.1,Leaf Miner,Pheromone Trap,7,27.2,79.4,24.3,14.2,90.7,Good,0.975,0.612,Yes,Yes,Bollworm,Bollworm,Medium
KR_02975,2026-007-27,Ahmednagar,Kopargaon,16.4753,75.32564,Tomato,Hybrid-T1,Flowering,Loamy,7.69,23.3,Leaf Miner,Severe,76.9,Stem Borer,Light Trap,10,36.9,63.1,23.2,14.3,62.8,Good,0.763,0.702,No,Yes,Brown Spot,Bollworm,Medium
KR_02976,2026-008-17,Solapur,Malshiras,16.62906,74.58443,Potato,Kufri Pukhraj,Fruiting,Clay Loam,7.47,32.4,Bacterial Blight,Moderate,21.3,Fruit Fly,Sticky Trap,5,19.9,50.0,39.4,3.5,46.7,Too Bright,0.487,0.71,No,Yes,Early Blight,Aphids,Medium
KR_02977,2026-004-28,Kolhapur,Shirol,18.77197,77.87655,Tomato,Arka Rakshak,Seedling,Clay Loam,8.02,70.2,Healthy,Mild,0.6,Bollworm,Sticky Trap,1,21.0,86.9,44.7,5.9,77.7,Good,0.912,0.597,No,Yes,Rust,Bollworm,Medium
KR_02978,2026-007-09,Nashik,Niphad,21.30563,74.63757,Rice,Basmati,Fruiting,Black Soil,6.29,21.7,Downy Mildew,Severe,74.9,Whitefly,Light Trap,4,34.5,92.6,14.5,20.8,93.6,Blurry,0.222,0.658,No,Yes,Leaf Mold,Leaf Miner,High
KR_02979,2026-007-08,Nanded,Hadgaon,16.80862,74.36029,Cotton,Bunny Bt,Fruiting,Loamy,6.58,34.6,Bacterial Blight,Moderate,30.2,Leaf Miner,Pheromone Trap,14,27.8,68.0,1.9,8.3,58.2,Good,0.856,0.766,Yes,No,Downy Mildew,Aphids,Medium
KR_02980,2026-007-12,Solapur,Mangalwedhe,18.41465,78.82851,Potato,Kufri Pukhraj,Vegetative,Black Soil,7.65,51.9,Bacterial Blight,Mild,12.5,Thrips,Sticky Trap,3,28.7,74.3,31.5,18.5,37.2,Good,0.83,0.491,Yes,Yes,Leaf Spot,Aphids,Medium
KR_02981,2026-003-13,Pune,Indapur,19.59733,74.40864,Rice,Indrayani,Vegetative,Sandy Loam,6.34,61.2,Downy Mildew,Moderate,35.3,Thrips,Pheromone Trap,12,35.5,93.3,17.4,2.9,31.3,Good,0.931,0.613,Yes,Yes,Bollworm,Fruit Fly,Medium
KR_02982,2026-006-09,Nanded,Hadgaon,20.05442,78.21291,Potato,Kufri Jyoti,Seedling,Clay Loam,7.11,49.6,Bollworm,Mild,14.2,Aphids,Light Trap,15,19.5,68.5,6.2,14.2,67.6,Too Dark,0.203,0.864,Yes,Yes,Downy Mildew,Bollworm,Medium
KR_02983,2026-007-18,Sangli,Jat,21.41832,79.17785,Grapes,Sonaka,Maturity,Sandy Loam,6.12,73.9,Early Blight,Moderate,29.4,Thrips,Sticky Trap,1,19.3,47.7,20.1,14.1,38.0,Good,0.911,0.549,Yes,Yes,Thrips,Fruit Fly,Medium
KR_02984,2026-006-08,Kolhapur,Kagal,20.46175,77.67082,Rice,Basmati,Maturity,Clay Loam,6.46,34.3,Late Blight,Mild,8.9,Bollworm,Pheromone Trap,0,30.8,85.5,11.3,9.9,85.5,Good,0.85,0.934,Yes,No,Brown Spot,Bollworm,Medium
KR_02985,2026-002-21,Pune,Daund,21.17466,74.709,Rice,Indrayani,Maturity,Black Soil,6.64,28.3,Healthy,Mild,3.9,Bollworm,Sticky Trap,6,30.2,53.6,16.7,16.0,56.0,Too Dark,0.24,0.509,No,Yes,Bacterial Blight,Fruit Fly,Low
KR_02986,2026-006-22,Kolhapur,Karveer,20.53674,77.51407,Grapes,Sonaka,Maturity,Clay Loam,7.04,20.1,Rust,Mild,14.1,Fruit Fly,Sticky Trap,8,21.4,54.2,27.2,12.8,56.5,Too Bright,0.291,0.579,No,Yes,Downy Mildew,Fruit Fly,Low
KR_02987,2026-003-21,Nanded,Loha,16.38202,75.31278,Rice,Basmati,Vegetative,Black Soil,7.54,24.2,Stem Borer,Moderate,38.6,Bollworm,Light Trap,8,37.0,36.7,3.9,5.4,23.4,Good,0.945,0.893,Yes,No,Leaf Spot,Aphids,Medium
KR_02988,2026-001-17,Kolhapur,Kagal,17.21918,77.52293,Soybean,MAUS-71,Maturity,Sandy Loam,7.21,36.7,Healthy,Mild,1.8,Bollworm,Pheromone Trap,11,25.9,51.0,33.4,9.7,67.4,Blurry,0.338,0.562,No,Yes,Bacterial Blight,Aphids,Low
KR_02989,2026-004-11,Sangli,Jat,20.41797,73.44938,Grapes,Sharad Seedless,Vegetative,Sandy Loam,8.05,15.2,Brown Spot,Moderate,41.1,Leaf Miner,Light Trap,3,21.0,68.8,7.9,17.4,44.7,Good,0.811,0.661,Yes,Yes,Leaf Spot,Thrips,Medium
KR_02990,2026-002-04,Kolhapur,Hatkanangale,16.8461,73.3965,Tomato,Hybrid-T1,Maturity,Clay Loam,6.65,73.7,Leaf Mold,Mild,19.7,Bollworm,Pheromone Trap,14,34.3,54.4,44.9,12.0,85.7,Blurry,0.284,0.554,No,Yes,Early Blight,Thrips,Medium
KR_02991,2026-004-24,Solapur,Pandharpur,19.65258,74.44309,Potato,Local-P1,Fruiting,Clay Loam,6.47,69.9,Brown Spot,Severe,66.0,Thrips,Pheromone Trap,0,22.7,43.6,3.8,10.6,85.8,Good,0.987,0.621,Yes,Yes,Powdery Mildew,Aphids,Medium
KR_02992,2026-006-01,Nashik,Sinnar,18.06752,73.31512,Rice,Phule Samruddhi,Fruiting,Sandy Loam,7.6,52.8,Powdery Mildew,Severe,71.2,Stem Borer,Sticky Trap,3,23.8,36.7,29.8,17.0,76.9,Good,0.754,0.523,No,Yes,Bacterial Blight,Thrips,Medium
KR_02993,2026-003-25,Sangli,Tasgaon,18.18005,76.38928,Rice,Phule Samruddhi,Seedling,Sandy Loam,7.69,53.3,Late Blight,Severe,82.4,Whitefly,Pheromone Trap,11,34.8,44.3,39.8,20.3,52.6,Poor Framing,0.611,0.578,No,Yes,Late Blight,Whitefly,Medium
KR_02994,2026-002-16,Satara,Koregaon,19.02946,75.89512,Rice,Indrayani,Vegetative,Black Soil,6.41,44.7,Stem Borer,Mild,16.7,Whitefly,Pheromone Trap,9,23.8,75.5,0.5,9.1,42.5,Good,0.848,0.952,Yes,No,Rust,Thrips,Medium
KR_02995,2026-003-24,Satara,Karad,16.96901,78.02588,Rice,Phule Samruddhi,Fruiting,Sandy Loam,6.37,16.3,Leaf Miner,Severe,77.7,Whitefly,Pheromone Trap,4,37.1,65.8,17.3,18.1,67.9,Too Bright,0.268,0.816,Yes,Yes,Late Blight,Stem Borer,Medium
KR_02996,2026-007-19,Nanded,Deglur,19.17547,75.36928,Potato,Kufri Pukhraj,Fruiting,Sandy Loam,7.7,68.8,Leaf Mold,Severe,76.6,Whitefly,Pheromone Trap,0,37.3,94.0,0.1,18.0,71.0,Too Bright,0.397,0.479,No,Yes,Thrips,Bollworm,High
KR_02997,2026-007-04,Nashik,Dindori,18.77695,77.36454,Tomato,Abhinav,Flowering,Sandy Loam,7.48,49.8,Leaf Miner,Moderate,46.5,Stem Borer,Pheromone Trap,7,32.0,35.7,29.9,11.9,68.5,Good,0.95,0.619,Yes,Yes,Early Blight,Aphids,Medium
KR_02998,2026-006-17,Satara,Karad,20.02885,74.90173,Potato,Kufri Jyoti,Fruiting,Clay Loam,8.18,32.9,Brown Spot,Severe,60.1,Whitefly,Sticky Trap,7,24.4,52.5,28.7,6.5,90.1,Good,0.868,0.888,No,No,Late Blight,Bollworm,Medium
KR_02999,2026-007-20,Nanded,Deglur,17.49304,73.79432,Cotton,Bt Cotton,Vegetative,Loamy,6.35,50.8,Leaf Spot,Severe,69.1,Whitefly,Light Trap,7,28.3,39.7,31.6,9.0,82.2,Poor Framing,0.435,0.511,Yes,Yes,Leaf Miner,Aphids,Medium
KR_03000,2026-003-25,Pune,Indapur,18.55834,76.60374,Soybean,MACS-1188,Flowering,Sandy Loam,8.06,72.8,Healthy,Mild,2.6,Bollworm,Pheromone Trap,0,35.3,44.8,36.9,16.6,30.8,Good,0.893,0.846,Yes,No,Early Blight,Stem Borer,Low
KR_03001,2026-001-09,Nanded,Deglur,20.96999,75.92284,Potato,Kufri Jyoti,Fruiting,Clay Loam,6.38,45.3,Leaf Spot,Moderate,30.1,Whitefly,Light Trap,3,34.7,53.8,27.7,16.8,30.5,Too Dark,0.342,0.941,Yes,Yes,Leaf Mold,Thrips,Medium
KR_03002,2026-008-12,Nashik,Dindori,16.52264,73.3732,Rice,Phule Samruddhi,Vegetative,Sandy Loam,6.81,51.0,Brown Spot,Severe,66.8,Leaf Miner,Sticky Trap,10,36.8,54.3,28.3,20.2,58.2,Good,0.864,0.97,Yes,No,Powdery Mildew,Fruit Fly,Medium
KR_03003,2026-008-13,Nanded,Deglur,19.91202,77.78079,Rice,Basmati,Seedling,Black Soil,7.37,17.4,Late Blight,Severe,84.6,Whitefly,Light Trap,12,25.2,45.9,41.7,16.0,60.1,Good,0.84,0.478,Yes,Yes,Early Blight,Aphids,Medium
KR_03004,2026-006-02,Satara,Phaltan,20.97232,74.63185,Rice,Phule Samruddhi,Seedling,Loamy,7.65,31.5,Leaf Mold,Mild,6.4,Leaf Miner,Sticky Trap,13,35.6,52.7,17.3,16.7,39.7,Poor Framing,0.56,0.672,Yes,Yes,Leaf Mold,Stem Borer,Low
KR_03005,2026-002-21,Nanded,Hadgaon,16.36644,79.13706,Tomato,Hybrid-T1,Vegetative,Loamy,6.71,34.0,Healthy,Mild,1.4,Bollworm,Pheromone Trap,0,25.4,80.5,5.0,3.1,82.1,Blurry,0.258,0.725,Yes,Yes,Stem Borer,Aphids,Medium
KR_03006,2026-008-02,Pune,Daund,17.41192,73.93679,Tomato,Abhinav,Maturity,Sandy Loam,7.51,32.5,Powdery Mildew,Moderate,20.0,Leaf Miner,Sticky Trap,6,18.9,45.5,30.9,4.5,66.2,Too Dark,0.346,0.538,No,Yes,Stem Borer,Thrips,Medium
KR_03007,2026-004-12,Satara,Karad,21.18699,73.84019,Potato,Local-P1,Fruiting,Sandy Loam,7.95,70.7,Late Blight,Mild,7.7,Bollworm,Sticky Trap,13,18.3,42.3,2.2,15.4,40.4,Too Dark,0.575,0.529,Yes,Yes,Rust,Aphids,Low
KR_03008,2026-007-08,Pune,Shirur,17.52501,75.05561,Grapes,Thompson Seedless,Maturity,Clay Loam,6.97,54.7,Bollworm,Moderate,38.6,Stem Borer,Pheromone Trap,0,19.7,76.1,31.1,3.6,72.1,Good,0.847,0.662,Yes,Yes,Stem Borer,Leaf Miner,Medium
KR_03009,2026-006-09,Pune,Shirur,19.28126,75.86074,Cotton,RCH-659,Fruiting,Loamy,6.64,46.2,Late Blight,Severe,79.5,Bollworm,Light Trap,7,35.8,94.0,19.2,8.9,78.8,Good,0.923,0.86,Yes,No,Late Blight,Aphids,High
KR_03010,2026-005-08,Pune,Baramati,21.42789,74.28076,Rice,Indrayani,Flowering,Loamy,6.25,58.1,Late Blight,Moderate,25.3,Thrips,Pheromone Trap,0,35.3,44.9,2.2,8.5,42.4,Good,0.792,0.961,Yes,No,Leaf Spot,Thrips,Medium
KR_03011,2026-003-18,Satara,Phaltan,21.27072,77.80432,Potato,Kufri Pukhraj,Vegetative,Black Soil,7.58,43.6,Leaf Miner,Mild,14.7,Leaf Miner,Sticky Trap,7,36.7,88.7,19.6,15.6,38.4,Poor Framing,0.41,0.988,Yes,Yes,Bollworm,Fruit Fly,Medium
KR_03012,2026-001-06,Sangli,Tasgaon,19.34815,75.04438,Potato,Local-P1,Vegetative,Black Soil,8.05,16.5,Early Blight,Severe,81.9,Leaf Miner,Light Trap,12,30.1,67.3,16.6,13.4,50.3,Poor Framing,0.271,0.85,Yes,Yes,Rust,Aphids,Medium
KR_03013,2026-002-01,Pune,Daund,17.761,76.66228,Rice,Basmati,Seedling,Loamy,6.12,33.7,Leaf Mold,Mild,10.6,Leaf Miner,Pheromone Trap,0,21.3,40.2,25.4,18.1,67.0,Too Dark,0.225,0.702,Yes,Yes,Late Blight,Aphids,Low
KR_03014,2026-002-22,Nanded,Loha,19.68203,75.27895,Soybean,MACS-1188,Seedling,Black Soil,7.29,70.9,Bacterial Blight,Mild,5.8,Stem Borer,Pheromone Trap,0,35.3,52.2,22.9,5.0,66.5,Good,0.843,0.553,Yes,Yes,Leaf Miner,Stem Borer,Low
KR_03015,2026-001-18,Pune,Baramati,16.7855,74.76531,Potato,Local-P1,Vegetative,Black Soil,7.02,40.9,Leaf Spot,Mild,11.5,Thrips,Pheromone Trap,0,20.3,72.3,17.1,14.2,46.2,Good,0.975,0.939,Yes,No,Leaf Mold,Aphids,Medium
KR_03016,2026-001-24,Sangli,Miraj,18.7161,74.53355,Soybean,MAUS-71,Fruiting,Loamy,6.82,21.7,Downy Mildew,Moderate,20.9,Thrips,Sticky Trap,8,22.6,48.7,41.1,16.4,47.6,Poor Framing,0.408,0.935,No,Yes,Stem Borer,Leaf Miner,Medium
KR_03017,2026-003-18,Nashik,Sinnar,18.64112,76.67664,Soybean,JS-335,Flowering,Loamy,6.7,28.1,Leaf Spot,Moderate,39.1,Thrips,Light Trap,8,36.1,96.9,4.4,18.5,84.1,Too Bright,0.507,0.81,Yes,Yes,Bollworm,Aphids,Medium
KR_03018,2026-003-03,Nanded,Biloli,20.21922,75.21168,Soybean,MAUS-71,Vegetative,Black Soil,7.63,71.0,Thrips,Moderate,35.4,Leaf Miner,Sticky Trap,7,26.4,55.1,27.8,11.8,61.2,Good,0.99,0.871,Yes,No,Early Blight,Aphids,Medium
KR_03019,2026-002-18,Sangli,Miraj,19.13188,74.20942,Rice,Basmati,Vegetative,Black Soil,6.74,57.4,Powdery Mildew,Severe,52.8,Bollworm,Pheromone Trap,12,19.9,80.9,15.1,15.1,92.2,Too Dark,0.417,0.518,Yes,Yes,Leaf Spot,Aphids,High
KR_03020,2026-001-15,Nanded,Hadgaon,20.88637,76.90077,Tomato,Hybrid-T1,Seedling,Black Soil,6.49,47.8,Powdery Mildew,Severe,53.5,Leaf Miner,Sticky Trap,3,35.9,49.6,1.0,9.9,34.3,Blurry,0.324,0.967,Yes,Yes,Stem Borer,Leaf Miner,Medium
KR_03021,2026-001-01,Satara,Phaltan,21.08892,76.92319,Cotton,RCH-659,Flowering,Sandy Loam,7.33,51.4,Powdery Mildew,Severe,54.0,Thrips,Sticky Trap,2,29.6,50.2,26.2,18.6,76.1,Poor Framing,0.427,0.891,No,Yes,Leaf Miner,Leaf Miner,Medium
KR_03022,2026-005-09,Nanded,Hadgaon,20.84218,78.92822,Potato,Local-P1,Vegetative,Clay Loam,7.36,58.1,Stem Borer,Mild,7.7,Aphids,Sticky Trap,11,33.8,38.4,13.9,22.0,76.5,Blurry,0.438,0.468,Yes,Yes,Rust,Bollworm,Low
KR_03023,2026-006-12,Nashik,Dindori,16.54109,78.84074,Cotton,RCH-659,Fruiting,Black Soil,7.74,68.1,Stem Borer,Severe,52.6,Stem Borer,Pheromone Trap,4,36.9,47.4,34.2,21.2,71.2,Good,0.936,0.68,Yes,Yes,Bollworm,Aphids,Medium
KR_03024,2026-001-03,Kolhapur,Shirol,16.68993,76.57311,Grapes,Thompson Seedless,Vegetative,Clay Loam,7.25,31.1,Blast,Moderate,45.7,Stem Borer,Pheromone Trap,0,28.1,53.6,18.2,15.1,60.0,Good,0.933,0.98,Yes,No,Blast,Whitefly,Medium
KR_03025,2026-008-11,Ahmednagar,Kopargaon,21.34039,79.20345,Potato,Local-P1,Flowering,Loamy,6.83,69.8,Leaf Miner,Mild,6.0,Whitefly,Pheromone Trap,0,27.0,61.5,25.5,4.5,35.5,Too Bright,0.542,0.933,No,Yes,Late Blight,Leaf Miner,Medium
KR_03026,2026-001-09,Nashik,Dindori,16.50193,75.04487,Grapes,Sonaka,Flowering,Clay Loam,6.99,17.2,Leaf Spot,Moderate,27.3,Leaf Miner,Pheromone Trap,0,20.9,62.9,32.0,11.0,66.5,Too Dark,0.256,0.726,No,Yes,Bollworm,Stem Borer,Medium
KR_03027,2026-002-06,Satara,Koregaon,16.70682,74.09902,Soybean,MACS-1188,Maturity,Clay Loam,6.59,17.3,Blast,Moderate,23.8,Fruit Fly,Light Trap,10,31.8,64.9,13.3,10.2,74.2,Poor Framing,0.294,0.516,No,Yes,Downy Mildew,Thrips,Medium
KR_03028,2026-002-15,Nanded,Deglur,16.45545,78.69996,Cotton,RCH-659,Seedling,Clay Loam,6.81,41.0,Powdery Mildew,Mild,16.2,Stem Borer,Light Trap,15,33.8,73.6,18.2,15.5,89.9,Blurry,0.465,0.952,No,Yes,Leaf Miner,Leaf Miner,Medium
KR_03029,2026-002-11,Kolhapur,Karveer,17.38699,75.93431,Cotton,Bunny Bt,Vegetative,Black Soil,7.04,54.6,Leaf Miner,Moderate,41.8,Aphids,Sticky Trap,1,28.0,64.8,12.0,14.6,79.9,Good,0.883,0.559,Yes,Yes,Powdery Mildew,Aphids,Medium
KR_03030,2026-006-28,Nashik,Dindori,17.05961,75.71563,Cotton,Bt Cotton,Fruiting,Clay Loam,7.78,21.3,Leaf Mold,Moderate,33.8,Thrips,Pheromone Trap,0,33.9,97.8,5.5,12.8,54.5,Good,0.891,0.676,No,Yes,Late Blight,Aphids,Medium
KR_03031,2026-004-09,Nashik,Dindori,18.63489,76.65274,Cotton,Bt Cotton,Fruiting,Clay Loam,7.01,58.9,Leaf Mold,Moderate,20.7,Fruit Fly,Pheromone Trap,0,24.6,80.9,16.5,21.8,48.0,Too Dark,0.393,0.808,Yes,Yes,Blast,Thrips,Medium
KR_03032,2026-001-20,Satara,Koregaon,16.32868,75.84517,Potato,Kufri Jyoti,Vegetative,Loamy,6.55,34.5,Early Blight,Moderate,41.8,Thrips,Pheromone Trap,0,22.5,75.6,32.0,10.4,60.1,Poor Framing,0.464,0.937,No,Yes,Thrips,Leaf Miner,Medium
KR_03033,2026-005-19,Nashik,Niphad,18.71838,76.55408,Potato,Kufri Pukhraj,Maturity,Loamy,6.66,29.3,Leaf Mold,Severe,51.5,Aphids,Pheromone Trap,0,29.9,77.5,27.8,9.3,52.9,Too Dark,0.21,0.509,No,Yes,Brown Spot,Stem Borer,Medium
KR_03034,2026-006-28,Sangli,Jat,18.05155,77.44627,Grapes,Sonaka,Vegetative,Sandy Loam,7.48,41.5,Downy Mildew,Severe,55.7,Stem Borer,Sticky Trap,8,23.7,79.3,17.2,18.8,84.4,Too Dark,0.397,0.673,Yes,Yes,Brown Spot,Bollworm,Medium
KR_03035,2026-003-05,Nanded,Biloli,17.58688,76.97521,Grapes,Sharad Seedless,Fruiting,Clay Loam,8.11,40.3,Early Blight,Severe,81.8,Fruit Fly,Light Trap,11,30.0,35.3,19.9,2.1,20.1,Blurry,0.384,0.482,Yes,Yes,Bollworm,Fruit Fly,Medium
KR_03036,2026-004-11,Ahmednagar,Kopargaon,20.57314,78.11788,Tomato,Arka Rakshak,Seedling,Loamy,7.94,16.3,Stem Borer,Mild,10.9,Leaf Miner,Pheromone Trap,0,37.1,96.7,44.4,14.4,25.9,Too Bright,0.571,0.849,Yes,Yes,Downy Mildew,Leaf Miner,Medium
KR_03037,2026-006-14,Kolhapur,Shirol,19.87523,73.15049,Rice,Basmati,Seedling,Black Soil,6.58,16.7,Bacterial Blight,Mild,9.7,Aphids,Pheromone Trap,0,26.0,91.8,23.5,6.6,71.7,Blurry,0.201,0.982,Yes,Yes,Blast,Whitefly,Medium
KR_03038,2026-008-24,Nashik,Malegaon,18.61391,73.30685,Grapes,Sonaka,Maturity,Loamy,6.33,45.3,Leaf Miner,Severe,75.5,Whitefly,Sticky Trap,6,27.4,89.7,24.5,11.4,89.9,Good,0.851,0.585,Yes,Yes,Powdery Mildew,Aphids,High
KR_03039,2026-004-28,Sangli,Tasgaon,17.84997,73.84843,Grapes,Sonaka,Maturity,Black Soil,6.91,31.0,Bacterial Blight,Severe,61.7,Fruit Fly,Sticky Trap,14,32.9,48.7,42.1,8.2,63.9,Poor Framing,0.642,0.891,Yes,Yes,Rust,Fruit Fly,Medium
KR_03040,2026-008-04,Nanded,Deglur,20.31913,77.17857,Cotton,Bunny Bt,Flowering,Black Soil,6.61,52.9,Leaf Mold,Mild,16.4,Leaf Miner,Pheromone Trap,2,35.9,40.0,24.9,16.7,89.4,Too Bright,0.49,0.653,Yes,Yes,Thrips,Stem Borer,Medium
KR_03041,2026-008-02,Nashik,Sinnar,17.0584,73.82378,Grapes,Sharad Seedless,Fruiting,Sandy Loam,8.13,37.4,Powdery Mildew,Severe,71.4,Bollworm,Sticky Trap,13,27.4,35.3,26.1,11.9,36.6,Good,0.944,0.55,Yes,Yes,Thrips,Stem Borer,Medium
KR_03042,2026-003-28,Nanded,Deglur,16.5252,76.67481,Grapes,Thompson Seedless,Fruiting,Clay Loam,6.13,71.9,Blast,Moderate,34.6,Leaf Miner,Pheromone Trap,0,26.3,36.9,20.4,17.2,63.8,Too Bright,0.435,0.474,No,Yes,Bollworm,Aphids,Medium
KR_03043,2026-007-22,Sangli,Miraj,18.11995,75.73388,Rice,Basmati,Vegetative,Clay Loam,6.11,46.2,Blast,Severe,65.8,Aphids,Sticky Trap,8,30.8,53.3,43.3,9.6,57.4,Too Bright,0.221,0.734,No,Yes,Late Blight,Bollworm,Medium
KR_03044,2026-006-09,Solapur,Akkalkot,19.85991,79.1853,Rice,Phule Samruddhi,Flowering,Sandy Loam,7.29,68.3,Bollworm,Mild,16.1,Whitefly,Pheromone Trap,0,18.6,37.5,34.6,17.8,40.0,Good,0.847,0.773,Yes,No,Leaf Miner,Aphids,Medium
KR_03045,2026-002-24,Sangli,Miraj,19.93011,74.21449,Rice,Indrayani,Fruiting,Black Soil,6.92,61.0,Bacterial Blight,Moderate,25.8,Whitefly,Light Trap,3,29.7,61.9,30.9,6.4,89.7,Too Bright,0.349,0.76,Yes,Yes,Bacterial Blight,Leaf Miner,Medium
KR_03046,2026-001-19,Nanded,Hadgaon,21.18,76.40424,Tomato,Abhinav,Seedling,Loamy,6.95,51.2,Powdery Mildew,Severe,72.1,Bollworm,Pheromone Trap,2,32.1,58.4,13.8,4.8,51.9,Good,0.758,0.556,Yes,Yes,Leaf Mold,Stem Borer,Medium
KR_03047,2026-001-16,Kolhapur,Kagal,16.23021,76.70832,Tomato,Hybrid-T1,Fruiting,Sandy Loam,6.92,32.8,Leaf Miner,Severe,51.4,Whitefly,Light Trap,2,33.9,71.5,18.0,6.5,71.8,Poor Framing,0.503,0.895,Yes,Yes,Thrips,Aphids,Medium
KR_03048,2026-003-03,Pune,Shirur,16.10425,76.26853,Rice,Basmati,Maturity,Sandy Loam,7.17,24.6,Leaf Mold,Mild,15.9,Whitefly,Pheromone Trap,0,34.8,70.5,8.6,9.4,73.3,Blurry,0.236,0.517,No,Yes,Blast,Thrips,Medium
KR_03049,2026-001-07,Nashik,Dindori,18.44082,74.50481,Cotton,Bt Cotton,Vegetative,Loamy,7.95,53.9,Brown Spot,Severe,84.6,Bollworm,Pheromone Trap,0,18.9,41.6,15.0,19.6,42.4,Good,0.88,0.823,Yes,No,Bacterial Blight,Fruit Fly,Medium
KR_03050,2026-003-17,Nashik,Niphad,18.26997,73.18923,Grapes,Thompson Seedless,Vegetative,Sandy Loam,7.47,21.8,Late Blight,Mild,19.2,Thrips,Light Trap,10,25.0,85.8,7.9,2.1,40.4,Too Dark,0.576,0.831,Yes,Yes,Brown Spot,Aphids,Medium
KR_03051,2026-005-17,Satara,Koregaon,19.09667,76.50441,Tomato,Hybrid-T1,Fruiting,Sandy Loam,7.89,72.6,Leaf Spot,Severe,57.2,Leaf Miner,Pheromone Trap,0,29.1,78.7,40.1,16.1,43.5,Good,0.758,0.972,Yes,No,Stem Borer,Aphids,Medium
KR_03052,2026-004-03,Ahmednagar,Kopargaon,19.01335,73.34743,Tomato,Hybrid-T1,Vegetative,Loamy,6.73,72.9,Leaf Miner,Severe,69.5,Aphids,Sticky Trap,3,19.3,90.4,11.5,14.9,40.7,Poor Framing,0.483,0.911,Yes,Yes,Blast,Leaf Miner,High
KR_03053,2026-008-18,Kolhapur,Karveer,21.23309,78.53355,Soybean,JS-335,Seedling,Black Soil,6.8,40.1,Downy Mildew,Severe,61.8,Thrips,Sticky Trap,13,19.7,41.2,31.1,15.6,92.5,Too Bright,0.377,0.805,Yes,Yes,Blast,Aphids,Medium
KR_03054,2026-004-05,Solapur,Akkalkot,16.29411,76.01855,Rice,Indrayani,Maturity,Loamy,7.36,70.7,Stem Borer,Mild,12.9,Bollworm,Pheromone Trap,0,20.8,89.3,15.8,5.0,40.2,Too Bright,0.437,0.923,Yes,Yes,Leaf Mold,Bollworm,Medium
KR_03055,2026-005-25,Satara,Wai,18.46204,73.58825,Grapes,Sharad Seedless,Seedling,Clay Loam,6.09,33.4,Bacterial Blight,Moderate,40.9,Thrips,Sticky Trap,1,22.3,35.8,21.6,20.0,82.3,Too Dark,0.519,0.732,No,Yes,Early Blight,Aphids,Medium
KR_03056,2026-001-02,Kolhapur,Hatkanangale,18.6064,77.68284,Grapes,Sharad Seedless,Fruiting,Sandy Loam,7.49,22.1,Late Blight,Mild,15.5,Leaf Miner,Pheromone Trap,0,32.3,94.4,27.8,17.8,34.0,Poor Framing,0.302,0.612,Yes,Yes,Powdery Mildew,Aphids,Medium
KR_03057,2026-005-12,Sangli,Jat,21.03439,75.78143,Soybean,JS-335,Fruiting,Sandy Loam,6.46,47.0,Thrips,Moderate,35.5,Leaf Miner,Pheromone Trap,0,33.9,37.2,28.4,19.7,83.6,Too Dark,0.421,0.561,Yes,Yes,Stem Borer,Aphids,Medium
KR_03058,2026-002-22,Solapur,Malshiras,18.70705,73.83005,Grapes,Sharad Seedless,Fruiting,Loamy,6.13,39.9,Powdery Mildew,Moderate,42.5,Stem Borer,Sticky Trap,3,35.1,47.8,1.1,17.6,91.3,Good,0.79,0.801,Yes,No,Thrips,Whitefly,Medium
KR_03059,2026-005-18,Ahmednagar,Kopargaon,17.58826,75.52121,Cotton,Bt Cotton,Maturity,Black Soil,6.41,15.5,Bollworm,Moderate,33.9,Stem Borer,Sticky Trap,10,20.9,63.8,2.5,7.9,37.4,Too Bright,0.517,0.989,No,Yes,Bollworm,Thrips,Medium
KR_03060,2026-006-08,Sangli,Jat,16.76747,75.12484,Grapes,Sharad Seedless,Maturity,Clay Loam,7.13,26.5,Rust,Mild,10.2,Aphids,Pheromone Trap,0,28.7,61.5,13.4,11.3,61.0,Too Dark,0.345,0.649,No,Yes,Blast,Fruit Fly,Medium
KR_03061,2026-002-08,Kolhapur,Hatkanangale,17.11643,75.25093,Rice,Basmati,Flowering,Loamy,6.24,39.6,Leaf Spot,Mild,18.8,Bollworm,Pheromone Trap,0,37.4,58.2,26.8,11.2,62.6,Poor Framing,0.327,0.542,Yes,Yes,Early Blight,Stem Borer,Medium
KR_03062,2026-008-28,Satara,Wai,16.88798,77.4919,Rice,Basmati,Maturity,Loamy,6.83,21.9,Thrips,Moderate,29.7,Whitefly,Pheromone Trap,12,33.1,96.0,10.2,10.1,29.2,Blurry,0.287,0.844,Yes,Yes,Late Blight,Bollworm,Medium
KR_03063,2026-007-23,Ahmednagar,Rahata,18.57092,73.0256,Grapes,Sharad Seedless,Flowering,Black Soil,6.38,18.0,Stem Borer,Moderate,46.7,Leaf Miner,Light Trap,7,21.9,37.0,3.6,17.4,73.9,Blurry,0.212,0.485,Yes,Yes,Bollworm,Leaf Miner,Medium
KR_03064,2026-007-08,Nanded,Hadgaon,21.09365,76.0809,Potato,Local-P1,Vegetative,Loamy,7.04,44.4,Early Blight,Mild,16.7,Aphids,Sticky Trap,11,37.5,39.5,15.9,6.3,91.3,Good,0.786,0.766,No,No,Rust,Whitefly,Medium
KR_03065,2026-003-07,Nanded,Loha,20.55559,76.13153,Tomato,Hybrid-T1,Seedling,Sandy Loam,6.11,25.7,Bacterial Blight,Mild,18.7,Leaf Miner,Pheromone Trap,14,37.7,60.5,12.8,7.4,68.5,Too Dark,0.623,0.917,Yes,Yes,Late Blight,Whitefly,Medium
KR_03066,2026-004-24,Pune,Baramati,21.36847,74.69303,Potato,Kufri Pukhraj,Flowering,Sandy Loam,7.59,21.8,Stem Borer,Mild,16.7,Bollworm,Pheromone Trap,8,25.5,54.5,23.3,16.9,21.8,Blurry,0.238,0.98,Yes,Yes,Rust,Whitefly,Medium
KR_03067,2026-004-07,Ahmednagar,Shrigonda,19.43526,76.17273,Potato,Local-P1,Flowering,Clay Loam,7.35,46.8,Downy Mildew,Moderate,33.9,Whitefly,Pheromone Trap,4,37.9,80.9,14.2,16.4,84.3,Good,0.829,0.453,Yes,Yes,Bacterial Blight,Thrips,Medium
KR_03068,2026-002-12,Satara,Wai,16.59101,78.87702,Potato,Local-P1,Vegetative,Black Soil,6.92,73.7,Early Blight,Mild,15.8,Leaf Miner,Sticky Trap,10,20.8,68.1,1.6,7.1,26.4,Good,0.904,0.72,No,Yes,Downy Mildew,Aphids,Medium
KR_03069,2026-005-02,Pune,Indapur,16.86874,75.37383,Cotton,Bunny Bt,Maturity,Sandy Loam,6.4,67.1,Bollworm,Mild,5.2,Stem Borer,Pheromone Trap,0,21.9,46.0,26.4,3.6,83.2,Too Bright,0.251,0.739,Yes,Yes,Powdery Mildew,Aphids,Low
KR_03070,2026-007-26,Sangli,Tasgaon,18.70603,74.81807,Tomato,Abhinav,Maturity,Sandy Loam,6.78,52.3,Bacterial Blight,Severe,76.1,Aphids,Sticky Trap,11,19.2,57.4,35.7,7.4,90.4,Too Bright,0.35,0.878,Yes,Yes,Powdery Mildew,Bollworm,Medium
KR_03071,2026-002-27,Nashik,Dindori,18.66226,77.67973,Rice,Indrayani,Flowering,Clay Loam,7.0,52.5,Thrips,Mild,7.0,Leaf Miner,Sticky Trap,12,37.4,86.9,22.2,14.8,86.0,Good,0.881,0.931,Yes,No,Powdery Mildew,Stem Borer,Medium
KR_03072,2026-004-02,Solapur,Malshiras,20.72488,73.10697,Grapes,Sonaka,Seedling,Black Soil,8.15,52.6,Downy Mildew,Mild,8.3,Bollworm,Pheromone Trap,0,30.6,64.8,31.5,12.0,48.6,Good,0.822,0.56,No,Yes,Leaf Miner,Whitefly,Medium
KR_03073,2026-006-20,Nanded,Deglur,16.89352,74.24167,Potato,Kufri Pukhraj,Vegetative,Black Soil,7.7,17.4,Bacterial Blight,Severe,68.9,Stem Borer,Pheromone Trap,5,18.7,95.5,39.5,4.8,87.7,Good,0.858,0.862,Yes,No,Leaf Mold,Bollworm,High
KR_03074,2026-002-02,Satara,Koregaon,16.99632,76.82722,Rice,Basmati,Vegetative,Clay Loam,7.79,51.0,Leaf Spot,Moderate,38.0,Bollworm,Light Trap,15,24.4,77.2,36.7,6.8,22.4,Good,0.842,0.486,Yes,Yes,Rust,Aphids,Medium
KR_03075,2026-002-27,Sangli,Jat,16.59217,78.18778,Tomato,Hybrid-T1,Flowering,Loamy,6.55,54.8,Leaf Spot,Moderate,42.1,Bollworm,Sticky Trap,15,25.2,54.4,17.3,5.9,21.2,Good,0.954,0.698,Yes,Yes,Powdery Mildew,Leaf Miner,Medium
KR_03076,2026-008-09,Pune,Daund,20.29754,79.42121,Tomato,Abhinav,Maturity,Black Soil,6.65,17.5,Stem Borer,Moderate,24.1,Aphids,Pheromone Trap,11,20.2,95.5,39.0,18.8,46.5,Good,0.877,0.928,Yes,No,Early Blight,Bollworm,Medium
KR_03077,2026-008-06,Sangli,Miraj,19.39153,79.45366,Tomato,Arka Rakshak,Vegetative,Sandy Loam,6.79,43.5,Rust,Severe,66.2,Aphids,Sticky Trap,3,19.4,81.4,23.7,9.7,86.6,Good,0.927,0.53,Yes,Yes,Downy Mildew,Whitefly,High
KR_03078,2026-004-23,Solapur,Mangalwedhe,17.58913,73.4224,Grapes,Thompson Seedless,Flowering,Black Soil,6.72,43.1,Powdery Mildew,Severe,76.7,Thrips,Light Trap,4,22.4,85.5,40.3,8.8,34.1,Good,0.791,0.712,No,Yes,Bacterial Blight,Thrips,High
KR_03079,2026-005-28,Nanded,Biloli,16.8357,73.85931,Rice,Indrayani,Flowering,Clay Loam,7.62,23.5,Powdery Mildew,Mild,18.6,Bollworm,Sticky Trap,3,37.0,50.0,7.1,8.8,70.2,Good,0.95,0.703,No,Yes,Brown Spot,Thrips,Medium
KR_03080,2026-001-19,Kolhapur,Hatkanangale,20.85566,74.80779,Tomato,Hybrid-T1,Vegetative,Sandy Loam,7.91,53.0,Blast,Moderate,21.7,Whitefly,Pheromone Trap,13,36.3,35.8,16.1,16.8,85.0,Too Bright,0.269,0.76,Yes,Yes,Late Blight,Whitefly,Medium
KR_03081,2026-001-15,Satara,Koregaon,17.08304,79.31692,Cotton,Bt Cotton,Seedling,Clay Loam,6.45,54.9,Blast,Mild,16.6,Thrips,Sticky Trap,3,33.6,40.3,18.7,4.2,91.0,Too Bright,0.369,0.664,No,Yes,Downy Mildew,Aphids,Medium
KR_03082,2026-006-08,Nanded,Biloli,19.58155,79.15802,Rice,Basmati,Maturity,Clay Loam,7.07,65.4,Late Blight,Mild,7.7,Aphids,Sticky Trap,8,23.2,74.0,0.4,19.0,24.0,Poor Framing,0.51,0.727,No,Yes,Leaf Miner,Fruit Fly,Medium
KR_03083,2026-007-15,Ahmednagar,Sangamner,16.43787,79.19472,Grapes,Sharad Seedless,Vegetative,Sandy Loam,8.09,71.9,Blast,Severe,68.7,Stem Borer,Light Trap,3,31.1,61.2,34.6,6.3,81.0,Too Bright,0.551,0.678,Yes,Yes,Bacterial Blight,Aphids,Medium
KR_03084,2026-004-09,Solapur,Pandharpur,17.21341,73.65859,Grapes,Thompson Seedless,Seedling,Black Soil,6.04,29.6,Stem Borer,Mild,11.5,Thrips,Sticky Trap,10,26.2,43.3,7.1,17.9,91.5,Too Dark,0.526,0.619,No,Yes,Leaf Spot,Whitefly,Low
KR_03085,2026-002-03,Pune,Daund,16.87585,73.64351,Cotton,RCH-659,Maturity,Sandy Loam,7.97,74.8,Stem Borer,Moderate,45.4,Stem Borer,Pheromone Trap,0,34.9,76.8,4.3,18.6,40.3,Blurry,0.437,0.897,Yes,Yes,Rust,Aphids,Medium
KR_03086,2026-003-26,Solapur,Mangalwedhe,19.74254,74.57648,Rice,Basmati,Vegetative,Black Soil,8.08,42.2,Downy Mildew,Mild,10.5,Stem Borer,Sticky Trap,2,25.7,58.4,42.0,5.0,44.1,Poor Framing,0.513,0.937,Yes,Yes,Leaf Spot,Fruit Fly,Low
KR_03087,2026-007-11,Solapur,Mangalwedhe,16.09267,73.07276,Grapes,Thompson Seedless,Fruiting,Clay Loam,8.09,17.4,Blast,Mild,19.0,Thrips,Sticky Trap,8,27.1,73.5,35.5,17.6,90.1,Too Dark,0.547,0.56,Yes,Yes,Bollworm,Whitefly,Medium
KR_03088,2026-002-19,Nanded,Deglur,19.53065,75.18692,Grapes,Sharad Seedless,Flowering,Sandy Loam,7.54,54.3,Thrips,Moderate,28.9,Whitefly,Sticky Trap,4,28.7,64.5,39.1,21.2,34.2,Too Bright,0.246,0.587,Yes,Yes,Bacterial Blight,Bollworm,Medium
KR_03089,2026-001-03,Ahmednagar,Shrigonda,17.02539,73.73319,Rice,Phule Samruddhi,Flowering,Sandy Loam,6.62,47.4,Leaf Mold,Mild,5.5,Stem Borer,Light Trap,11,21.4,70.4,6.9,17.4,58.5,Blurry,0.631,0.768,Yes,Yes,Late Blight,Aphids,Medium
KR_03090,2026-004-08,Solapur,Pandharpur,20.99179,78.84997,Soybean,MACS-1188,Seedling,Loamy,7.97,52.9,Late Blight,Moderate,42.5,Thrips,Pheromone Trap,0,21.4,63.1,37.4,17.9,45.6,Too Dark,0.483,0.533,Yes,Yes,Late Blight,Aphids,Medium
KR_03091,2026-002-07,Satara,Phaltan,17.2822,76.42739,Potato,Kufri Pukhraj,Seedling,Sandy Loam,7.54,62.7,Blast,Moderate,44.5,Bollworm,Pheromone Trap,2,24.5,47.9,9.9,4.5,37.7,Good,0.808,0.776,Yes,No,Stem Borer,Aphids,Medium
KR_03092,2026-006-14,Nashik,Dindori,17.12555,79.144,Rice,Indrayani,Maturity,Clay Loam,7.54,20.7,Powdery Mildew,Severe,55.7,Whitefly,Sticky Trap,3,25.4,89.8,17.3,2.3,63.1,Poor Framing,0.447,0.671,Yes,Yes,Brown Spot,Fruit Fly,High
KR_03093,2026-003-02,Solapur,Pandharpur,20.96142,75.59184,Tomato,Arka Rakshak,Flowering,Loamy,6.27,35.5,Late Blight,Mild,9.5,Fruit Fly,Light Trap,6,26.4,75.1,7.0,6.1,31.6,Too Dark,0.478,0.968,No,Yes,Leaf Miner,Whitefly,Medium
KR_03094,2026-008-14,Ahmednagar,Kopargaon,20.36998,73.99901,Grapes,Sharad Seedless,Seedling,Clay Loam,7.68,43.4,Downy Mildew,Moderate,20.8,Fruit Fly,Pheromone Trap,4,21.8,64.1,5.9,22.0,68.7,Blurry,0.338,0.474,Yes,Yes,Rust,Thrips,Medium
KR_03095,2026-008-18,Pune,Baramati,19.77936,73.72594,Grapes,Thompson Seedless,Vegetative,Black Soil,7.44,59.6,Rust,Moderate,49.8,Stem Borer,Pheromone Trap,11,19.5,64.0,36.5,11.8,93.4,Good,0.841,0.474,Yes,Yes,Downy Mildew,Fruit Fly,Medium
KR_03096,2026-003-14,Nanded,Hadgaon,16.36962,75.56087,Grapes,Thompson Seedless,Fruiting,Sandy Loam,6.75,28.0,Leaf Spot,Moderate,24.4,Aphids,Light Trap,10,27.6,62.1,17.1,13.4,64.7,Good,0.838,0.632,No,Yes,Early Blight,Thrips,Medium
KR_03097,2026-002-12,Satara,Wai,18.49588,74.56608,Grapes,Thompson Seedless,Fruiting,Black Soil,6.36,71.4,Late Blight,Moderate,23.0,Whitefly,Pheromone Trap,6,23.5,88.9,38.8,18.2,56.5,Good,0.83,0.764,Yes,No,Bacterial Blight,Thrips,Medium
KR_03098,2026-001-23,Nanded,Hadgaon,19.25792,75.34669,Grapes,Thompson Seedless,Fruiting,Loamy,7.55,36.3,Downy Mildew,Moderate,25.5,Bollworm,Pheromone Trap,6,23.5,95.9,9.9,10.2,76.7,Good,0.896,0.708,Yes,Yes,Brown Spot,Aphids,Medium
KR_03099,2026-007-05,Nanded,Loha,18.97511,78.07207,Potato,Kufri Pukhraj,Flowering,Black Soil,6.94,44.1,Leaf Mold,Moderate,33.1,Aphids,Light Trap,12,32.0,44.1,25.2,13.8,61.8,Blurry,0.541,0.837,Yes,Yes,Bollworm,Bollworm,Medium
KR_03100,2026-005-11,Ahmednagar,Rahata,18.57566,76.18382,Potato,Kufri Pukhraj,Seedling,Loamy,7.56,66.9,Brown Spot,Moderate,31.5,Bollworm,Light Trap,8,21.5,74.6,1.1,6.5,84.2,Good,0.904,0.776,No,No,Rust,Bollworm,Medium
KR_03101,2026-006-21,Solapur,Mangalwedhe,20.53004,75.81247,Tomato,Arka Rakshak,Flowering,Black Soil,8.17,16.6,Healthy,Mild,1.1,Bollworm,Sticky Trap,15,20.6,63.9,13.6,18.3,36.8,Good,0.85,0.767,Yes,No,Powdery Mildew,Aphids,Medium
KR_03102,2026-001-04,Solapur,Pandharpur,20.45462,79.03665,Soybean,JS-335,Fruiting,Loamy,7.5,32.1,Early Blight,Severe,81.6,Whitefly,Pheromone Trap,7,23.1,45.9,17.6,20.9,70.2,Good,0.983,0.692,Yes,Yes,Bacterial Blight,Aphids,Medium
KR_03103,2026-008-06,Pune,Daund,18.77925,78.45331,Tomato,Arka Rakshak,Maturity,Clay Loam,7.28,53.5,Thrips,Mild,19.9,Fruit Fly,Pheromone Trap,9,36.1,67.0,40.2,12.1,85.6,Good,0.972,0.864,No,No,Powdery Mildew,Thrips,Medium
KR_03104,2026-001-06,Sangli,Jat,19.54179,74.79699,Grapes,Sharad Seedless,Maturity,Clay Loam,6.08,74.8,Thrips,Moderate,49.6,Aphids,Pheromone Trap,0,22.6,68.9,4.0,9.5,62.3,Good,0.906,0.731,Yes,Yes,Rust,Bollworm,Medium
KR_03105,2026-007-08,Nashik,Malegaon,20.65977,77.58356,Potato,Local-P1,Maturity,Sandy Loam,7.17,61.9,Blast,Severe,83.2,Aphids,Light Trap,1,28.0,71.7,22.1,20.1,45.7,Good,0.898,0.846,Yes,No,Powdery Mildew,Aphids,Medium
KR_03106,2026-004-11,Satara,Karad,18.51387,75.58791,Cotton,Bunny Bt,Flowering,Loamy,6.27,24.9,Powdery Mildew,Mild,14.2,Leaf Miner,Light Trap,13,34.5,35.4,11.3,10.0,59.8,Too Dark,0.346,0.461,No,Yes,Blast,Fruit Fly,Low
KR_03107,2026-002-06,Ahmednagar,Rahata,16.691,73.46993,Grapes,Thompson Seedless,Vegetative,Black Soil,7.36,41.2,Brown Spot,Moderate,31.9,Leaf Miner,Pheromone Trap,0,33.1,77.6,24.5,10.9,71.4,Too Dark,0.377,0.691,Yes,Yes,Downy Mildew,Whitefly,Medium
KR_03108,2026-002-19,Kolhapur,Shirol,17.76191,77.6355,Cotton,Bunny Bt,Vegetative,Sandy Loam,7.21,56.4,Brown Spot,Severe,83.9,Whitefly,Sticky Trap,8,33.8,40.5,2.3,16.1,84.9,Poor Framing,0.329,0.92,Yes,Yes,Leaf Miner,Fruit Fly,Medium
KR_03109,2026-007-19,Sangli,Kavathe Mahankal,17.22004,73.00589,Grapes,Thompson Seedless,Fruiting,Clay Loam,6.29,46.2,Late Blight,Severe,56.7,Leaf Miner,Pheromone Trap,0,19.6,54.5,0.7,10.0,43.6,Good,0.825,0.988,Yes,No,Leaf Mold,Fruit Fly,Medium
KR_03110,2026-003-08,Satara,Wai,16.07051,74.46545,Cotton,RCH-659,Maturity,Sandy Loam,8.0,62.9,Downy Mildew,Severe,81.4,Whitefly,Pheromone Trap,0,32.0,81.4,16.1,15.3,89.9,Good,0.886,0.539,Yes,Yes,Late Blight,Whitefly,High
KR_03111,2026-002-19,Ahmednagar,Sangamner,21.18313,77.05483,Cotton,Bt Cotton,Flowering,Clay Loam,7.42,20.0,Brown Spot,Moderate,41.2,Aphids,Pheromone Trap,0,25.5,80.7,39.7,7.5,82.1,Good,0.94,0.453,Yes,Yes,Late Blight,Aphids,High
KR_03112,2026-001-24,Pune,Shirur,16.19329,77.31482,Soybean,MACS-1188,Seedling,Sandy Loam,7.51,59.6,Stem Borer,Severe,56.5,Leaf Miner,Pheromone Trap,0,32.7,58.4,17.6,4.3,64.5,Too Dark,0.495,0.802,Yes,Yes,Bacterial Blight,Aphids,Medium
KR_03113,2026-005-15,Nanded,Hadgaon,21.26558,76.97553,Rice,Indrayani,Seedling,Clay Loam,6.91,54.4,Leaf Spot,Severe,73.5,Fruit Fly,Light Trap,12,25.0,45.5,39.0,11.7,24.6,Too Dark,0.443,0.647,Yes,Yes,Bacterial Blight,Stem Borer,Medium
KR_03114,2026-002-11,Satara,Wai,16.5415,73.85408,Soybean,MACS-1188,Seedling,Sandy Loam,7.38,36.7,Bollworm,Moderate,20.2,Fruit Fly,Pheromone Trap,0,27.6,41.6,13.6,2.1,67.1,Too Dark,0.336,0.495,No,Yes,Late Blight,Stem Borer,Medium
KR_03115,2026-003-23,Pune,Shirur,21.23147,78.20147,Cotton,Bt Cotton,Flowering,Black Soil,6.45,70.6,Healthy,Mild,0.6,Bollworm,Sticky Trap,8,31.0,68.2,20.6,14.0,27.7,Blurry,0.22,0.945,Yes,Yes,Late Blight,Aphids,Medium
KR_03116,2026-003-27,Ahmednagar,Sangamner,21.30408,77.501,Grapes,Sharad Seedless,Maturity,Sandy Loam,7.3,62.4,Thrips,Mild,13.6,Bollworm,Pheromone Trap,0,19.1,60.3,35.7,22.0,51.8,Blurry,0.416,0.473,No,Yes,Early Blight,Aphids,Medium
KR_03117,2026-007-17,Sangli,Jat,19.01216,77.41302,Soybean,MACS-1188,Seedling,Sandy Loam,6.1,41.9,Late Blight,Mild,5.2,Aphids,Pheromone Trap,0,25.5,58.7,8.7,10.2,84.5,Good,0.815,0.571,Yes,Yes,Late Blight,Fruit Fly,Low
KR_03118,2026-004-13,Ahmednagar,Sangamner,18.64678,74.46981,Tomato,Arka Rakshak,Seedling,Sandy Loam,6.31,73.9,Downy Mildew,Mild,19.7,Fruit Fly,Light Trap,10,28.3,61.9,35.4,4.6,24.4,Too Bright,0.497,0.467,Yes,Yes,Blast,Thrips,Medium
KR_03119,2026-003-08,Solapur,Pandharpur,21.48146,79.21342,Rice,Indrayani,Maturity,Black Soil,7.31,51.3,Brown Spot,Severe,84.5,Stem Borer,Sticky Trap,15,37.4,78.1,21.6,11.6,73.5,Good,0.784,0.717,Yes,Yes,Bollworm,Thrips,Medium
KR_03120,2026-008-04,Pune,Shirur,16.4358,77.38772,Potato,Kufri Jyoti,Maturity,Black Soil,6.3,18.7,Powdery Mildew,Moderate,41.5,Aphids,Sticky Trap,4,25.1,63.3,38.9,13.7,72.2,Too Bright,0.375,0.617,Yes,Yes,Leaf Spot,Stem Borer,Medium
KR_03121,2026-006-14,Kolhapur,Kagal,19.62521,79.36914,Potato,Kufri Jyoti,Seedling,Sandy Loam,6.26,70.7,Stem Borer,Moderate,43.1,Whitefly,Sticky Trap,10,23.0,63.4,28.7,18.8,37.0,Poor Framing,0.548,0.653,No,Yes,Early Blight,Stem Borer,Medium
KR_03122,2026-005-05,Kolhapur,Karveer,18.72033,77.20534,Soybean,JS-335,Vegetative,Clay Loam,7.58,72.4,Leaf Mold,Mild,19.5,Thrips,Pheromone Trap,15,37.3,59.0,13.7,17.4,32.5,Good,0.908,0.468,Yes,Yes,Rust,Bollworm,Medium
KR_03123,2026-007-25,Nanded,Deglur,18.0018,79.31262,Rice,Phule Samruddhi,Vegetative,Clay Loam,6.57,61.6,Thrips,Moderate,43.9,Bollworm,Sticky Trap,7,23.0,97.5,27.0,20.2,67.1,Poor Framing,0.323,0.963,Yes,Yes,Leaf Spot,Fruit Fly,High
KR_03124,2026-007-22,Ahmednagar,Kopargaon,20.56173,76.81404,Rice,Phule Samruddhi,Seedling,Clay Loam,6.89,74.7,Leaf Spot,Moderate,22.3,Thrips,Light Trap,14,20.3,52.5,43.4,11.8,26.4,Good,0.847,0.97,No,No,Bacterial Blight,Aphids,Medium
KR_03125,2026-001-19,Ahmednagar,Kopargaon,17.07092,74.1755,Rice,Basmati,Maturity,Sandy Loam,8.08,40.1,Downy Mildew,Severe,58.3,Bollworm,Light Trap,2,20.7,82.5,8.6,18.3,52.0,Good,0.77,0.524,No,Yes,Bacterial Blight,Whitefly,High
KR_03126,2026-002-09,Solapur,Akkalkot,20.97289,75.25796,Potato,Kufri Pukhraj,Vegetative,Loamy,7.24,66.5,Healthy,Mild,0.0,Bollworm,Pheromone Trap,7,22.5,92.5,3.7,10.3,63.7,Good,0.895,0.808,Yes,No,Leaf Spot,Leaf Miner,Medium
KR_03127,2026-008-21,Solapur,Pandharpur,16.34657,78.47262,Rice,Basmati,Seedling,Loamy,7.51,28.1,Downy Mildew,Mild,14.8,Stem Borer,Pheromone Trap,7,27.4,58.6,26.4,9.1,39.3,Good,0.898,0.951,Yes,No,Stem Borer,Thrips,Low
KR_03128,2026-005-04,Sangli,Jat,20.94982,74.9696,Grapes,Thompson Seedless,Fruiting,Sandy Loam,6.07,56.9,Brown Spot,Mild,15.1,Aphids,Pheromone Trap,15,28.9,73.8,30.0,10.1,79.6,Too Dark,0.583,0.959,Yes,Yes,Bollworm,Stem Borer,Medium
KR_03129,2026-005-07,Ahmednagar,Shrigonda,16.09993,74.17872,Grapes,Sonaka,Flowering,Clay Loam,6.03,17.5,Early Blight,Severe,71.8,Whitefly,Pheromone Trap,14,32.2,81.5,37.1,3.2,64.9,Good,0.983,0.918,No,No,Stem Borer,Bollworm,High
KR_03130,2026-006-19,Satara,Koregaon,19.7044,79.19947,Grapes,Thompson Seedless,Maturity,Sandy Loam,6.63,57.4,Thrips,Mild,9.0,Leaf Miner,Pheromone Trap,0,20.5,87.3,43.1,15.0,62.7,Too Bright,0.221,0.847,Yes,Yes,Rust,Whitefly,Medium
KR_03131,2026-004-28,Nanded,Biloli,18.97471,73.3852,Grapes,Thompson Seedless,Fruiting,Clay Loam,6.92,32.7,Bollworm,Mild,7.0,Bollworm,Light Trap,5,34.0,73.6,23.0,7.1,57.0,Good,0.973,0.828,Yes,No,Leaf Mold,Thrips,Medium
KR_03132,2026-004-13,Sangli,Kavathe Mahankal,19.09612,76.35137,Grapes,Thompson Seedless,Fruiting,Clay Loam,6.7,30.9,Blast,Moderate,49.3,Bollworm,Sticky Trap,5,26.6,88.7,36.8,11.0,21.8,Too Bright,0.6,0.946,No,Yes,Bacterial Blight,Fruit Fly,High
KR_03133,2026-008-11,Sangli,Kavathe Mahankal,18.58494,76.23996,Potato,Local-P1,Fruiting,Sandy Loam,6.85,75.0,Stem Borer,Severe,83.9,Fruit Fly,Pheromone Trap,5,20.2,43.0,10.4,6.6,21.4,Good,0.977,0.91,Yes,No,Leaf Mold,Aphids,Medium
KR_03134,2026-006-12,Nanded,Loha,17.09479,75.428,Tomato,Arka Rakshak,Fruiting,Loamy,8.14,25.5,Powdery Mildew,Moderate,47.8,Whitefly,Light Trap,5,33.6,61.8,42.3,21.4,87.0,Good,0.789,0.572,Yes,Yes,Powdery Mildew,Leaf Miner,Medium
KR_03135,2026-008-21,Satara,Phaltan,20.20641,79.41269,Grapes,Sharad Seedless,Fruiting,Sandy Loam,8.08,38.6,Downy Mildew,Severe,67.5,Aphids,Pheromone Trap,0,24.4,77.3,9.0,2.4,76.1,Poor Framing,0.364,0.525,Yes,Yes,Bollworm,Aphids,Medium
KR_03136,2026-005-21,Ahmednagar,Shrigonda,20.65208,73.31738,Soybean,MACS-1188,Vegetative,Sandy Loam,6.46,60.0,Leaf Spot,Mild,12.0,Aphids,Light Trap,13,24.6,39.4,6.1,8.5,62.1,Blurry,0.478,0.525,Yes,Yes,Stem Borer,Whitefly,Low
KR_03137,2026-001-07,Solapur,Pandharpur,20.53369,73.54961,Potato,Kufri Pukhraj,Seedling,Sandy Loam,6.63,68.1,Downy Mildew,Severe,77.6,Stem Borer,Light Trap,12,29.6,51.2,20.5,21.9,41.5,Too Dark,0.273,0.875,Yes,Yes,Rust,Fruit Fly,Medium
KR_03138,2026-004-19,Pune,Shirur,18.65398,74.53395,Potato,Kufri Pukhraj,Vegetative,Black Soil,7.34,21.1,Downy Mildew,Severe,76.5,Leaf Miner,Light Trap,2,33.8,68.0,17.8,13.5,84.8,Blurry,0.471,0.947,Yes,Yes,Rust,Thrips,Medium
KR_03139,2026-008-03,Satara,Karad,21.28393,76.53326,Cotton,RCH-659,Maturity,Clay Loam,7.48,43.3,Blast,Moderate,47.0,Fruit Fly,Pheromone Trap,0,30.8,36.9,1.1,8.9,32.9,Too Bright,0.612,0.885,Yes,Yes,Leaf Spot,Leaf Miner,Medium
KR_03140,2026-005-25,Ahmednagar,Kopargaon,17.35528,79.08577,Soybean,MACS-1188,Maturity,Black Soil,6.21,57.3,Early Blight,Moderate,30.4,Thrips,Light Trap,9,23.1,79.7,6.5,16.6,24.7,Good,0.973,0.83,Yes,No,Leaf Mold,Whitefly,Medium
KR_03141,2026-005-13,Nanded,Loha,19.0008,78.58297,Cotton,RCH-659,Seedling,Clay Loam,8.19,38.2,Bacterial Blight,Moderate,40.5,Leaf Miner,Pheromone Trap,0,28.1,69.6,21.0,4.5,72.2,Too Dark,0.458,0.693,Yes,Yes,Early Blight,Whitefly,Medium
KR_03142,2026-008-18,Pune,Baramati,18.81375,73.63414,Grapes,Thompson Seedless,Seedling,Black Soil,7.89,53.7,Healthy,Mild,1.0,Bollworm,Light Trap,5,20.2,42.8,27.7,7.9,40.3,Good,0.864,0.759,Yes,No,Downy Mildew,Stem Borer,Low
KR_03143,2026-005-27,Ahmednagar,Sangamner,19.06188,74.75492,Potato,Kufri Pukhraj,Fruiting,Black Soil,7.38,47.0,Brown Spot,Moderate,22.0,Thrips,Pheromone Trap,0,21.3,74.9,21.1,3.6,82.6,Good,0.949,0.898,No,No,Bacterial Blight,Aphids,Medium
KR_03144,2026-008-20,Nashik,Sinnar,19.51903,77.8115,Rice,Basmati,Seedling,Clay Loam,7.53,55.7,Early Blight,Severe,84.5,Leaf Miner,Pheromone Trap,6,19.7,45.2,24.6,15.9,62.3,Good,0.798,0.452,Yes,Yes,Bollworm,Bollworm,Medium
KR_03145,2026-004-23,Pune,Daund,20.67349,77.563,Potato,Kufri Pukhraj,Maturity,Sandy Loam,6.32,30.8,Blast,Severe,57.4,Thrips,Pheromone Trap,0,34.9,74.6,21.2,7.9,49.6,Blurry,0.252,0.577,Yes,Yes,Bacterial Blight,Bollworm,Medium
KR_03146,2026-004-07,Nanded,Loha,18.92147,76.13093,Potato,Kufri Pukhraj,Fruiting,Loamy,7.73,26.8,Rust,Mild,9.6,Leaf Miner,Sticky Trap,7,32.8,92.7,5.7,16.6,47.5,Too Bright,0.387,0.988,No,Yes,Powdery Mildew,Aphids,Medium
KR_03147,2026-006-28,Sangli,Kavathe Mahankal,21.22406,78.08121,Cotton,Bunny Bt,Seedling,Clay Loam,6.31,44.9,Bacterial Blight,Moderate,45.3,Whitefly,Sticky Trap,1,37.5,95.7,34.6,11.0,29.7,Too Bright,0.254,0.702,Yes,Yes,Early Blight,Stem Borer,High
KR_03148,2026-005-16,Nanded,Deglur,18.82356,76.69251,Cotton,RCH-659,Flowering,Black Soil,6.47,29.0,Brown Spot,Severe,54.6,Leaf Miner,Pheromone Trap,7,30.7,45.6,40.6,13.3,85.6,Too Bright,0.602,0.689,No,Yes,Leaf Spot,Thrips,Medium
KR_03149,2026-003-17,Pune,Daund,20.60999,78.44796,Soybean,MACS-1188,Maturity,Loamy,7.43,27.9,Leaf Spot,Mild,7.4,Stem Borer,Light Trap,11,23.1,51.1,7.8,18.4,67.7,Blurry,0.5,0.673,Yes,Yes,Stem Borer,Stem Borer,Low
KR_03150,2026-006-22,Satara,Koregaon,18.68589,75.61503,Grapes,Sharad Seedless,Maturity,Loamy,6.2,17.2,Downy Mildew,Moderate,34.5,Thrips,Sticky Trap,12,27.8,60.8,25.4,19.5,82.3,Good,0.89,0.861,Yes,No,Leaf Mold,Stem Borer,Medium
KR_03151,2026-005-21,Kolhapur,Kagal,18.44096,77.10852,Tomato,Arka Rakshak,Maturity,Black Soil,6.91,20.6,Bacterial Blight,Severe,81.6,Aphids,Pheromone Trap,0,18.5,81.6,35.1,19.6,86.7,Poor Framing,0.478,0.723,Yes,Yes,Bacterial Blight,Thrips,High
KR_03152,2026-001-20,Sangli,Jat,19.23061,76.05165,Soybean,JS-335,Flowering,Sandy Loam,6.52,66.1,Bollworm,Severe,61.8,Whitefly,Pheromone Trap,11,37.1,43.2,2.9,4.8,41.7,Good,0.959,0.721,No,Yes,Brown Spot,Stem Borer,Medium
KR_03153,2026-002-23,Nanded,Biloli,16.4742,74.31366,Cotton,Bt Cotton,Flowering,Sandy Loam,7.71,57.2,Healthy,Mild,2.9,Bollworm,Sticky Trap,11,33.7,66.7,10.7,21.8,63.2,Good,0.843,0.829,Yes,No,Rust,Aphids,Medium
KR_03154,2026-001-06,Nanded,Biloli,18.59454,78.4026,Rice,Basmati,Maturity,Sandy Loam,6.58,62.1,Leaf Mold,Moderate,26.4,Aphids,Light Trap,5,20.4,72.9,24.0,7.6,20.3,Too Dark,0.6,0.494,No,Yes,Stem Borer,Aphids,Medium
KR_03155,2026-002-26,Pune,Daund,18.44697,75.7103,Rice,Phule Samruddhi,Fruiting,Black Soil,8.17,15.2,Leaf Spot,Mild,19.5,Fruit Fly,Sticky Trap,3,32.7,85.4,4.7,16.1,30.0,Good,0.84,0.852,No,No,Brown Spot,Thrips,Medium
KR_03156,2026-001-02,Nashik,Niphad,21.34554,76.59334,Rice,Indrayani,Maturity,Loamy,7.19,35.2,Powdery Mildew,Severe,77.4,Leaf Miner,Light Trap,9,34.3,65.1,17.4,6.0,24.1,Good,0.959,0.641,Yes,Yes,Blast,Leaf Miner,Medium
KR_03157,2026-001-19,Solapur,Mangalwedhe,16.10592,77.32023,Potato,Local-P1,Flowering,Loamy,7.56,67.1,Leaf Spot,Severe,61.9,Stem Borer,Light Trap,6,21.2,93.6,36.0,19.1,75.5,Good,0.871,0.839,Yes,No,Downy Mildew,Fruit Fly,High
KR_03158,2026-005-16,Satara,Phaltan,18.22125,77.52017,Soybean,JS-335,Vegetative,Sandy Loam,8.19,16.9,Powdery Mildew,Mild,15.4,Whitefly,Pheromone Trap,0,32.6,44.1,26.8,17.4,68.0,Blurry,0.647,0.676,No,Yes,Bacterial Blight,Fruit Fly,Medium
KR_03159,2026-007-13,Ahmednagar,Shrigonda,16.46601,73.98226,Rice,Phule Samruddhi,Fruiting,Loamy,6.36,58.9,Early Blight,Severe,54.9,Fruit Fly,Pheromone Trap,0,35.0,60.5,30.6,13.7,29.7,Blurry,0.2,0.809,Yes,Yes,Bollworm,Whitefly,Medium
KR_03160,2026-005-01,Pune,Shirur,20.19735,73.54436,Rice,Indrayani,Fruiting,Loamy,7.11,65.3,Late Blight,Severe,79.2,Bollworm,Sticky Trap,3,33.2,74.3,8.9,16.8,76.0,Blurry,0.319,0.61,No,Yes,Powdery Mildew,Thrips,Medium
KR_03161,2026-004-10,Kolhapur,Kagal,18.92441,74.21482,Potato,Kufri Pukhraj,Maturity,Loamy,6.53,35.9,Leaf Mold,Severe,78.7,Bollworm,Pheromone Trap,9,31.1,45.8,33.5,5.1,67.2,Poor Framing,0.534,0.646,Yes,Yes,Bacterial Blight,Thrips,Medium
KR_03162,2026-002-23,Kolhapur,Karveer,20.41,77.60144,Rice,Indrayani,Seedling,Black Soil,6.16,60.7,Rust,Mild,6.0,Aphids,Pheromone Trap,0,27.9,44.3,40.7,19.9,48.7,Too Bright,0.487,0.496,Yes,Yes,Powdery Mildew,Aphids,Low
KR_03163,2026-007-08,Solapur,Akkalkot,19.48008,73.99274,Grapes,Sharad Seedless,Flowering,Clay Loam,6.94,21.6,Early Blight,Severe,80.5,Bollworm,Pheromone Trap,0,26.7,96.2,42.1,21.8,94.7,Good,0.991,0.857,Yes,No,Leaf Miner,Leaf Miner,High
KR_03164,2026-004-03,Satara,Karad,18.48555,74.51905,Tomato,Abhinav,Maturity,Clay Loam,7.13,70.6,Blast,Severe,63.1,Leaf Miner,Light Trap,5,20.5,59.5,11.2,8.8,50.9,Poor Framing,0.299,0.902,No,Yes,Stem Borer,Whitefly,Medium
KR_03165,2026-007-21,Nanded,Loha,18.7267,74.50185,Cotton,RCH-659,Maturity,Loamy,6.46,57.2,Late Blight,Moderate,36.5,Stem Borer,Pheromone Trap,14,31.1,56.5,41.8,8.4,57.4,Too Dark,0.221,0.654,Yes,Yes,Downy Mildew,Aphids,Medium
KR_03166,2026-007-02,Sangli,Jat,18.66052,75.52744,Grapes,Sonaka,Maturity,Sandy Loam,7.6,28.6,Blast,Severe,59.4,Aphids,Pheromone Trap,0,31.3,39.5,21.0,20.7,60.2,Good,0.984,0.598,Yes,Yes,Thrips,Leaf Miner,Medium
KR_03167,2026-004-15,Nashik,Niphad,18.34577,74.1749,Rice,Basmati,Maturity,Black Soil,6.34,61.6,Thrips,Moderate,48.6,Bollworm,Light Trap,10,23.7,60.4,6.8,14.2,28.8,Good,0.915,0.697,Yes,Yes,Rust,Thrips,Medium
KR_03168,2026-007-02,Sangli,Kavathe Mahankal,20.82471,78.99513,Potato,Local-P1,Flowering,Loamy,6.61,53.2,Leaf Miner,Moderate,23.8,Aphids,Pheromone Trap,12,35.4,61.8,32.1,12.0,63.2,Good,0.883,0.777,Yes,No,Brown Spot,Whitefly,Medium
KR_03169,2026-003-10,Kolhapur,Kagal,20.41531,77.80675,Soybean,MAUS-71,Vegetative,Black Soil,7.85,47.8,Leaf Spot,Moderate,35.6,Whitefly,Pheromone Trap,0,37.5,41.6,25.3,13.6,52.0,Good,0.915,0.919,No,No,Downy Mildew,Aphids,Medium
KR_03170,2026-006-26,Nanded,Biloli,19.59326,74.06829,Grapes,Sharad Seedless,Vegetative,Black Soil,7.38,70.1,Bacterial Blight,Severe,52.9,Fruit Fly,Sticky Trap,11,21.6,73.6,40.6,6.0,76.8,Poor Framing,0.463,0.772,Yes,Yes,Bollworm,Aphids,Medium
KR_03171,2026-004-09,Sangli,Tasgaon,16.89159,76.22734,Grapes,Thompson Seedless,Seedling,Clay Loam,6.82,63.5,Bollworm,Mild,18.8,Bollworm,Pheromone Trap,0,33.5,74.7,26.8,4.9,87.2,Blurry,0.392,0.818,Yes,Yes,Rust,Fruit Fly,Medium
KR_03172,2026-007-09,Nanded,Deglur,21.12122,74.63491,Tomato,Hybrid-T1,Seedling,Black Soil,7.39,36.4,Blast,Moderate,30.2,Whitefly,Pheromone Trap,6,36.6,61.1,9.6,18.6,54.2,Good,0.819,0.976,Yes,No,Rust,Bollworm,Medium
KR_03173,2026-005-04,Nashik,Niphad,19.96578,73.48543,Soybean,JS-335,Seedling,Loamy,7.32,43.3,Stem Borer,Moderate,47.7,Bollworm,Sticky Trap,10,23.2,91.3,30.7,10.7,76.2,Good,0.858,0.593,No,Yes,Blast,Whitefly,High
KR_03174,2026-003-11,Nanded,Deglur,20.91214,74.04271,Soybean,MAUS-71,Maturity,Sandy Loam,6.15,23.4,Powdery Mildew,Moderate,47.3,Whitefly,Pheromone Trap,7,25.0,83.5,4.2,16.9,55.4,Good,0.821,0.814,Yes,No,Stem Borer,Whitefly,High
KR_03175,2026-001-17,Ahmednagar,Rahata,19.0422,75.80658,Cotton,Bt Cotton,Fruiting,Sandy Loam,7.54,62.3,Blast,Moderate,28.2,Leaf Miner,Sticky Trap,11,37.4,92.6,12.6,11.6,38.4,Good,0.892,0.513,Yes,Yes,Leaf Spot,Fruit Fly,Medium
KR_03176,2026-007-03,Kolhapur,Hatkanangale,18.70037,77.0866,Cotton,Bt Cotton,Fruiting,Loamy,7.2,22.8,Blast,Severe,64.2,Whitefly,Sticky Trap,3,20.2,97.6,38.7,13.5,89.6,Good,0.873,0.809,Yes,No,Leaf Miner,Whitefly,High
KR_03177,2026-008-01,Kolhapur,Kagal,16.94437,75.54787,Potato,Kufri Pukhraj,Maturity,Clay Loam,6.48,66.3,Blast,Severe,80.6,Leaf Miner,Sticky Trap,5,19.1,81.6,4.0,18.8,39.9,Too Bright,0.253,0.542,No,Yes,Thrips,Stem Borer,High
KR_03178,2026-008-07,Nashik,Niphad,19.4603,79.422,Potato,Kufri Pukhraj,Vegetative,Black Soil,7.29,26.1,Leaf Mold,Moderate,38.5,Fruit Fly,Sticky Trap,9,33.1,86.8,44.5,5.2,26.7,Good,0.945,0.784,Yes,No,Powdery Mildew,Leaf Miner,Medium
KR_03179,2026-001-16,Satara,Phaltan,16.5893,73.71287,Grapes,Sonaka,Maturity,Sandy Loam,6.41,67.5,Leaf Miner,Mild,5.9,Bollworm,Sticky Trap,10,21.7,41.9,6.2,21.2,66.4,Good,0.895,0.614,Yes,Yes,Rust,Fruit Fly,Low
KR_03180,2026-002-04,Sangli,Jat,21.46971,77.91877,Tomato,Arka Rakshak,Seedling,Loamy,8.05,22.5,Rust,Mild,9.2,Bollworm,Light Trap,8,22.1,90.9,28.4,15.8,73.5,Good,0.761,0.72,Yes,Yes,Late Blight,Leaf Miner,Medium
KR_03181,2026-005-25,Nanded,Loha,18.09215,77.73317,Grapes,Sharad Seedless,Vegetative,Black Soil,6.25,51.6,Brown Spot,Severe,74.6,Leaf Miner,Sticky Trap,12,30.5,88.9,39.1,5.8,45.3,Blurry,0.298,0.671,Yes,Yes,Early Blight,Aphids,High
KR_03182,2026-007-04,Sangli,Jat,21.41101,75.95745,Cotton,RCH-659,Vegetative,Clay Loam,6.42,28.7,Rust,Mild,13.8,Aphids,Pheromone Trap,0,36.5,42.7,29.7,10.4,43.8,Too Bright,0.505,0.512,Yes,Yes,Bollworm,Aphids,Low
KR_03183,2026-003-16,Nashik,Niphad,20.30557,74.687,Grapes,Sharad Seedless,Flowering,Clay Loam,7.03,21.8,Rust,Severe,71.1,Leaf Miner,Sticky Trap,14,22.8,83.0,27.3,8.4,23.8,Good,0.832,0.588,Yes,Yes,Rust,Aphids,High
KR_03184,2026-007-11,Satara,Koregaon,21.28876,75.00125,Grapes,Sonaka,Vegetative,Loamy,7.51,25.4,Healthy,Mild,1.0,Bollworm,Pheromone Trap,0,30.9,37.8,39.2,17.2,58.4,Too Bright,0.392,0.514,Yes,Yes,Bollworm,Thrips,Low
KR_03185,2026-001-12,Nashik,Sinnar,19.52229,76.32557,Potato,Kufri Jyoti,Maturity,Loamy,7.2,46.1,Bacterial Blight,Moderate,31.5,Aphids,Sticky Trap,15,26.8,67.5,42.6,18.2,69.9,Too Dark,0.517,0.618,No,Yes,Thrips,Aphids,Medium
KR_03186,2026-004-28,Nanded,Hadgaon,18.39514,74.54882,Potato,Local-P1,Maturity,Loamy,7.35,20.5,Blast,Moderate,25.2,Leaf Miner,Sticky Trap,9,18.4,91.7,4.3,16.3,23.8,Poor Framing,0.525,0.84,Yes,Yes,Thrips,Aphids,Medium
KR_03187,2026-007-01,Solapur,Akkalkot,19.49602,78.94403,Grapes,Sharad Seedless,Flowering,Clay Loam,7.76,35.4,Blast,Moderate,41.2,Thrips,Sticky Trap,9,33.3,87.5,13.8,2.5,50.2,Blurry,0.309,0.857,No,Yes,Thrips,Bollworm,High
KR_03188,2026-003-01,Satara,Koregaon,17.13962,76.09868,Grapes,Sharad Seedless,Maturity,Clay Loam,6.78,18.5,Thrips,Moderate,47.0,Aphids,Pheromone Trap,3,32.1,43.3,28.4,16.9,63.0,Poor Framing,0.375,0.7,Yes,Yes,Late Blight,Thrips,Medium
KR_03189,2026-002-10,Sangli,Miraj,21.47442,78.85324,Grapes,Thompson Seedless,Flowering,Black Soil,6.51,53.6,Powdery Mildew,Mild,15.1,Thrips,Sticky Trap,14,29.3,84.9,7.5,18.2,73.4,Good,0.766,0.548,No,Yes,Leaf Miner,Aphids,Medium
KR_03190,2026-008-21,Ahmednagar,Sangamner,21.25963,75.09064,Soybean,JS-335,Fruiting,Sandy Loam,8.16,65.6,Thrips,Moderate,21.4,Aphids,Light Trap,10,20.3,83.5,37.3,21.0,22.0,Blurry,0.483,0.515,Yes,Yes,Early Blight,Thrips,Medium
KR_03191,2026-008-04,Satara,Koregaon,17.75246,75.75502,Grapes,Sonaka,Flowering,Sandy Loam,7.23,26.1,Leaf Spot,Severe,63.3,Whitefly,Pheromone Trap,6,34.0,59.7,14.6,3.0,27.3,Good,0.793,0.647,Yes,Yes,Leaf Mold,Whitefly,Medium
KR_03192,2026-003-13,Kolhapur,Shirol,16.95508,73.20804,Grapes,Sonaka,Vegetative,Sandy Loam,7.84,43.3,Leaf Spot,Severe,53.1,Bollworm,Light Trap,5,31.0,37.7,6.4,21.5,69.4,Good,0.988,0.51,Yes,Yes,Stem Borer,Aphids,Medium
KR_03193,2026-007-01,Sangli,Kavathe Mahankal,17.84757,77.90596,Tomato,Hybrid-T1,Maturity,Loamy,7.41,64.7,Rust,Moderate,34.8,Thrips,Pheromone Trap,0,21.3,46.1,8.5,2.0,41.7,Too Dark,0.561,0.857,Yes,Yes,Leaf Spot,Bollworm,Medium
KR_03194,2026-002-12,Ahmednagar,Sangamner,20.24006,73.75086,Tomato,Abhinav,Flowering,Loamy,6.04,67.2,Rust,Severe,52.5,Leaf Miner,Sticky Trap,3,24.5,54.7,24.1,19.6,46.0,Good,0.993,0.72,No,Yes,Blast,Thrips,Medium
KR_03195,2026-003-08,Sangli,Kavathe Mahankal,18.68445,77.25727,Potato,Local-P1,Seedling,Black Soil,6.4,45.0,Late Blight,Moderate,23.4,Bollworm,Pheromone Trap,5,24.0,91.4,36.2,19.1,48.3,Too Dark,0.466,0.714,Yes,Yes,Leaf Spot,Fruit Fly,Medium
KR_03196,2026-003-25,Kolhapur,Kagal,19.76722,77.22272,Grapes,Sharad Seedless,Vegetative,Sandy Loam,7.3,37.1,Leaf Miner,Severe,73.0,Bollworm,Sticky Trap,3,36.8,35.9,23.6,6.3,83.8,Good,0.948,0.929,Yes,No,Rust,Stem Borer,Medium
KR_03197,2026-008-24,Nanded,Loha,19.51691,73.95824,Rice,Basmati,Vegetative,Sandy Loam,7.27,48.8,Leaf Miner,Severe,54.0,Leaf Miner,Light Trap,3,18.5,70.3,1.9,3.6,47.3,Good,0.874,0.739,No,Yes,Thrips,Leaf Miner,Medium
KR_03198,2026-006-16,Nashik,Malegaon,21.21465,79.45201,Soybean,JS-335,Fruiting,Clay Loam,6.28,39.7,Rust,Mild,10.1,Aphids,Pheromone Trap,4,23.9,54.8,16.3,8.8,30.4,Blurry,0.418,0.622,Yes,Yes,Leaf Mold,Fruit Fly,Low
KR_03199,2026-007-27,Kolhapur,Shirol,17.62146,74.65557,Potato,Local-P1,Fruiting,Black Soil,6.15,54.6,Brown Spot,Mild,12.2,Bollworm,Light Trap,10,31.7,92.3,25.2,7.3,25.0,Too Bright,0.434,0.647,Yes,Yes,Blast,Fruit Fly,Medium
KR_03200,2026-002-27,Kolhapur,Shirol,20.00152,79.43925,Cotton,Bt Cotton,Flowering,Loamy,7.35,72.3,Thrips,Mild,7.8,Aphids,Pheromone Trap,0,35.6,79.9,26.9,9.7,81.9,Good,0.949,0.45,Yes,Yes,Late Blight,Fruit Fly,Medium
KR_03201,2026-008-12,Nanded,Hadgaon,19.2585,74.93223,Tomato,Arka Rakshak,Vegetative,Loamy,7.65,19.7,Early Blight,Mild,12.5,Stem Borer,Pheromone Trap,0,20.1,77.2,16.9,13.0,34.1,Poor Framing,0.345,0.599,Yes,Yes,Brown Spot,Fruit Fly,Medium
KR_03202,2026-007-12,Ahmednagar,Shrigonda,20.76882,77.64726,Cotton,RCH-659,Vegetative,Sandy Loam,8.12,24.4,Stem Borer,Moderate,41.2,Thrips,Sticky Trap,12,35.1,95.2,20.4,12.2,73.4,Blurry,0.483,0.849,No,Yes,Stem Borer,Thrips,High
KR_03203,2026-002-09,Nanded,Hadgaon,21.34511,74.92234,Potato,Kufri Jyoti,Vegetative,Clay Loam,7.65,56.3,Rust,Moderate,35.5,Thrips,Light Trap,6,29.6,72.9,39.2,8.2,48.4,Good,0.759,0.708,Yes,Yes,Powdery Mildew,Bollworm,Medium
KR_03204,2026-004-21,Satara,Koregaon,16.31528,77.88708,Soybean,MAUS-71,Vegetative,Sandy Loam,6.32,68.3,Brown Spot,Moderate,21.8,Leaf Miner,Sticky Trap,12,24.1,85.0,42.2,20.6,79.6,Blurry,0.432,0.452,No,Yes,Leaf Miner,Aphids,Medium
KR_03205,2026-005-08,Ahmednagar,Sangamner,18.39537,76.7666,Potato,Local-P1,Fruiting,Sandy Loam,7.63,16.0,Bollworm,Moderate,41.9,Whitefly,Sticky Trap,9,32.3,50.3,6.8,3.9,55.5,Good,0.75,0.725,No,Yes,Leaf Spot,Leaf Miner,Medium
KR_03206,2026-006-20,Solapur,Pandharpur,17.93363,77.51389,Soybean,MACS-1188,Maturity,Black Soil,7.13,73.0,Stem Borer,Mild,14.4,Whitefly,Pheromone Trap,0,37.9,55.2,11.2,3.4,71.3,Good,0.961,0.604,Yes,Yes,Rust,Fruit Fly,Low
KR_03207,2026-002-02,Nashik,Sinnar,19.8296,75.57087,Tomato,Arka Rakshak,Flowering,Loamy,7.71,65.2,Powdery Mildew,Mild,13.2,Whitefly,Pheromone Trap,5,34.4,67.9,10.6,12.8,24.7,Good,0.795,0.629,Yes,Yes,Downy Mildew,Aphids,Medium
KR_03208,2026-001-26,Kolhapur,Hatkanangale,16.96803,79.48434,Cotton,RCH-659,Fruiting,Black Soil,7.33,57.2,Blast,Severe,79.0,Bollworm,Sticky Trap,5,35.4,44.8,21.7,6.3,25.9,Too Dark,0.587,0.518,No,Yes,Bollworm,Fruit Fly,Medium
KR_03209,2026-006-12,Kolhapur,Shirol,20.83906,78.07604,Tomato,Abhinav,Flowering,Loamy,7.32,38.8,Blast,Mild,6.2,Whitefly,Sticky Trap,5,30.3,50.2,20.9,20.3,56.5,Good,0.945,0.693,No,Yes,Downy Mildew,Whitefly,Low
KR_03210,2026-003-10,Ahmednagar,Kopargaon,19.69527,78.60108,Potato,Local-P1,Fruiting,Loamy,7.39,24.7,Thrips,Severe,66.6,Fruit Fly,Light Trap,8,21.2,46.3,28.9,11.8,31.6,Too Dark,0.613,0.72,No,Yes,Late Blight,Bollworm,Medium
KR_03211,2026-006-17,Sangli,Miraj,17.24945,78.38373,Grapes,Sonaka,Flowering,Loamy,6.09,18.3,Stem Borer,Severe,74.9,Fruit Fly,Light Trap,11,30.9,73.2,7.0,2.1,91.3,Blurry,0.527,0.904,No,Yes,Blast,Bollworm,Medium
KR_03212,2026-003-26,Sangli,Tasgaon,16.81253,75.98899,Cotton,Bt Cotton,Flowering,Sandy Loam,6.31,35.1,Bacterial Blight,Mild,11.3,Whitefly,Sticky Trap,5,30.3,91.2,20.8,3.2,82.2,Blurry,0.303,0.778,Yes,Yes,Leaf Spot,Bollworm,Medium
KR_03213,2026-008-10,Pune,Daund,16.10675,76.642,Soybean,MACS-1188,Vegetative,Black Soil,6.8,23.5,Downy Mildew,Mild,10.1,Thrips,Pheromone Trap,4,23.9,37.0,38.5,21.7,62.2,Good,0.973,0.693,Yes,Yes,Stem Borer,Aphids,Low
KR_03214,2026-001-25,Kolhapur,Karveer,16.71761,77.26338,Rice,Phule Samruddhi,Fruiting,Clay Loam,6.55,18.9,Rust,Mild,7.5,Thrips,Light Trap,6,20.4,94.7,31.4,16.0,82.0,Too Bright,0.606,0.987,Yes,Yes,Blast,Aphids,Medium
KR_03215,2026-002-17,Kolhapur,Hatkanangale,19.28735,76.94732,Potato,Kufri Pukhraj,Fruiting,Sandy Loam,6.33,71.5,Brown Spot,Moderate,23.2,Aphids,Light Trap,15,29.6,65.5,44.4,16.4,59.6,Blurry,0.516,0.924,No,Yes,Brown Spot,Bollworm,Medium
KR_03216,2026-006-16,Kolhapur,Karveer,18.17995,76.85143,Cotton,RCH-659,Maturity,Clay Loam,7.37,59.6,Leaf Spot,Moderate,41.6,Stem Borer,Pheromone Trap,0,33.4,35.0,31.5,10.8,92.6,Poor Framing,0.311,0.861,Yes,Yes,Rust,Bollworm,Medium
KR_03217,2026-006-27,Nashik,Dindori,17.62157,73.96245,Soybean,MAUS-71,Seedling,Loamy,6.56,27.6,Rust,Moderate,44.5,Aphids,Light Trap,5,26.2,65.9,16.9,8.4,80.6,Good,0.765,0.776,Yes,No,Downy Mildew,Stem Borer,Medium
KR_03218,2026-006-07,Solapur,Akkalkot,16.19914,74.27751,Potato,Local-P1,Flowering,Clay Loam,7.59,24.8,Healthy,Mild,0.8,Bollworm,Pheromone Trap,0,29.8,37.4,44.0,3.8,55.5,Too Bright,0.587,0.563,Yes,Yes,Bacterial Blight,Whitefly,Low
KR_03219,2026-006-07,Sangli,Tasgaon,17.62685,75.80047,Tomato,Abhinav,Maturity,Loamy,7.52,73.1,Leaf Mold,Mild,15.2,Whitefly,Sticky Trap,13,33.3,60.3,31.1,10.8,87.4,Good,0.767,0.71,Yes,Yes,Rust,Thrips,Medium
KR_03220,2026-006-12,Nashik,Sinnar,20.51845,77.70703,Potato,Kufri Jyoti,Fruiting,Black Soil,7.87,16.0,Bacterial Blight,Mild,14.9,Thrips,Pheromone Trap,0,29.2,59.8,16.4,17.9,32.1,Poor Framing,0.364,0.705,No,Yes,Leaf Spot,Stem Borer,Low
KR_03221,2026-006-18,Satara,Wai,17.05181,74.9383,Soybean,JS-335,Maturity,Black Soil,6.21,50.5,Stem Borer,Mild,15.9,Bollworm,Sticky Trap,8,33.1,54.9,13.4,7.1,82.5,Too Bright,0.237,0.924,Yes,Yes,Early Blight,Leaf Miner,Medium
KR_03222,2026-002-13,Ahmednagar,Rahata,20.44923,74.28847,Soybean,MACS-1188,Flowering,Clay Loam,7.74,51.2,Early Blight,Severe,74.3,Leaf Miner,Pheromone Trap,0,33.3,74.6,22.3,3.2,79.7,Too Dark,0.364,0.804,No,Yes,Early Blight,Fruit Fly,Medium
KR_03223,2026-005-19,Solapur,Malshiras,20.10865,77.13799,Tomato,Arka Rakshak,Flowering,Loamy,6.12,26.8,Downy Mildew,Mild,16.0,Whitefly,Pheromone Trap,2,20.8,42.4,3.1,21.8,40.4,Blurry,0.375,0.717,Yes,Yes,Bacterial Blight,Aphids,Medium
KR_03224,2026-005-02,Solapur,Akkalkot,19.01006,79.002,Tomato,Hybrid-T1,Vegetative,Sandy Loam,8.13,22.5,Downy Mildew,Mild,16.0,Aphids,Sticky Trap,1,37.8,46.0,24.8,6.8,49.1,Poor Framing,0.523,0.656,Yes,Yes,Bollworm,Thrips,Medium
KR_03225,2026-008-22,Ahmednagar,Sangamner,20.06272,77.09799,Tomato,Abhinav,Fruiting,Sandy Loam,6.15,44.4,Bollworm,Severe,79.3,Thrips,Light Trap,7,27.2,67.9,43.7,13.9,67.3,Good,0.821,0.575,Yes,Yes,Thrips,Stem Borer,Medium
KR_03226,2026-006-01,Sangli,Kavathe Mahankal,16.098,73.1507,Grapes,Sharad Seedless,Vegetative,Sandy Loam,6.87,25.9,Leaf Spot,Moderate,47.4,Bollworm,Pheromone Trap,0,32.6,83.9,6.6,2.3,78.7,Too Bright,0.344,0.687,Yes,Yes,Brown Spot,Whitefly,High
KR_03227,2026-004-17,Satara,Phaltan,18.37451,77.69873,Cotton,Bt Cotton,Vegetative,Loamy,8.02,46.7,Late Blight,Moderate,37.9,Aphids,Light Trap,7,27.4,53.8,23.7,13.0,43.0,Too Dark,0.446,0.879,Yes,Yes,Leaf Miner,Aphids,Medium
KR_03228,2026-002-23,Pune,Shirur,19.11779,75.44131,Grapes,Thompson Seedless,Seedling,Loamy,6.6,20.7,Stem Borer,Moderate,32.3,Bollworm,Sticky Trap,6,30.0,59.0,24.1,10.7,42.7,Good,0.77,0.594,Yes,Yes,Bollworm,Aphids,Medium
KR_03229,2026-004-24,Nashik,Dindori,19.75475,79.08381,Grapes,Sharad Seedless,Maturity,Loamy,8.03,24.7,Healthy,Mild,4.0,Bollworm,Light Trap,12,36.3,54.4,39.2,15.8,67.0,Good,0.99,0.863,No,No,Downy Mildew,Bollworm,Low
KR_03230,2026-001-09,Satara,Phaltan,17.53897,76.21772,Tomato,Hybrid-T1,Flowering,Loamy,7.53,33.2,Early Blight,Severe,68.8,Thrips,Sticky Trap,14,35.7,92.2,43.1,21.3,93.4,Poor Framing,0.357,0.948,Yes,Yes,Thrips,Aphids,High
KR_03231,2026-003-06,Nanded,Deglur,16.35453,78.04566,Tomato,Hybrid-T1,Maturity,Sandy Loam,7.25,18.1,Leaf Mold,Mild,7.2,Aphids,Light Trap,7,27.3,38.8,18.6,20.5,49.0,Good,0.886,0.831,Yes,No,Downy Mildew,Thrips,Low
KR_03232,2026-006-28,Pune,Indapur,20.20097,78.87078,Cotton,Bt Cotton,Seedling,Clay Loam,6.28,62.3,Thrips,Mild,8.0,Stem Borer,Light Trap,14,27.0,48.8,39.4,8.5,41.3,Blurry,0.535,0.642,Yes,Yes,Powdery Mildew,Thrips,Low
KR_03233,2026-007-10,Kolhapur,Kagal,18.57633,78.42432,Soybean,MAUS-71,Flowering,Clay Loam,6.17,47.0,Rust,Moderate,21.2,Bollworm,Pheromone Trap,9,23.6,62.1,42.3,21.9,72.0,Good,0.842,0.686,Yes,Yes,Leaf Spot,Fruit Fly,Medium
KR_03234,2026-004-14,Solapur,Malshiras,18.95882,74.37625,Rice,Indrayani,Vegetative,Clay Loam,8.06,74.6,Downy Mildew,Mild,19.7,Fruit Fly,Pheromone Trap,0,37.3,83.4,5.5,20.1,23.9,Too Bright,0.549,0.469,No,Yes,Downy Mildew,Bollworm,Medium
KR_03235,2026-002-08,Pune,Shirur,17.37637,77.05537,Grapes,Sonaka,Vegetative,Sandy Loam,6.47,47.6,Rust,Severe,55.4,Leaf Miner,Pheromone Trap,0,33.1,84.5,35.5,8.0,38.1,Good,0.752,0.635,Yes,Yes,Late Blight,Bollworm,High
KR_03236,2026-002-26,Solapur,Mangalwedhe,19.53116,73.51543,Grapes,Sharad Seedless,Fruiting,Loamy,8.07,72.8,Powdery Mildew,Mild,18.5,Whitefly,Sticky Trap,3,31.3,61.1,39.7,8.3,62.0,Good,0.778,0.479,No,Yes,Stem Borer,Bollworm,Medium
KR_03237,2026-007-08,Nashik,Malegaon,17.47916,73.26429,Potato,Local-P1,Flowering,Loamy,6.95,60.9,Downy Mildew,Mild,7.6,Stem Borer,Pheromone Trap,10,21.8,93.7,23.1,8.4,71.1,Good,0.916,0.931,Yes,No,Blast,Aphids,Medium
KR_03238,2026-001-05,Satara,Koregaon,18.86914,75.84233,Tomato,Hybrid-T1,Maturity,Sandy Loam,7.46,30.7,Stem Borer,Mild,9.2,Bollworm,Light Trap,6,22.1,97.9,42.9,16.9,72.2,Blurry,0.584,0.702,No,Yes,Stem Borer,Bollworm,Medium
KR_03239,2026-001-03,Nanded,Biloli,20.10882,76.58144,Soybean,MACS-1188,Fruiting,Black Soil,6.33,44.1,Thrips,Moderate,34.3,Aphids,Pheromone Trap,0,36.4,64.6,29.9,2.7,78.3,Good,0.87,0.889,Yes,No,Leaf Miner,Fruit Fly,Medium
KR_03240,2026-007-17,Kolhapur,Kagal,17.12882,74.78819,Grapes,Sharad Seedless,Maturity,Loamy,6.27,31.2,Thrips,Severe,74.3,Whitefly,Pheromone Trap,4,19.7,38.5,19.3,17.8,34.8,Blurry,0.418,0.953,Yes,Yes,Powdery Mildew,Leaf Miner,Medium
KR_03241,2026-003-28,Nanded,Biloli,20.29047,75.48254,Cotton,Bt Cotton,Maturity,Loamy,6.71,64.7,Early Blight,Severe,71.7,Aphids,Pheromone Trap,0,18.4,51.7,2.9,18.4,68.8,Poor Framing,0.614,0.595,No,Yes,Bacterial Blight,Thrips,Medium
KR_03242,2026-006-17,Satara,Wai,16.26293,78.94658,Grapes,Thompson Seedless,Fruiting,Black Soil,7.71,64.2,Brown Spot,Moderate,27.6,Stem Borer,Pheromone Trap,7,21.2,68.2,38.0,16.2,50.5,Too Dark,0.205,0.56,No,Yes,Leaf Miner,Aphids,Medium
KR_03243,2026-002-28,Nanded,Hadgaon,18.53616,75.51757,Grapes,Sharad Seedless,Flowering,Loamy,8.15,27.3,Powdery Mildew,Severe,53.2,Fruit Fly,Light Trap,9,25.2,56.2,26.0,21.9,59.4,Too Dark,0.492,0.768,Yes,Yes,Leaf Mold,Leaf Miner,Medium
KR_03244,2026-008-16,Pune,Shirur,19.2396,75.09725,Rice,Phule Samruddhi,Seedling,Clay Loam,6.59,54.5,Leaf Spot,Moderate,44.8,Leaf Miner,Sticky Trap,6,36.9,97.8,31.9,3.1,81.0,Too Bright,0.618,0.983,Yes,Yes,Leaf Mold,Leaf Miner,High
KR_03245,2026-004-07,Satara,Karad,20.21698,75.8079,Tomato,Hybrid-T1,Seedling,Black Soil,7.48,36.2,Early Blight,Moderate,36.9,Thrips,Pheromone Trap,3,24.5,38.9,1.2,18.5,62.5,Good,0.771,0.472,Yes,Yes,Bacterial Blight,Leaf Miner,Medium
KR_03246,2026-002-27,Pune,Baramati,18.14475,79.2788,Potato,Local-P1,Fruiting,Loamy,7.76,34.0,Leaf Spot,Mild,18.5,Fruit Fly,Pheromone Trap,0,18.2,41.0,26.9,12.0,71.1,Good,0.752,0.775,Yes,No,Powdery Mildew,Stem Borer,Medium
KR_03247,2026-001-05,Satara,Koregaon,17.53567,74.11772,Rice,Phule Samruddhi,Fruiting,Black Soil,6.77,74.8,Leaf Mold,Mild,9.8,Whitefly,Sticky Trap,9,35.4,52.9,34.3,21.6,66.3,Blurry,0.527,0.498,Yes,Yes,Bollworm,Leaf Miner,Low
KR_03248,2026-007-27,Pune,Shirur,18.87282,76.52771,Soybean,MAUS-71,Seedling,Loamy,7.24,58.4,Rust,Moderate,24.4,Stem Borer,Pheromone Trap,0,20.9,77.5,44.4,2.2,31.9,Good,0.881,0.545,No,Yes,Leaf Spot,Bollworm,Medium
KR_03249,2026-005-15,Kolhapur,Hatkanangale,17.28658,77.15142,Rice,Indrayani,Maturity,Black Soil,6.07,16.9,Stem Borer,Severe,71.0,Leaf Miner,Pheromone Trap,0,35.2,49.3,2.1,4.0,68.4,Good,0.976,0.943,Yes,No,Early Blight,Bollworm,Medium
KR_03250,2026-006-25,Ahmednagar,Shrigonda,17.11427,73.32089,Potato,Local-P1,Fruiting,Clay Loam,8.06,19.5,Bacterial Blight,Severe,84.6,Bollworm,Pheromone Trap,9,31.9,48.3,1.7,14.4,85.4,Too Bright,0.41,0.661,No,Yes,Leaf Mold,Stem Borer,Medium
KR_03251,2026-004-09,Satara,Koregaon,19.99512,73.83375,Soybean,MAUS-71,Seedling,Loamy,8.07,19.5,Downy Mildew,Moderate,28.1,Fruit Fly,Pheromone Trap,5,20.4,75.8,19.6,5.2,78.2,Blurry,0.282,0.708,Yes,Yes,Leaf Mold,Leaf Miner,Medium
KR_03252,2026-006-10,Sangli,Kavathe Mahankal,20.51313,78.45234,Grapes,Sonaka,Flowering,Loamy,6.73,22.5,Leaf Miner,Severe,78.7,Stem Borer,Light Trap,5,35.5,89.1,21.8,9.9,88.0,Too Bright,0.636,0.951,Yes,Yes,Bacterial Blight,Leaf Miner,High
KR_03253,2026-003-16,Sangli,Tasgaon,19.502,77.0685,Tomato,Arka Rakshak,Maturity,Clay Loam,7.62,19.2,Downy Mildew,Moderate,25.0,Whitefly,Sticky Trap,3,27.6,69.9,23.9,20.7,80.4,Blurry,0.233,0.916,Yes,Yes,Thrips,Stem Borer,Medium
KR_03254,2026-007-17,Solapur,Akkalkot,19.28358,73.25165,Potato,Kufri Jyoti,Seedling,Loamy,6.2,51.9,Stem Borer,Severe,62.1,Bollworm,Sticky Trap,14,34.0,67.7,2.1,17.4,69.5,Blurry,0.332,0.951,Yes,Yes,Stem Borer,Whitefly,Medium
KR_03255,2026-001-16,Sangli,Kavathe Mahankal,18.93772,73.24584,Soybean,JS-335,Maturity,Black Soil,6.56,52.3,Brown Spot,Severe,77.2,Fruit Fly,Pheromone Trap,0,31.1,67.2,41.7,10.4,45.0,Good,0.824,0.678,No,Yes,Leaf Mold,Whitefly,Medium
KR_03256,2026-008-23,Nanded,Biloli,21.20015,79.13763,Cotton,Bunny Bt,Seedling,Loamy,7.2,24.4,Rust,Severe,57.9,Fruit Fly,Pheromone Trap,0,29.6,73.6,34.4,22.0,75.7,Too Bright,0.501,0.762,No,Yes,Rust,Stem Borer,Medium
KR_03257,2026-006-12,Ahmednagar,Sangamner,16.14018,78.78648,Cotton,RCH-659,Seedling,Black Soil,7.56,47.2,Leaf Mold,Mild,12.3,Aphids,Pheromone Trap,10,37.0,67.3,1.8,20.9,85.6,Good,0.785,0.488,Yes,Yes,Powdery Mildew,Aphids,Medium
KR_03258,2026-003-17,Solapur,Akkalkot,18.58903,76.50807,Rice,Basmati,Maturity,Clay Loam,7.44,54.6,Leaf Mold,Severe,80.9,Bollworm,Pheromone Trap,0,23.8,81.1,34.7,12.6,69.4,Good,0.993,0.903,No,No,Brown Spot,Fruit Fly,High
KR_03259,2026-002-24,Nanded,Hadgaon,20.82093,79.37034,Grapes,Sonaka,Seedling,Sandy Loam,7.65,44.3,Blast,Mild,5.7,Leaf Miner,Pheromone Trap,0,22.9,58.4,15.3,19.5,27.5,Good,0.8,0.673,Yes,Yes,Downy Mildew,Thrips,Low
KR_03260,2026-002-20,Nashik,Malegaon,17.08242,78.8426,Grapes,Thompson Seedless,Seedling,Clay Loam,8.14,52.9,Early Blight,Mild,14.1,Thrips,Sticky Trap,9,31.8,54.3,0.4,7.9,35.4,Too Dark,0.338,0.644,Yes,Yes,Rust,Stem Borer,Low
KR_03261,2026-008-10,Nanded,Biloli,17.83391,75.89786,Potato,Kufri Pukhraj,Vegetative,Clay Loam,6.45,64.1,Early Blight,Mild,19.3,Whitefly,Pheromone Trap,0,21.2,96.6,14.8,18.2,88.5,Poor Framing,0.439,0.688,Yes,Yes,Rust,Aphids,Medium
KR_03262,2026-007-21,Ahmednagar,Shrigonda,21.48515,73.3854,Potato,Local-P1,Fruiting,Black Soil,8.18,28.0,Leaf Miner,Moderate,40.3,Thrips,Pheromone Trap,0,37.8,36.6,6.9,5.7,85.6,Good,0.78,0.63,Yes,Yes,Stem Borer,Stem Borer,Medium
KR_03263,2026-005-27,Pune,Daund,17.63331,75.6623,Tomato,Arka Rakshak,Flowering,Sandy Loam,7.11,31.3,Leaf Spot,Moderate,30.4,Aphids,Light Trap,5,27.6,56.7,25.2,11.1,68.3,Good,0.875,0.709,No,Yes,Brown Spot,Whitefly,Medium
KR_03264,2026-004-19,Kolhapur,Karveer,18.52609,76.59929,Rice,Indrayani,Seedling,Black Soil,7.26,68.0,Rust,Moderate,27.5,Leaf Miner,Pheromone Trap,14,24.5,64.4,2.4,12.0,88.0,Too Bright,0.597,0.719,No,Yes,Leaf Spot,Stem Borer,Medium
KR_03265,2026-005-28,Ahmednagar,Sangamner,20.63698,73.5504,Cotton,Bt Cotton,Maturity,Loamy,7.99,54.6,Rust,Severe,71.1,Leaf Miner,Sticky Trap,1,26.8,58.4,11.8,8.7,74.3,Too Bright,0.454,0.687,Yes,Yes,Leaf Miner,Bollworm,Medium
KR_03266,2026-005-07,Pune,Baramati,17.69377,75.10901,Soybean,MAUS-71,Seedling,Clay Loam,7.32,60.6,Leaf Miner,Mild,6.1,Fruit Fly,Pheromone Trap,8,36.1,78.7,26.8,10.9,81.2,Blurry,0.32,0.876,Yes,Yes,Thrips,Stem Borer,Medium
KR_03267,2026-002-20,Nanded,Loha,16.86033,73.54222,Cotton,Bt Cotton,Maturity,Sandy Loam,7.96,48.2,Brown Spot,Moderate,49.8,Leaf Miner,Pheromone Trap,15,37.4,37.8,32.6,18.8,93.4,Too Bright,0.528,0.753,No,Yes,Bollworm,Fruit Fly,Medium
KR_03268,2026-002-07,Solapur,Malshiras,18.69849,73.7996,Grapes,Sharad Seedless,Fruiting,Loamy,6.01,36.5,Powdery Mildew,Moderate,25.3,Thrips,Sticky Trap,10,30.8,51.9,42.4,3.8,80.7,Poor Framing,0.219,0.7,Yes,Yes,Powdery Mildew,Aphids,Medium
KR_03269,2026-003-12,Ahmednagar,Rahata,16.42499,75.08617,Cotton,RCH-659,Seedling,Clay Loam,6.04,67.6,Powdery Mildew,Severe,64.0,Fruit Fly,Light Trap,12,34.0,47.7,26.9,14.7,78.8,Good,0.775,0.761,Yes,No,Powdery Mildew,Fruit Fly,Medium
KR_03270,2026-003-01,Satara,Karad,20.48807,77.45804,Soybean,JS-335,Fruiting,Clay Loam,6.99,53.2,Early Blight,Severe,65.4,Stem Borer,Pheromone Trap,0,25.2,63.6,24.1,10.8,62.7,Good,0.751,0.452,Yes,Yes,Brown Spot,Bollworm,Medium
KR_03271,2026-002-24,Nashik,Malegaon,19.1841,74.35163,Tomato,Arka Rakshak,Vegetative,Loamy,7.72,65.8,Blast,Moderate,47.2,Fruit Fly,Light Trap,1,36.0,43.7,3.0,19.8,90.6,Too Bright,0.315,0.673,Yes,Yes,Brown Spot,Stem Borer,Medium
KR_03272,2026-004-24,Ahmednagar,Kopargaon,19.61907,75.48018,Cotton,Bunny Bt,Flowering,Clay Loam,7.25,45.4,Brown Spot,Severe,51.0,Whitefly,Pheromone Trap,0,22.3,72.0,5.3,7.9,46.5,Poor Framing,0.543,0.529,Yes,Yes,Rust,Stem Borer,Medium
KR_03273,2026-002-13,Kolhapur,Karveer,18.20373,74.00283,Grapes,Sonaka,Seedling,Sandy Loam,6.26,58.9,Bacterial Blight,Moderate,21.3,Fruit Fly,Sticky Trap,14,28.3,43.0,19.6,16.6,73.1,Poor Framing,0.618,0.836,Yes,Yes,Leaf Miner,Stem Borer,Medium
KR_03274,2026-007-27,Sangli,Kavathe Mahankal,20.98875,74.28716,Potato,Kufri Pukhraj,Fruiting,Black Soil,6.72,19.0,Downy Mildew,Mild,6.9,Leaf Miner,Pheromone Trap,7,21.7,72.8,6.6,6.5,61.9,Poor Framing,0.544,0.485,Yes,Yes,Downy Mildew,Aphids,Medium
KR_03275,2026-006-09,Nanded,Loha,20.02353,74.26002,Grapes,Sharad Seedless,Maturity,Black Soil,7.73,54.9,Blast,Moderate,41.3,Thrips,Pheromone Trap,9,25.5,58.2,27.4,13.9,79.3,Good,0.803,0.521,Yes,Yes,Stem Borer,Stem Borer,Medium
KR_03276,2026-001-27,Nashik,Malegaon,19.20899,73.1602,Rice,Phule Samruddhi,Vegetative,Sandy Loam,6.24,31.7,Leaf Miner,Severe,73.4,Whitefly,Pheromone Trap,0,36.1,95.1,26.7,17.4,75.2,Blurry,0.417,0.873,Yes,Yes,Brown Spot,Stem Borer,High
KR_03277,2026-004-11,Kolhapur,Karveer,21.20292,75.28603,Tomato,Arka Rakshak,Vegetative,Loamy,7.54,25.7,Stem Borer,Moderate,32.5,Bollworm,Light Trap,7,22.0,40.2,7.1,11.7,81.7,Blurry,0.386,0.606,Yes,Yes,Stem Borer,Aphids,Medium
KR_03278,2026-003-18,Ahmednagar,Shrigonda,16.33916,74.7157,Grapes,Sharad Seedless,Fruiting,Clay Loam,7.76,17.9,Late Blight,Moderate,38.7,Aphids,Sticky Trap,7,20.7,63.3,42.7,14.3,50.5,Poor Framing,0.369,0.75,Yes,Yes,Blast,Bollworm,Medium
KR_03279,2026-002-22,Pune,Daund,18.7839,78.60278,Grapes,Sharad Seedless,Fruiting,Loamy,7.95,72.7,Downy Mildew,Moderate,35.3,Stem Borer,Pheromone Trap,0,21.1,92.7,10.3,11.5,27.9,Good,0.915,0.84,Yes,No,Downy Mildew,Whitefly,Medium
KR_03280,2026-006-27,Nanded,Loha,18.37935,78.90399,Grapes,Sonaka,Seedling,Loamy,6.79,43.6,Brown Spot,Severe,59.7,Bollworm,Light Trap,1,32.5,68.9,2.8,7.2,20.6,Blurry,0.591,0.644,Yes,Yes,Late Blight,Leaf Miner,Medium
KR_03281,2026-001-09,Nanded,Deglur,21.43779,75.06667,Rice,Phule Samruddhi,Fruiting,Sandy Loam,6.87,56.8,Thrips,Moderate,33.7,Aphids,Pheromone Trap,0,30.3,87.6,20.6,14.1,76.5,Good,0.909,0.7,Yes,Yes,Early Blight,Bollworm,Medium
KR_03282,2026-006-19,Solapur,Mangalwedhe,19.25912,75.59698,Rice,Basmati,Maturity,Clay Loam,7.77,57.7,Early Blight,Mild,14.8,Aphids,Pheromone Trap,0,37.4,87.7,23.5,19.0,45.6,Poor Framing,0.623,0.672,Yes,Yes,Brown Spot,Aphids,Medium
KR_03283,2026-005-24,Ahmednagar,Sangamner,21.20143,73.55279,Rice,Phule Samruddhi,Flowering,Loamy,7.53,49.8,Downy Mildew,Severe,56.5,Bollworm,Light Trap,7,23.3,47.2,43.5,19.0,86.7,Good,0.867,0.518,Yes,Yes,Thrips,Bollworm,Medium
KR_03284,2026-005-15,Satara,Phaltan,20.65367,75.13827,Grapes,Sharad Seedless,Seedling,Sandy Loam,8.13,50.5,Downy Mildew,Severe,62.5,Thrips,Pheromone Trap,0,28.7,46.2,20.2,10.7,79.3,Good,0.984,0.691,No,Yes,Rust,Bollworm,Medium
KR_03285,2026-006-27,Sangli,Kavathe Mahankal,21.06866,75.57816,Soybean,MAUS-71,Seedling,Black Soil,7.82,39.5,Brown Spot,Moderate,21.1,Bollworm,Light Trap,3,36.0,61.6,30.2,10.6,90.0,Too Bright,0.323,0.84,Yes,Yes,Bacterial Blight,Aphids,Medium
KR_03286,2026-003-24,Nanded,Hadgaon,18.38415,79.42571,Potato,Kufri Jyoti,Seedling,Sandy Loam,7.12,52.6,Downy Mildew,Mild,5.7,Thrips,Light Trap,9,28.3,40.7,29.7,8.3,27.1,Good,0.99,0.741,Yes,Yes,Downy Mildew,Fruit Fly,Low
KR_03287,2026-008-11,Sangli,Kavathe Mahankal,17.9715,78.90407,Grapes,Sharad Seedless,Seedling,Sandy Loam,7.21,25.2,Bacterial Blight,Severe,59.3,Leaf Miner,Pheromone Trap,0,30.7,80.2,23.9,6.2,20.9,Too Bright,0.592,0.696,No,Yes,Bacterial Blight,Fruit Fly,High
KR_03288,2026-007-26,Nashik,Niphad,18.21289,74.86531,Soybean,JS-335,Vegetative,Black Soil,7.81,53.6,Thrips,Severe,51.7,Thrips,Sticky Trap,6,19.8,61.4,33.6,21.3,60.1,Too Bright,0.378,0.845,Yes,Yes,Leaf Mold,Aphids,Medium
KR_03289,2026-008-20,Ahmednagar,Rahata,16.38746,73.03556,Soybean,MACS-1188,Vegetative,Loamy,7.56,31.3,Bacterial Blight,Mild,5.9,Stem Borer,Sticky Trap,14,19.3,36.5,9.8,11.7,21.5,Poor Framing,0.44,0.916,Yes,Yes,Early Blight,Aphids,Low
KR_03290,2026-002-19,Sangli,Jat,19.35645,75.56825,Tomato,Hybrid-T1,Maturity,Clay Loam,6.68,32.3,Healthy,Mild,1.9,Bollworm,Light Trap,15,27.4,69.1,21.1,13.8,93.1,Good,0.803,0.842,Yes,No,Blast,Stem Borer,Medium
KR_03291,2026-003-14,Sangli,Jat,16.10441,73.64342,Tomato,Abhinav,Maturity,Sandy Loam,7.31,27.4,Thrips,Moderate,22.5,Fruit Fly,Sticky Trap,3,36.4,90.9,25.1,13.5,38.5,Too Bright,0.346,0.627,No,Yes,Downy Mildew,Leaf Miner,Medium
KR_03292,2026-005-15,Kolhapur,Kagal,18.46654,77.54798,Soybean,JS-335,Fruiting,Loamy,7.09,17.8,Leaf Miner,Severe,66.7,Aphids,Light Trap,3,32.9,64.4,23.4,5.3,90.5,Poor Framing,0.627,0.49,Yes,Yes,Late Blight,Aphids,Medium
KR_03293,2026-006-05,Ahmednagar,Sangamner,20.64219,75.14512,Grapes,Sonaka,Fruiting,Black Soil,6.62,32.1,Bacterial Blight,Mild,14.4,Whitefly,Sticky Trap,13,31.0,68.3,10.3,16.8,22.6,Too Dark,0.449,0.983,No,Yes,Powdery Mildew,Whitefly,Medium
KR_03294,2026-005-10,Nashik,Niphad,21.11044,78.33113,Grapes,Sharad Seedless,Seedling,Loamy,6.57,49.9,Rust,Moderate,36.2,Leaf Miner,Sticky Trap,7,28.3,60.9,43.6,9.3,75.3,Good,0.986,0.822,Yes,No,Early Blight,Aphids,Medium
KR_03295,2026-003-11,Nashik,Niphad,16.82543,75.72104,Tomato,Hybrid-T1,Vegetative,Black Soil,6.5,32.3,Healthy,Mild,4.8,Bollworm,Sticky Trap,13,32.6,41.5,40.1,12.7,42.1,Good,0.947,0.739,No,Yes,Powdery Mildew,Leaf Miner,Low
KR_03296,2026-004-06,Kolhapur,Hatkanangale,18.92768,78.34471,Rice,Basmati,Flowering,Loamy,6.2,51.2,Rust,Severe,73.5,Fruit Fly,Pheromone Trap,8,35.1,66.1,1.1,5.5,87.8,Good,0.82,0.91,No,No,Bollworm,Stem Borer,Medium
KR_03297,2026-008-09,Solapur,Malshiras,20.034,74.76233,Potato,Local-P1,Vegetative,Sandy Loam,6.36,72.0,Rust,Severe,68.2,Stem Borer,Pheromone Trap,5,19.5,57.1,32.4,9.3,61.8,Too Bright,0.262,0.969,Yes,Yes,Leaf Mold,Aphids,Medium
KR_03298,2026-005-06,Sangli,Tasgaon,19.11734,75.44155,Tomato,Arka Rakshak,Flowering,Loamy,6.35,47.5,Leaf Miner,Severe,56.0,Stem Borer,Sticky Trap,14,30.8,78.3,31.0,3.8,31.9,Too Bright,0.365,0.639,No,Yes,Blast,Whitefly,Medium
KR_03299,2026-001-06,Sangli,Kavathe Mahankal,17.00569,74.49046,Grapes,Thompson Seedless,Seedling,Black Soil,7.48,64.9,Stem Borer,Mild,8.7,Whitefly,Pheromone Trap,0,20.2,64.9,19.9,20.2,81.5,Blurry,0.394,0.969,Yes,Yes,Powdery Mildew,Thrips,Medium
KR_03300,2026-003-15,Pune,Indapur,17.47818,78.94183,Rice,Indrayani,Maturity,Loamy,8.19,31.0,Powdery Mildew,Moderate,29.9,Whitefly,Sticky Trap,8,23.6,42.9,21.9,17.6,94.3,Good,0.845,0.518,Yes,Yes,Bacterial Blight,Thrips,Medium
KR_03301,2026-003-09,Sangli,Jat,17.99161,77.05105,Cotton,Bunny Bt,Flowering,Loamy,7.9,28.1,Late Blight,Moderate,40.3,Aphids,Pheromone Trap,0,31.9,45.2,18.2,10.7,56.0,Good,0.895,0.766,Yes,No,Late Blight,Bollworm,Medium
KR_03302,2026-001-08,Sangli,Kavathe Mahankal,20.3441,76.48825,Soybean,MAUS-71,Seedling,Black Soil,6.23,23.4,Leaf Spot,Severe,65.7,Aphids,Pheromone Trap,14,20.9,73.8,5.2,3.4,93.9,Blurry,0.509,0.562,No,Yes,Downy Mildew,Leaf Miner,Medium
KR_03303,2026-006-13,Solapur,Mangalwedhe,16.67287,78.51555,Grapes,Sonaka,Maturity,Sandy Loam,6.2,18.3,Downy Mildew,Mild,17.1,Thrips,Pheromone Trap,8,30.1,41.7,38.3,2.9,72.9,Poor Framing,0.433,0.716,Yes,Yes,Rust,Bollworm,Medium
KR_03304,2026-003-03,Solapur,Akkalkot,21.15074,76.0623,Tomato,Abhinav,Maturity,Black Soil,6.8,71.5,Early Blight,Mild,5.5,Bollworm,Pheromone Trap,0,32.0,77.8,34.9,15.5,85.6,Too Dark,0.288,0.859,Yes,Yes,Rust,Leaf Miner,Medium
KR_03305,2026-007-11,Satara,Phaltan,18.27011,76.84255,Soybean,JS-335,Maturity,Sandy Loam,6.53,39.8,Brown Spot,Severe,50.8,Leaf Miner,Sticky Trap,10,18.1,41.2,5.2,10.4,86.7,Too Dark,0.228,0.802,Yes,Yes,Bollworm,Leaf Miner,Medium
KR_03306,2026-008-11,Solapur,Malshiras,18.22443,73.92557,Tomato,Arka Rakshak,Flowering,Loamy,7.14,63.2,Leaf Spot,Severe,51.8,Bollworm,Pheromone Trap,3,29.4,67.0,17.9,13.0,27.1,Good,0.971,0.978,Yes,No,Rust,Thrips,Medium
KR_03307,2026-008-27,Kolhapur,Hatkanangale,18.88475,73.52216,Rice,Indrayani,Vegetative,Loamy,7.69,71.6,Leaf Miner,Moderate,30.5,Aphids,Sticky Trap,8,23.5,85.3,29.9,16.7,32.9,Good,0.852,0.825,Yes,No,Thrips,Fruit Fly,Medium
KR_03308,2026-007-08,Ahmednagar,Kopargaon,17.81505,76.07695,Potato,Local-P1,Fruiting,Sandy Loam,6.47,51.4,Stem Borer,Severe,63.7,Bollworm,Sticky Trap,2,28.2,97.3,16.6,17.8,77.5,Poor Framing,0.217,0.596,Yes,Yes,Brown Spot,Fruit Fly,High
KR_03309,2026-003-06,Pune,Baramati,19.51338,77.06909,Grapes,Sharad Seedless,Maturity,Loamy,6.42,35.9,Bacterial Blight,Moderate,49.0,Bollworm,Pheromone Trap,9,25.8,38.8,39.2,2.3,93.7,Too Dark,0.243,0.808,Yes,Yes,Powdery Mildew,Bollworm,Medium
KR_03310,2026-004-22,Sangli,Jat,17.84006,75.21423,Potato,Local-P1,Maturity,Black Soil,8.19,36.6,Leaf Mold,Severe,59.4,Bollworm,Sticky Trap,9,29.8,41.0,2.7,4.0,77.5,Too Bright,0.584,0.773,Yes,Yes,Brown Spot,Thrips,Medium
KR_03311,2026-007-14,Ahmednagar,Sangamner,17.75842,74.94569,Soybean,MAUS-71,Flowering,Black Soil,7.65,49.8,Leaf Miner,Mild,17.8,Thrips,Sticky Trap,7,18.7,86.8,0.5,5.5,53.1,Good,0.942,0.739,Yes,Yes,Brown Spot,Fruit Fly,Medium
KR_03312,2026-006-21,Sangli,Miraj,19.71555,75.75714,Rice,Indrayani,Vegetative,Sandy Loam,6.48,61.7,Downy Mildew,Severe,61.8,Bollworm,Pheromone Trap,0,18.2,89.6,24.8,14.0,26.9,Too Dark,0.582,0.748,Yes,Yes,Leaf Spot,Leaf Miner,High
KR_03313,2026-003-19,Pune,Daund,18.3843,78.60764,Cotton,Bt Cotton,Maturity,Loamy,6.22,42.8,Bollworm,Severe,57.9,Aphids,Light Trap,9,30.4,74.3,22.2,15.9,42.5,Good,0.837,0.926,Yes,No,Bacterial Blight,Fruit Fly,Medium
KR_03314,2026-001-05,Solapur,Pandharpur,16.14924,78.59801,Tomato,Arka Rakshak,Maturity,Clay Loam,7.54,51.0,Late Blight,Severe,82.7,Whitefly,Pheromone Trap,2,28.6,48.8,16.4,18.7,84.8,Too Dark,0.356,0.603,No,Yes,Thrips,Thrips,Medium
KR_03315,2026-006-18,Pune,Shirur,17.61157,76.62039,Soybean,MACS-1188,Flowering,Sandy Loam,6.48,45.0,Early Blight,Mild,12.7,Thrips,Light Trap,11,22.2,49.6,27.0,4.5,53.2,Too Bright,0.398,0.49,Yes,Yes,Thrips,Aphids,Low
KR_03316,2026-001-15,Ahmednagar,Sangamner,20.66161,76.61482,Grapes,Thompson Seedless,Vegetative,Loamy,6.21,21.6,Late Blight,Moderate,36.1,Stem Borer,Pheromone Trap,0,19.1,46.8,19.2,2.4,75.4,Good,0.927,0.942,Yes,No,Bacterial Blight,Aphids,Medium
KR_03317,2026-007-09,Sangli,Jat,17.64574,74.54434,Rice,Indrayani,Flowering,Sandy Loam,6.01,39.4,Bollworm,Severe,52.3,Fruit Fly,Sticky Trap,4,33.3,58.8,22.7,16.8,36.4,Good,0.918,0.508,Yes,Yes,Downy Mildew,Aphids,Medium
KR_03318,2026-008-10,Pune,Baramati,20.79704,76.31603,Soybean,MAUS-71,Vegetative,Clay Loam,7.6,72.8,Rust,Severe,65.0,Thrips,Pheromone Trap,0,37.2,70.8,19.8,13.8,74.0,Good,0.876,0.974,No,No,Downy Mildew,Aphids,Medium
KR_03319,2026-004-07,Sangli,Tasgaon,17.90104,76.39884,Cotton,RCH-659,Maturity,Sandy Loam,6.47,35.3,Blast,Moderate,42.8,Stem Borer,Sticky Trap,13,35.7,60.3,26.1,19.0,36.3,Good,0.981,0.753,Yes,No,Powdery Mildew,Fruit Fly,Medium
KR_03320,2026-005-01,Satara,Wai,17.83508,75.25853,Grapes,Sharad Seedless,Flowering,Sandy Loam,7.8,51.1,Bollworm,Mild,9.6,Thrips,Pheromone Trap,0,21.2,52.7,15.1,12.4,24.1,Poor Framing,0.299,0.959,Yes,Yes,Leaf Mold,Thrips,Low
KR_03321,2026-006-21,Satara,Wai,21.37977,79.3386,Potato,Kufri Jyoti,Maturity,Sandy Loam,7.11,50.4,Leaf Miner,Mild,18.6,Fruit Fly,Light Trap,9,35.8,66.1,30.8,7.1,63.1,Blurry,0.464,0.751,Yes,Yes,Rust,Bollworm,Medium
KR_03322,2026-001-20,Sangli,Jat,16.01704,73.45799,Soybean,MAUS-71,Flowering,Loamy,6.79,26.1,Late Blight,Mild,9.7,Bollworm,Light Trap,10,24.7,70.5,3.1,4.0,55.6,Too Dark,0.361,0.946,No,Yes,Downy Mildew,Thrips,Medium
KR_03323,2026-003-17,Nanded,Deglur,21.31539,77.94506,Soybean,JS-335,Fruiting,Sandy Loam,7.84,40.2,Bollworm,Severe,51.3,Stem Borer,Sticky Trap,1,22.2,45.5,34.2,8.8,78.3,Too Dark,0.584,0.65,Yes,Yes,Bollworm,Thrips,Medium
KR_03324,2026-008-27,Sangli,Kavathe Mahankal,16.56541,73.74844,Grapes,Sharad Seedless,Flowering,Clay Loam,6.11,33.3,Downy Mildew,Severe,51.8,Aphids,Light Trap,14,33.0,56.4,27.4,7.8,72.2,Blurry,0.512,0.94,No,Yes,Rust,Leaf Miner,Medium
KR_03325,2026-004-27,Nanded,Loha,16.45901,76.14367,Potato,Local-P1,Seedling,Black Soil,6.84,53.2,Rust,Severe,72.6,Aphids,Pheromone Trap,5,23.1,90.2,3.9,19.3,68.3,Too Bright,0.624,0.569,No,Yes,Leaf Mold,Aphids,High
KR_03326,2026-001-04,Nashik,Dindori,16.58755,76.60743,Tomato,Hybrid-T1,Seedling,Black Soil,6.51,18.8,Late Blight,Severe,66.7,Whitefly,Sticky Trap,3,37.4,52.2,26.3,14.2,36.2,Good,0.825,0.513,No,Yes,Blast,Stem Borer,Medium
KR_03327,2026-003-09,Solapur,Malshiras,21.09023,76.63669,Soybean,JS-335,Flowering,Clay Loam,7.17,18.3,Bacterial Blight,Mild,18.7,Stem Borer,Sticky Trap,8,37.4,74.7,17.6,19.8,76.8,Good,0.939,0.466,Yes,Yes,Bacterial Blight,Stem Borer,Medium
KR_03328,2026-006-19,Pune,Indapur,17.95432,79.25505,Potato,Kufri Pukhraj,Maturity,Black Soil,6.56,73.0,Healthy,Mild,3.9,Bollworm,Pheromone Trap,11,18.6,46.8,23.5,12.9,88.7,Poor Framing,0.466,0.838,Yes,Yes,Late Blight,Aphids,Low
KR_03329,2026-008-03,Sangli,Jat,18.81664,75.20546,Grapes,Sonaka,Flowering,Black Soil,7.83,26.3,Thrips,Moderate,39.5,Bollworm,Light Trap,14,18.5,56.2,9.6,9.1,77.3,Too Dark,0.596,0.704,No,Yes,Blast,Leaf Miner,Medium
KR_03330,2026-006-24,Satara,Phaltan,16.04037,77.05251,Cotton,Bunny Bt,Vegetative,Clay Loam,7.02,29.7,Leaf Miner,Moderate,46.9,Thrips,Pheromone Trap,2,21.7,74.8,2.3,14.6,41.9,Blurry,0.582,0.454,No,Yes,Rust,Thrips,Medium
KR_03331,2026-002-07,Satara,Karad,17.88707,77.35985,Potato,Kufri Jyoti,Vegetative,Loamy,8.09,19.3,Rust,Severe,77.0,Thrips,Pheromone Trap,0,25.1,51.0,42.4,9.6,53.2,Good,0.847,0.892,Yes,No,Stem Borer,Aphids,Medium
KR_03332,2026-001-17,Pune,Shirur,19.85797,73.30809,Rice,Basmati,Vegetative,Sandy Loam,6.76,41.7,Bollworm,Mild,18.4,Aphids,Light Trap,9,25.3,50.6,19.8,9.2,38.1,Good,0.843,0.859,Yes,No,Bacterial Blight,Thrips,Medium
KR_03333,2026-004-16,Ahmednagar,Shrigonda,19.89467,73.22669,Potato,Local-P1,Vegetative,Clay Loam,6.67,55.4,Thrips,Severe,69.7,Bollworm,Pheromone Trap,4,21.1,61.5,44.6,6.1,66.2,Blurry,0.507,0.64,No,Yes,Powdery Mildew,Thrips,Medium
KR_03334,2026-001-06,Solapur,Malshiras,20.08862,75.20296,Soybean,MACS-1188,Seedling,Loamy,7.93,72.7,Early Blight,Severe,82.3,Stem Borer,Pheromone Trap,0,35.3,39.8,16.2,12.2,73.4,Poor Framing,0.445,0.598,Yes,Yes,Rust,Fruit Fly,Medium
KR_03335,2026-001-17,Nanded,Deglur,19.67632,78.23538,Potato,Kufri Pukhraj,Maturity,Black Soil,7.71,18.7,Leaf Spot,Mild,13.0,Fruit Fly,Pheromone Trap,14,18.6,45.8,15.1,13.2,64.0,Poor Framing,0.583,0.739,No,Yes,Rust,Bollworm,Low
KR_03336,2026-001-05,Nanded,Loha,19.23224,76.59487,Soybean,MAUS-71,Fruiting,Clay Loam,6.74,29.6,Rust,Severe,72.3,Thrips,Light Trap,3,32.8,69.7,2.7,13.5,76.6,Blurry,0.297,0.751,Yes,Yes,Leaf Spot,Leaf Miner,Medium
KR_03337,2026-004-23,Satara,Koregaon,18.47872,74.7688,Rice,Basmati,Seedling,Sandy Loam,7.22,73.9,Stem Borer,Severe,66.4,Bollworm,Pheromone Trap,0,33.2,78.8,37.8,3.6,69.8,Too Bright,0.304,0.641,Yes,Yes,Stem Borer,Bollworm,Medium
KR_03338,2026-004-28,Nashik,Dindori,18.79249,74.46179,Rice,Indrayani,Flowering,Sandy Loam,6.32,39.5,Late Blight,Mild,8.8,Aphids,Pheromone Trap,0,33.1,41.6,21.8,18.2,47.2,Good,0.82,0.591,Yes,Yes,Blast,Whitefly,Low
KR_03339,2026-001-02,Nashik,Sinnar,18.61628,73.26065,Grapes,Sonaka,Maturity,Black Soil,7.5,60.7,Bacterial Blight,Severe,70.3,Aphids,Light Trap,1,24.8,88.7,13.9,14.7,20.7,Poor Framing,0.333,0.898,Yes,Yes,Brown Spot,Bollworm,High
KR_03340,2026-007-07,Satara,Karad,17.87294,76.21918,Potato,Kufri Pukhraj,Fruiting,Sandy Loam,7.49,47.7,Leaf Spot,Moderate,28.4,Bollworm,Sticky Trap,15,24.1,88.5,8.7,12.2,62.6,Too Bright,0.371,0.554,Yes,Yes,Powdery Mildew,Aphids,Medium
KR_03341,2026-003-06,Solapur,Akkalkot,16.904,76.52449,Rice,Phule Samruddhi,Flowering,Sandy Loam,7.4,21.4,Blast,Mild,15.1,Fruit Fly,Pheromone Trap,0,35.2,47.5,35.5,7.0,48.4,Good,0.862,0.535,Yes,Yes,Late Blight,Leaf Miner,Medium
KR_03342,2026-005-19,Satara,Koregaon,17.80017,74.95841,Cotton,Bt Cotton,Maturity,Sandy Loam,7.92,26.7,Powdery Mildew,Severe,74.4,Stem Borer,Light Trap,10,20.1,65.4,39.1,9.9,92.6,Good,0.795,0.606,No,Yes,Brown Spot,Stem Borer,Medium
KR_03343,2026-002-11,Ahmednagar,Shrigonda,19.79337,74.67455,Cotton,RCH-659,Fruiting,Black Soil,7.96,65.9,Rust,Moderate,42.4,Fruit Fly,Pheromone Trap,13,28.2,75.2,13.8,21.6,38.7,Poor Framing,0.209,0.877,Yes,Yes,Brown Spot,Aphids,Medium
KR_03344,2026-007-02,Sangli,Jat,19.6548,77.8393,Soybean,MACS-1188,Vegetative,Clay Loam,7.43,55.9,Downy Mildew,Moderate,40.4,Bollworm,Pheromone Trap,12,36.0,56.4,44.6,3.8,76.5,Too Dark,0.365,0.525,Yes,Yes,Stem Borer,Bollworm,Medium
KR_03345,2026-001-11,Sangli,Kavathe Mahankal,16.25172,73.90614,Grapes,Sonaka,Fruiting,Sandy Loam,7.01,59.1,Bollworm,Mild,13.9,Stem Borer,Light Trap,12,35.5,82.6,5.5,13.0,31.7,Too Bright,0.42,0.982,Yes,Yes,Bollworm,Leaf Miner,Medium
KR_03346,2026-007-05,Solapur,Pandharpur,20.63566,75.57596,Tomato,Hybrid-T1,Flowering,Sandy Loam,7.97,63.3,Stem Borer,Moderate,39.4,Bollworm,Pheromone Trap,0,25.0,58.8,19.5,13.9,49.2,Too Dark,0.347,0.682,No,Yes,Powdery Mildew,Whitefly,Medium
KR_03347,2026-003-09,Sangli,Kavathe Mahankal,19.75398,75.40384,Potato,Local-P1,Maturity,Black Soil,6.24,53.7,Rust,Mild,16.8,Stem Borer,Sticky Trap,11,20.1,41.7,21.5,7.5,69.7,Too Bright,0.512,0.77,No,Yes,Rust,Fruit Fly,Medium
KR_03348,2026-008-10,Nanded,Deglur,16.11348,78.12977,Soybean,MACS-1188,Maturity,Sandy Loam,7.45,25.0,Blast,Severe,69.1,Bollworm,Sticky Trap,3,31.0,46.0,35.4,11.5,38.8,Good,0.913,0.923,No,No,Thrips,Leaf Miner,Medium
KR_03349,2026-005-05,Pune,Shirur,19.55904,74.94494,Rice,Indrayani,Flowering,Black Soil,6.61,47.4,Bacterial Blight,Mild,12.1,Thrips,Pheromone Trap,0,18.4,59.8,14.6,19.7,61.0,Too Dark,0.421,0.478,No,Yes,Thrips,Aphids,Low
KR_03350,2026-007-16,Kolhapur,Kagal,16.81275,75.32429,Cotton,Bunny Bt,Fruiting,Sandy Loam,7.99,47.2,Bacterial Blight,Mild,16.3,Thrips,Pheromone Trap,0,30.6,96.1,11.2,18.8,82.4,Blurry,0.622,0.983,No,Yes,Blast,Fruit Fly,Medium
KR_03351,2026-005-18,Sangli,Miraj,21.40958,77.22654,Potato,Local-P1,Seedling,Sandy Loam,6.56,50.5,Rust,Moderate,33.4,Fruit Fly,Sticky Trap,8,35.7,79.9,16.8,5.8,25.7,Blurry,0.557,0.638,No,Yes,Early Blight,Stem Borer,Medium
KR_03352,2026-003-24,Kolhapur,Karveer,18.39686,78.80365,Soybean,MAUS-71,Seedling,Sandy Loam,7.77,20.3,Stem Borer,Mild,5.8,Aphids,Pheromone Trap,9,37.5,92.0,25.8,12.0,89.2,Too Bright,0.242,0.822,No,Yes,Stem Borer,Aphids,Medium
KR_03353,2026-005-20,Sangli,Kavathe Mahankal,17.8499,74.17889,Rice,Phule Samruddhi,Flowering,Clay Loam,7.17,22.1,Bollworm,Mild,15.7,Fruit Fly,Sticky Trap,1,35.4,41.9,22.0,9.7,77.7,Good,0.964,0.639,No,Yes,Leaf Miner,Fruit Fly,Medium
KR_03354,2026-006-05,Pune,Shirur,21.10842,74.88396,Potato,Kufri Jyoti,Fruiting,Black Soil,7.51,21.6,Bollworm,Moderate,27.1,Whitefly,Sticky Trap,8,27.2,77.2,13.8,12.3,64.5,Poor Framing,0.206,0.614,No,Yes,Early Blight,Fruit Fly,Medium
KR_03355,2026-003-24,Pune,Daund,20.97897,73.7968,Potato,Kufri Pukhraj,Maturity,Loamy,6.12,43.7,Thrips,Moderate,34.3,Leaf Miner,Sticky Trap,10,27.4,47.1,9.7,14.8,51.5,Blurry,0.288,0.532,Yes,Yes,Rust,Bollworm,Medium
KR_03356,2026-007-20,Kolhapur,Hatkanangale,17.01548,77.88077,Grapes,Sharad Seedless,Maturity,Loamy,6.5,51.8,Rust,Severe,56.3,Stem Borer,Light Trap,1,27.5,87.0,8.2,20.3,66.7,Too Dark,0.418,0.561,Yes,Yes,Early Blight,Bollworm,High
KR_03357,2026-004-20,Nanded,Deglur,16.32797,76.64616,Cotton,Bunny Bt,Maturity,Sandy Loam,7.88,35.7,Thrips,Severe,71.3,Aphids,Pheromone Trap,0,30.6,88.1,13.5,16.1,68.3,Good,0.785,0.756,Yes,No,Bollworm,Whitefly,High
KR_03358,2026-006-09,Ahmednagar,Shrigonda,16.33898,73.30488,Rice,Phule Samruddhi,Fruiting,Loamy,7.37,59.3,Leaf Mold,Moderate,42.5,Fruit Fly,Light Trap,13,19.8,62.3,40.0,12.7,49.6,Too Bright,0.638,0.556,No,Yes,Rust,Aphids,Medium
KR_03359,2026-002-05,Solapur,Malshiras,18.02785,78.80729,Potato,Kufri Pukhraj,Vegetative,Clay Loam,8.04,31.5,Early Blight,Moderate,44.0,Fruit Fly,Pheromone Trap,6,23.6,90.9,21.7,18.6,59.9,Too Dark,0.417,0.762,Yes,Yes,Leaf Mold,Leaf Miner,High
KR_03360,2026-004-02,Pune,Daund,19.92562,75.0611,Potato,Kufri Jyoti,Vegetative,Loamy,7.32,70.2,Bollworm,Mild,17.7,Whitefly,Light Trap,11,28.8,81.8,37.5,8.9,21.3,Too Bright,0.47,0.807,No,Yes,Bollworm,Leaf Miner,Medium
KR_03361,2026-005-25,Solapur,Mangalwedhe,20.99289,73.23914,Cotton,Bunny Bt,Seedling,Black Soil,7.7,42.1,Bollworm,Mild,7.6,Leaf Miner,Pheromone Trap,0,18.2,74.0,2.4,3.5,59.5,Blurry,0.5,0.527,Yes,Yes,Bacterial Blight,Stem Borer,Medium
KR_03362,2026-001-12,Nanded,Deglur,18.10201,78.06566,Rice,Phule Samruddhi,Maturity,Sandy Loam,6.63,44.9,Early Blight,Severe,63.6,Leaf Miner,Pheromone Trap,0,28.2,89.6,11.5,16.4,43.6,Good,0.945,0.457,Yes,Yes,Powdery Mildew,Aphids,High
KR_03363,2026-006-07,Kolhapur,Shirol,18.43116,79.11551,Potato,Kufri Pukhraj,Maturity,Sandy Loam,7.25,21.6,Rust,Severe,64.9,Bollworm,Pheromone Trap,9,28.3,49.7,12.4,15.4,69.5,Good,0.935,0.509,No,Yes,Thrips,Thrips,Medium
KR_03364,2026-007-24,Satara,Koregaon,16.18985,77.09524,Soybean,MACS-1188,Fruiting,Clay Loam,7.33,29.5,Leaf Spot,Severe,51.8,Bollworm,Pheromone Trap,0,36.9,43.2,12.1,3.1,27.4,Poor Framing,0.423,0.913,No,Yes,Leaf Mold,Stem Borer,Medium
KR_03365,2026-005-19,Nanded,Loha,19.47061,77.54573,Potato,Kufri Pukhraj,Flowering,Loamy,7.68,48.0,Brown Spot,Severe,82.9,Bollworm,Sticky Trap,15,26.1,93.7,3.8,18.1,39.7,Good,0.886,0.764,Yes,No,Bacterial Blight,Aphids,High
KR_03366,2026-004-18,Pune,Daund,18.66053,78.35853,Cotton,Bt Cotton,Seedling,Clay Loam,7.33,70.9,Leaf Mold,Moderate,33.4,Aphids,Light Trap,5,33.0,49.1,28.3,21.4,93.4,Poor Framing,0.531,0.944,No,Yes,Leaf Miner,Aphids,Medium
KR_03367,2026-005-05,Pune,Indapur,17.99798,73.06277,Grapes,Sharad Seedless,Flowering,Loamy,6.04,31.8,Downy Mildew,Moderate,47.6,Thrips,Pheromone Trap,10,34.5,44.1,15.3,20.7,70.9,Good,0.988,0.605,No,Yes,Rust,Aphids,Medium
KR_03368,2026-006-26,Sangli,Miraj,17.28132,77.14102,Potato,Local-P1,Vegetative,Sandy Loam,7.9,17.3,Rust,Mild,7.3,Whitefly,Pheromone Trap,0,36.4,52.6,17.9,6.4,33.7,Blurry,0.434,0.91,Yes,Yes,Brown Spot,Stem Borer,Low
KR_03369,2026-005-14,Nashik,Dindori,17.79903,75.83927,Cotton,Bunny Bt,Maturity,Sandy Loam,6.82,58.0,Stem Borer,Moderate,34.7,Thrips,Pheromone Trap,13,29.9,83.7,25.4,12.1,51.3,Good,0.94,0.473,Yes,Yes,Bacterial Blight,Leaf Miner,Medium
KR_03370,2026-004-27,Solapur,Mangalwedhe,20.55023,75.65769,Tomato,Abhinav,Vegetative,Loamy,7.87,42.2,Leaf Spot,Severe,60.2,Whitefly,Pheromone Trap,2,32.7,82.9,35.1,4.2,53.1,Good,0.867,0.912,Yes,No,Leaf Spot,Thrips,High
KR_03371,2026-007-24,Sangli,Kavathe Mahankal,18.08279,74.03421,Potato,Local-P1,Maturity,Black Soil,6.18,51.8,Downy Mildew,Mild,16.5,Thrips,Light Trap,13,33.4,58.5,19.7,10.7,22.8,Blurry,0.227,0.79,No,Yes,Powdery Mildew,Bollworm,Medium
KR_03372,2026-001-04,Nanded,Hadgaon,20.88684,74.61634,Cotton,Bt Cotton,Vegetative,Black Soil,6.93,49.3,Thrips,Severe,64.1,Aphids,Pheromone Trap,0,34.4,87.8,1.6,13.0,21.1,Good,0.871,0.501,No,Yes,Leaf Miner,Leaf Miner,High
KR_03373,2026-001-15,Solapur,Malshiras,18.82727,74.09111,Tomato,Hybrid-T1,Seedling,Black Soil,7.68,71.8,Rust,Severe,58.1,Aphids,Sticky Trap,14,36.0,85.9,16.6,3.9,63.3,Too Bright,0.44,0.871,Yes,Yes,Downy Mildew,Bollworm,High
KR_03374,2026-001-20,Ahmednagar,Rahata,17.30401,79.15826,Cotton,Bt Cotton,Fruiting,Loamy,6.23,26.1,Early Blight,Severe,55.0,Thrips,Pheromone Trap,12,23.5,46.8,41.9,4.1,92.9,Good,0.887,0.502,Yes,Yes,Stem Borer,Stem Borer,Medium
KR_03375,2026-003-06,Nanded,Deglur,17.00992,77.69289,Soybean,MAUS-71,Fruiting,Sandy Loam,8.13,56.5,Leaf Mold,Mild,6.8,Bollworm,Sticky Trap,11,32.1,35.1,18.5,6.8,56.0,Good,0.942,0.788,Yes,No,Leaf Spot,Stem Borer,Low
KR_03376,2026-007-22,Sangli,Tasgaon,16.95646,75.02393,Rice,Indrayani,Seedling,Black Soil,6.85,25.4,Healthy,Mild,4.7,Bollworm,Pheromone Trap,0,36.3,92.0,24.4,20.9,56.7,Good,0.935,0.7,Yes,Yes,Early Blight,Stem Borer,Medium
KR_03377,2026-005-09,Sangli,Tasgaon,19.98678,76.12509,Cotton,Bunny Bt,Flowering,Loamy,8.01,35.3,Leaf Mold,Mild,14.3,Bollworm,Light Trap,8,36.5,64.4,19.4,2.3,32.4,Too Dark,0.292,0.698,No,Yes,Thrips,Aphids,Medium
KR_03378,2026-006-13,Pune,Indapur,17.15528,75.44118,Grapes,Sonaka,Maturity,Sandy Loam,6.1,33.4,Bacterial Blight,Severe,58.9,Leaf Miner,Pheromone Trap,0,29.2,40.5,40.2,7.9,63.4,Too Dark,0.407,0.965,Yes,Yes,Leaf Mold,Stem Borer,Medium
KR_03379,2026-004-24,Pune,Daund,20.09849,74.5251,Potato,Kufri Pukhraj,Vegetative,Black Soil,7.59,67.4,Thrips,Moderate,40.9,Leaf Miner,Sticky Trap,15,33.4,96.5,41.7,14.2,59.7,Too Dark,0.431,0.784,Yes,Yes,Rust,Aphids,High
KR_03380,2026-003-25,Ahmednagar,Shrigonda,18.91525,77.33882,Potato,Local-P1,Seedling,Sandy Loam,8.01,25.3,Leaf Spot,Moderate,23.9,Bollworm,Pheromone Trap,0,37.9,88.0,8.0,8.6,94.8,Good,0.818,0.591,Yes,Yes,Rust,Aphids,Medium
KR_03381,2026-008-25,Pune,Daund,20.6758,77.77781,Rice,Phule Samruddhi,Maturity,Sandy Loam,7.96,38.8,Bollworm,Moderate,45.8,Aphids,Pheromone Trap,7,20.0,48.3,8.6,9.0,23.3,Too Dark,0.298,0.667,Yes,Yes,Early Blight,Fruit Fly,Medium
KR_03382,2026-002-26,Sangli,Kavathe Mahankal,18.60822,76.90666,Grapes,Sharad Seedless,Fruiting,Sandy Loam,6.22,41.3,Bollworm,Moderate,30.8,Aphids,Pheromone Trap,12,29.9,54.6,36.6,20.5,20.5,Too Bright,0.459,0.776,No,Yes,Late Blight,Bollworm,Medium
KR_03383,2026-002-03,Nashik,Sinnar,18.23807,73.93674,Grapes,Thompson Seedless,Fruiting,Black Soil,6.02,25.2,Healthy,Mild,0.4,Bollworm,Light Trap,5,25.3,77.4,33.6,14.9,94.4,Too Bright,0.463,0.592,Yes,Yes,Leaf Spot,Aphids,Medium
KR_03384,2026-001-20,Solapur,Akkalkot,16.28167,74.5026,Cotton,Bunny Bt,Flowering,Sandy Loam,6.49,17.6,Leaf Spot,Mild,17.6,Whitefly,Pheromone Trap,6,20.3,58.1,2.9,21.6,89.0,Good,0.791,0.522,Yes,Yes,Leaf Miner,Fruit Fly,Medium
KR_03385,2026-002-11,Solapur,Mangalwedhe,18.63149,78.40559,Cotton,Bt Cotton,Flowering,Sandy Loam,7.25,59.9,Bacterial Blight,Severe,75.6,Whitefly,Pheromone Trap,8,34.1,83.6,12.4,4.4,67.3,Good,0.768,0.457,No,Yes,Leaf Mold,Fruit Fly,High
KR_03386,2026-006-09,Satara,Wai,17.21783,75.54765,Grapes,Sharad Seedless,Flowering,Sandy Loam,7.36,64.2,Late Blight,Moderate,43.3,Bollworm,Sticky Trap,8,28.3,94.8,3.5,16.5,43.1,Too Bright,0.397,0.788,Yes,Yes,Stem Borer,Aphids,High
KR_03387,2026-006-27,Solapur,Malshiras,18.79403,78.04337,Tomato,Abhinav,Fruiting,Sandy Loam,8.05,60.4,Stem Borer,Moderate,29.2,Thrips,Sticky Trap,2,23.7,62.0,42.6,11.5,83.5,Good,0.97,0.904,No,No,Bacterial Blight,Whitefly,Medium
KR_03388,2026-004-27,Nanded,Deglur,18.43305,78.63543,Soybean,JS-335,Flowering,Sandy Loam,6.83,30.9,Late Blight,Severe,61.8,Bollworm,Sticky Trap,15,34.0,84.3,21.6,4.5,52.0,Poor Framing,0.423,0.854,Yes,Yes,Leaf Mold,Thrips,High
KR_03389,2026-004-14,Nanded,Deglur,16.21886,77.09583,Grapes,Sharad Seedless,Seedling,Sandy Loam,6.8,73.8,Leaf Miner,Mild,7.3,Fruit Fly,Sticky Trap,7,20.2,67.8,13.9,2.3,78.5,Good,0.887,0.805,No,No,Late Blight,Aphids,Medium
KR_03390,2026-008-25,Satara,Karad,19.45018,75.53386,Potato,Kufri Jyoti,Vegetative,Loamy,7.61,59.7,Stem Borer,Severe,57.8,Stem Borer,Light Trap,5,32.1,85.3,38.2,3.0,30.0,Poor Framing,0.564,0.711,Yes,Yes,Leaf Miner,Bollworm,High
KR_03391,2026-003-17,Nashik,Dindori,20.21596,75.84034,Soybean,MAUS-71,Vegetative,Clay Loam,8.03,58.3,Brown Spot,Mild,11.4,Thrips,Light Trap,1,28.8,64.6,5.0,17.9,53.3,Good,0.924,0.6,Yes,Yes,Thrips,Fruit Fly,Medium
KR_03392,2026-005-09,Pune,Daund,19.61542,77.62212,Rice,Indrayani,Maturity,Loamy,7.13,39.1,Thrips,Moderate,25.6,Bollworm,Sticky Trap,4,35.3,55.9,32.4,5.5,58.0,Good,0.755,0.903,Yes,No,Brown Spot,Aphids,Medium
KR_03393,2026-001-13,Ahmednagar,Kopargaon,16.58331,73.50974,Cotton,Bt Cotton,Vegetative,Black Soil,6.0,33.7,Brown Spot,Mild,6.6,Fruit Fly,Sticky Trap,15,29.9,78.8,1.8,5.9,28.5,Good,0.855,0.848,No,No,Late Blight,Thrips,Medium
KR_03394,2026-008-16,Satara,Phaltan,17.45284,73.23362,Tomato,Abhinav,Maturity,Loamy,7.87,54.1,Powdery Mildew,Mild,6.6,Stem Borer,Pheromone Trap,0,31.1,55.2,6.8,4.5,60.3,Too Bright,0.543,0.499,Yes,Yes,Powdery Mildew,Thrips,Low
KR_03395,2026-008-11,Ahmednagar,Rahata,19.98033,75.33458,Potato,Local-P1,Flowering,Loamy,7.66,64.2,Late Blight,Mild,9.8,Aphids,Pheromone Trap,12,33.8,57.5,14.6,9.8,42.5,Too Dark,0.28,0.865,Yes,Yes,Downy Mildew,Bollworm,Low
KR_03396,2026-007-06,Satara,Koregaon,18.84284,75.89388,Rice,Phule Samruddhi,Vegetative,Clay Loam,6.69,36.5,Stem Borer,Moderate,44.7,Thrips,Pheromone Trap,0,26.6,63.2,2.4,6.6,61.6,Too Dark,0.335,0.805,Yes,Yes,Powdery Mildew,Aphids,Medium
KR_03397,2026-007-06,Satara,Karad,20.39929,78.42294,Potato,Local-P1,Maturity,Clay Loam,6.03,59.7,Bollworm,Moderate,38.7,Whitefly,Sticky Trap,6,35.8,88.5,15.1,15.2,63.4,Good,0.843,0.573,No,Yes,Late Blight,Bollworm,Medium
KR_03398,2026-007-03,Pune,Indapur,20.05256,77.80228,Cotton,Bt Cotton,Flowering,Clay Loam,7.39,58.9,Early Blight,Severe,83.4,Whitefly,Light Trap,10,31.1,57.0,30.0,12.4,54.8,Good,0.846,0.634,Yes,Yes,Rust,Leaf Miner,Medium
KR_03399,2026-007-09,Pune,Shirur,16.55996,76.11078,Soybean,JS-335,Maturity,Sandy Loam,6.8,56.8,Bollworm,Moderate,41.2,Fruit Fly,Light Trap,1,36.2,89.7,25.0,21.7,88.0,Poor Framing,0.328,0.984,No,Yes,Downy Mildew,Aphids,High
KR_03400,2026-001-25,Sangli,Miraj,16.18307,75.76641,Rice,Indrayani,Seedling,Sandy Loam,6.45,68.6,Leaf Miner,Moderate,42.4,Whitefly,Pheromone Trap,0,30.8,88.2,27.4,9.0,81.3,Good,0.878,0.638,No,Yes,Downy Mildew,Fruit Fly,High
KR_03401,2026-007-02,Nashik,Malegaon,17.60974,73.155,Rice,Indrayani,Fruiting,Black Soil,7.55,17.6,Blast,Severe,61.8,Whitefly,Sticky Trap,4,37.1,93.1,13.9,12.4,59.5,Too Bright,0.412,0.796,Yes,Yes,Early Blight,Fruit Fly,High
KR_03402,2026-002-09,Nanded,Biloli,19.93114,77.9727,Tomato,Arka Rakshak,Fruiting,Sandy Loam,6.55,59.8,Leaf Spot,Severe,52.9,Bollworm,Pheromone Trap,15,21.8,89.8,41.9,3.1,26.3,Too Bright,0.567,0.795,Yes,Yes,Rust,Fruit Fly,High
KR_03403,2026-002-15,Ahmednagar,Kopargaon,21.22135,79.49424,Tomato,Hybrid-T1,Seedling,Black Soil,7.37,71.9,Leaf Miner,Severe,72.2,Leaf Miner,Pheromone Trap,1,22.8,80.3,13.8,14.4,74.3,Poor Framing,0.457,0.843,Yes,Yes,Late Blight,Aphids,High
KR_03404,2026-006-11,Nanded,Deglur,21.24772,75.33003,Rice,Phule Samruddhi,Flowering,Clay Loam,7.34,56.5,Thrips,Mild,15.8,Whitefly,Pheromone Trap,0,21.8,58.2,41.1,19.4,51.1,Poor Framing,0.324,0.464,Yes,Yes,Early Blight,Aphids,Medium
KR_03405,2026-005-18,Ahmednagar,Kopargaon,18.15948,75.63835,Tomato,Hybrid-T1,Seedling,Sandy Loam,6.99,46.0,Thrips,Mild,7.2,Aphids,Light Trap,11,34.7,89.4,7.4,18.8,61.2,Too Dark,0.232,0.697,Yes,Yes,Thrips,Fruit Fly,Medium
KR_03406,2026-004-10,Pune,Daund,18.30652,73.68127,Rice,Basmati,Flowering,Sandy Loam,6.64,26.1,Leaf Spot,Severe,71.1,Whitefly,Sticky Trap,2,25.2,92.6,30.3,10.8,91.1,Blurry,0.249,0.852,No,Yes,Rust,Thrips,High
KR_03407,2026-003-14,Satara,Wai,16.22349,79.27829,Grapes,Sonaka,Maturity,Loamy,7.83,28.8,Blast,Moderate,25.2,Fruit Fly,Pheromone Trap,0,35.0,70.4,32.5,14.1,37.4,Too Dark,0.612,0.911,Yes,Yes,Leaf Miner,Aphids,Medium
KR_03408,2026-002-20,Nashik,Dindori,19.73745,74.1077,Tomato,Hybrid-T1,Maturity,Black Soil,6.13,18.1,Bollworm,Mild,6.9,Whitefly,Pheromone Trap,0,26.3,48.3,31.5,7.2,35.8,Good,0.796,0.51,Yes,Yes,Blast,Bollworm,Low
KR_03409,2026-006-22,Nashik,Dindori,16.23938,79.09339,Rice,Indrayani,Flowering,Loamy,7.72,16.2,Late Blight,Moderate,41.9,Fruit Fly,Pheromone Trap,5,33.4,79.6,9.5,16.1,57.3,Good,0.84,0.598,Yes,Yes,Rust,Fruit Fly,Medium
KR_03410,2026-004-23,Sangli,Kavathe Mahankal,20.58468,74.72451,Rice,Phule Samruddhi,Flowering,Sandy Loam,6.8,43.5,Brown Spot,Severe,57.2,Aphids,Sticky Trap,15,23.5,73.6,29.5,5.0,62.2,Good,0.819,0.569,Yes,Yes,Rust,Fruit Fly,Medium
KR_03411,2026-008-07,Pune,Indapur,19.04367,78.40225,Soybean,MAUS-71,Seedling,Black Soil,8.12,62.4,Stem Borer,Mild,19.1,Thrips,Sticky Trap,3,30.4,60.7,3.7,16.8,88.5,Good,0.783,0.691,No,Yes,Leaf Miner,Stem Borer,Medium
KR_03412,2026-004-12,Sangli,Jat,16.12859,76.53723,Cotton,Bt Cotton,Fruiting,Clay Loam,6.67,59.0,Rust,Mild,16.5,Thrips,Sticky Trap,15,18.5,94.1,44.2,18.2,64.7,Blurry,0.383,0.534,Yes,Yes,Bacterial Blight,Aphids,Medium
KR_03413,2026-007-11,Kolhapur,Kagal,17.51526,73.60398,Grapes,Thompson Seedless,Flowering,Black Soil,6.54,15.9,Bacterial Blight,Mild,14.1,Bollworm,Pheromone Trap,11,20.4,64.3,27.1,3.6,89.7,Too Bright,0.629,0.861,Yes,Yes,Late Blight,Stem Borer,Medium
KR_03414,2026-006-10,Satara,Wai,19.48287,76.43482,Rice,Phule Samruddhi,Flowering,Loamy,6.44,27.8,Late Blight,Mild,10.8,Thrips,Sticky Trap,6,32.7,44.1,16.7,13.9,26.4,Good,0.842,0.604,Yes,Yes,Leaf Miner,Bollworm,Low
KR_03415,2026-005-04,Kolhapur,Karveer,19.41414,77.58124,Tomato,Abhinav,Seedling,Clay Loam,8.17,68.9,Leaf Spot,Mild,19.9,Fruit Fly,Sticky Trap,9,29.5,45.8,42.6,10.2,34.6,Blurry,0.207,0.514,Yes,Yes,Brown Spot,Fruit Fly,Medium
KR_03416,2026-006-14,Nashik,Niphad,16.72752,77.43966,Rice,Basmati,Fruiting,Loamy,8.18,43.5,Downy Mildew,Severe,75.4,Bollworm,Light Trap,4,18.2,54.2,3.2,3.9,23.4,Too Dark,0.633,0.813,Yes,Yes,Bacterial Blight,Aphids,Medium
KR_03417,2026-004-25,Nanded,Deglur,18.77402,75.67166,Cotton,Bunny Bt,Seedling,Sandy Loam,7.36,22.1,Late Blight,Severe,51.8,Thrips,Pheromone Trap,0,34.3,61.3,9.4,7.5,24.4,Blurry,0.379,0.567,No,Yes,Bacterial Blight,Whitefly,Medium
KR_03418,2026-007-10,Nanded,Biloli,18.21172,76.21962,Potato,Kufri Pukhraj,Flowering,Clay Loam,7.41,49.9,Bollworm,Severe,78.4,Whitefly,Light Trap,5,31.0,68.2,9.1,19.2,40.1,Good,0.874,0.845,Yes,No,Brown Spot,Bollworm,Medium
KR_03419,2026-008-25,Nanded,Hadgaon,17.55933,77.54484,Tomato,Abhinav,Seedling,Black Soil,6.25,59.3,Bollworm,Severe,52.7,Thrips,Light Trap,1,29.4,51.9,41.6,19.0,93.7,Good,0.778,0.659,No,Yes,Thrips,Aphids,Medium
KR_03420,2026-005-21,Ahmednagar,Kopargaon,17.93694,74.87352,Rice,Phule Samruddhi,Flowering,Black Soil,8.13,37.9,Brown Spot,Severe,58.4,Bollworm,Pheromone Trap,0,37.4,59.2,28.0,7.6,47.9,Good,0.892,0.911,Yes,No,Powdery Mildew,Thrips,Medium
KR_03421,2026-005-14,Nashik,Niphad,19.60507,78.6367,Soybean,MACS-1188,Flowering,Loamy,6.99,20.9,Healthy,Mild,3.9,Bollworm,Sticky Trap,12,25.5,88.3,22.5,8.2,70.2,Good,0.877,0.899,Yes,No,Bacterial Blight,Aphids,Medium
KR_03422,2026-001-05,Nashik,Sinnar,17.5612,73.39896,Tomato,Abhinav,Maturity,Sandy Loam,7.68,51.5,Bollworm,Severe,71.8,Stem Borer,Pheromone Trap,0,35.6,54.9,17.4,10.2,79.3,Good,0.754,0.848,No,No,Powdery Mildew,Aphids,Medium
KR_03423,2026-007-15,Kolhapur,Kagal,16.38006,78.55288,Soybean,MACS-1188,Seedling,Loamy,7.6,36.9,Bollworm,Mild,8.2,Thrips,Light Trap,6,36.3,89.5,33.1,10.9,33.4,Good,0.911,0.549,No,Yes,Thrips,Fruit Fly,Medium
KR_03424,2026-003-06,Nanded,Hadgaon,17.53215,77.35567,Cotton,RCH-659,Maturity,Clay Loam,6.99,62.6,Late Blight,Moderate,24.9,Fruit Fly,Sticky Trap,6,33.0,38.0,24.5,20.0,36.6,Good,0.99,0.788,Yes,No,Blast,Aphids,Medium
KR_03425,2026-001-12,Nanded,Biloli,17.99571,76.50163,Potato,Kufri Jyoti,Fruiting,Loamy,8.06,45.9,Bacterial Blight,Severe,65.5,Whitefly,Light Trap,10,35.1,89.8,36.3,16.1,42.7,Too Dark,0.497,0.583,Yes,Yes,Leaf Mold,Stem Borer,High
KR_03426,2026-001-02,Sangli,Tasgaon,18.67495,76.27444,Potato,Local-P1,Maturity,Loamy,7.47,69.8,Late Blight,Mild,8.7,Stem Borer,Pheromone Trap,0,27.5,47.6,21.9,3.6,89.3,Blurry,0.233,0.8,No,Yes,Downy Mildew,Stem Borer,Low
KR_03427,2026-005-10,Satara,Phaltan,18.71127,74.24072,Rice,Basmati,Seedling,Clay Loam,6.11,44.6,Late Blight,Severe,84.2,Stem Borer,Pheromone Trap,0,21.1,60.7,7.3,14.5,77.1,Good,0.807,0.872,Yes,No,Thrips,Aphids,Medium
KR_03428,2026-001-08,Sangli,Tasgaon,17.93703,77.19691,Tomato,Hybrid-T1,Vegetative,Sandy Loam,7.74,25.9,Late Blight,Mild,13.5,Whitefly,Pheromone Trap,4,18.3,73.7,16.6,13.6,49.3,Too Dark,0.413,0.934,Yes,Yes,Early Blight,Fruit Fly,Medium
KR_03429,2026-001-18,Sangli,Miraj,17.16391,75.75538,Tomato,Abhinav,Seedling,Loamy,6.38,70.2,Bacterial Blight,Moderate,33.0,Leaf Miner,Sticky Trap,2,26.5,54.7,19.3,13.0,45.5,Too Dark,0.441,0.564,Yes,Yes,Blast,Fruit Fly,Medium
KR_03430,2026-008-08,Solapur,Akkalkot,16.35172,75.03185,Grapes,Sonaka,Fruiting,Clay Loam,7.81,69.0,Blast,Severe,80.6,Whitefly,Light Trap,12,19.6,71.7,14.4,6.6,29.0,Good,0.838,0.451,Yes,Yes,Leaf Miner,Leaf Miner,Medium
KR_03431,2026-003-27,Satara,Koregaon,18.12516,75.31576,Cotton,Bunny Bt,Maturity,Loamy,6.46,21.3,Stem Borer,Severe,72.6,Aphids,Sticky Trap,2,35.8,81.5,8.0,20.5,85.3,Poor Framing,0.21,0.941,Yes,Yes,Downy Mildew,Fruit Fly,High
KR_03432,2026-001-08,Nashik,Niphad,20.44353,73.44069,Tomato,Arka Rakshak,Flowering,Sandy Loam,6.64,52.3,Leaf Miner,Severe,68.1,Stem Borer,Pheromone Trap,11,28.2,87.1,37.4,20.6,40.2,Good,0.926,0.514,Yes,Yes,Thrips,Leaf Miner,High
KR_03433,2026-005-04,Kolhapur,Shirol,16.38415,74.78132,Rice,Phule Samruddhi,Maturity,Clay Loam,7.65,21.1,Brown Spot,Severe,50.9,Fruit Fly,Pheromone Trap,13,30.2,35.5,30.4,8.4,40.7,Good,0.912,0.77,Yes,No,Late Blight,Aphids,Medium
KR_03434,2026-008-24,Pune,Indapur,17.75157,79.41829,Rice,Indrayani,Maturity,Clay Loam,7.48,36.4,Rust,Moderate,43.2,Bollworm,Light Trap,14,37.9,90.9,1.2,12.8,27.0,Good,0.859,0.898,Yes,No,Leaf Mold,Aphids,High
KR_03435,2026-006-13,Satara,Koregaon,19.22571,76.70959,Tomato,Arka Rakshak,Vegetative,Black Soil,6.69,72.1,Bollworm,Severe,58.2,Whitefly,Light Trap,11,24.7,94.6,16.5,10.3,39.5,Good,0.797,0.757,No,No,Leaf Miner,Aphids,High
KR_03436,2026-008-04,Solapur,Malshiras,20.25289,77.60744,Potato,Local-P1,Seedling,Loamy,7.17,53.3,Early Blight,Moderate,24.0,Fruit Fly,Light Trap,7,34.3,65.3,14.8,21.4,55.4,Poor Framing,0.246,0.791,Yes,Yes,Late Blight,Bollworm,Medium
KR_03437,2026-005-19,Kolhapur,Karveer,19.37803,75.47783,Potato,Kufri Jyoti,Seedling,Black Soil,7.02,57.7,Leaf Spot,Moderate,48.3,Thrips,Pheromone Trap,0,35.1,48.4,1.5,12.2,76.7,Too Dark,0.384,0.685,Yes,Yes,Blast,Stem Borer,Medium
KR_03438,2026-006-19,Ahmednagar,Rahata,16.47117,78.26994,Tomato,Abhinav,Maturity,Loamy,7.93,54.4,Powdery Mildew,Mild,5.3,Stem Borer,Sticky Trap,2,30.0,73.2,6.8,21.5,43.8,Blurry,0.372,0.608,Yes,Yes,Late Blight,Bollworm,Medium
KR_03439,2026-002-07,Sangli,Jat,19.50264,75.97225,Tomato,Hybrid-T1,Flowering,Black Soil,6.31,51.8,Brown Spot,Mild,18.2,Bollworm,Light Trap,15,22.4,51.9,43.2,5.4,42.9,Too Dark,0.391,0.593,No,Yes,Brown Spot,Thrips,Medium
KR_03440,2026-005-25,Ahmednagar,Shrigonda,19.50535,73.61615,Grapes,Sonaka,Flowering,Clay Loam,7.13,59.7,Healthy,Mild,3.9,Bollworm,Pheromone Trap,0,22.9,70.3,15.0,9.9,41.1,Too Dark,0.37,0.682,Yes,Yes,Bollworm,Stem Borer,Medium
KR_03441,2026-007-01,Nashik,Malegaon,20.00498,77.51031,Cotton,Bunny Bt,Flowering,Clay Loam,7.24,47.8,Leaf Miner,Severe,68.3,Fruit Fly,Pheromone Trap,14,28.3,88.2,6.4,17.0,58.3,Poor Framing,0.568,0.662,No,Yes,Bacterial Blight,Aphids,High
KR_03442,2026-007-28,Solapur,Akkalkot,19.97015,77.26071,Potato,Local-P1,Flowering,Black Soil,6.48,24.8,Leaf Mold,Severe,79.7,Aphids,Light Trap,4,20.1,85.2,30.1,8.6,68.4,Good,0.945,0.861,Yes,No,Bacterial Blight,Whitefly,High
KR_03443,2026-007-11,Nanded,Hadgaon,21.10037,74.55572,Soybean,MAUS-71,Maturity,Clay Loam,7.88,18.4,Thrips,Moderate,24.6,Bollworm,Pheromone Trap,0,35.3,83.8,7.8,5.8,47.6,Good,0.772,0.521,Yes,Yes,Rust,Aphids,Medium
KR_03444,2026-003-25,Nanded,Hadgaon,16.99404,79.055,Tomato,Arka Rakshak,Flowering,Loamy,6.12,50.0,Leaf Spot,Moderate,35.5,Fruit Fly,Pheromone Trap,5,28.7,76.0,30.9,2.9,73.9,Too Dark,0.351,0.959,Yes,Yes,Rust,Fruit Fly,Medium
KR_03445,2026-003-08,Nashik,Niphad,21.46162,73.81106,Grapes,Sonaka,Fruiting,Loamy,6.12,64.8,Stem Borer,Mild,10.3,Whitefly,Light Trap,15,24.3,86.6,28.7,12.5,52.3,Too Bright,0.495,0.592,No,Yes,Downy Mildew,Aphids,Medium
KR_03446,2026-005-19,Kolhapur,Shirol,18.68761,74.17332,Cotton,RCH-659,Vegetative,Sandy Loam,6.09,45.2,Blast,Mild,17.4,Fruit Fly,Pheromone Trap,0,23.8,74.0,39.3,20.1,21.0,Poor Framing,0.437,0.608,Yes,Yes,Leaf Mold,Bollworm,Medium
KR_03447,2026-008-08,Kolhapur,Hatkanangale,16.51731,73.76779,Cotton,RCH-659,Maturity,Sandy Loam,6.55,65.7,Leaf Miner,Moderate,39.6,Fruit Fly,Light Trap,11,18.8,61.2,13.7,9.6,39.5,Too Dark,0.224,0.906,Yes,Yes,Leaf Miner,Aphids,Medium
KR_03448,2026-002-08,Sangli,Jat,20.86858,75.14721,Rice,Phule Samruddhi,Maturity,Clay Loam,6.31,61.9,Powdery Mildew,Severe,52.3,Whitefly,Light Trap,9,22.5,72.0,27.6,13.6,54.7,Blurry,0.215,0.775,No,Yes,Leaf Mold,Aphids,Medium
KR_03449,2026-007-18,Nashik,Malegaon,18.62368,73.09686,Soybean,MACS-1188,Maturity,Black Soil,7.88,45.7,Early Blight,Moderate,34.6,Aphids,Sticky Trap,13,35.5,88.3,19.1,21.0,72.4,Good,0.906,0.609,Yes,Yes,Thrips,Fruit Fly,Medium
KR_03450,2026-008-16,Satara,Phaltan,20.00251,73.00599,Potato,Local-P1,Maturity,Clay Loam,7.95,16.6,Blast,Moderate,49.7,Thrips,Pheromone Trap,14,29.4,58.8,8.8,8.3,42.9,Blurry,0.538,0.878,Yes,Yes,Early Blight,Whitefly,Medium
KR_03451,2026-002-05,Satara,Wai,18.60489,73.23777,Tomato,Arka Rakshak,Maturity,Loamy,8.01,38.1,Bollworm,Mild,17.0,Fruit Fly,Pheromone Trap,6,31.9,72.1,31.3,21.0,21.5,Good,0.972,0.89,Yes,No,Leaf Spot,Stem Borer,Medium
KR_03452,2026-004-06,Satara,Wai,21.22618,73.05026,Cotton,Bunny Bt,Flowering,Clay Loam,7.63,21.9,Thrips,Moderate,37.5,Aphids,Light Trap,12,34.0,79.2,21.5,7.2,79.4,Good,0.847,0.873,Yes,No,Blast,Leaf Miner,Medium
KR_03453,2026-008-22,Pune,Baramati,16.92286,76.80526,Grapes,Thompson Seedless,Fruiting,Loamy,7.68,68.1,Leaf Miner,Moderate,27.7,Thrips,Pheromone Trap,0,26.8,87.0,11.7,3.7,64.8,Too Bright,0.582,0.474,Yes,Yes,Rust,Stem Borer,Medium
KR_03454,2026-008-19,Ahmednagar,Rahata,17.69442,73.63912,Soybean,MAUS-71,Fruiting,Clay Loam,8.05,46.2,Early Blight,Mild,11.5,Stem Borer,Sticky Trap,6,33.6,85.0,44.4,11.4,27.0,Too Dark,0.51,0.589,No,Yes,Powdery Mildew,Stem Borer,Medium
KR_03455,2026-003-01,Ahmednagar,Sangamner,17.82266,76.3608,Grapes,Sonaka,Seedling,Loamy,7.17,33.8,Leaf Spot,Severe,83.6,Aphids,Pheromone Trap,0,37.3,82.1,27.2,14.3,63.2,Good,0.756,0.852,Yes,No,Powdery Mildew,Aphids,High
KR_03456,2026-001-14,Sangli,Kavathe Mahankal,20.80092,75.25856,Soybean,JS-335,Fruiting,Clay Loam,7.4,21.9,Bacterial Blight,Moderate,49.8,Aphids,Sticky Trap,15,37.8,38.0,29.8,10.5,49.3,Blurry,0.305,0.899,No,Yes,Rust,Leaf Miner,Medium
KR_03457,2026-001-23,Kolhapur,Kagal,16.34099,73.86525,Cotton,Bt Cotton,Flowering,Clay Loam,8.12,52.5,Blast,Moderate,23.7,Leaf Miner,Pheromone Trap,10,35.7,71.3,29.2,11.6,39.2,Good,0.889,0.711,Yes,Yes,Leaf Spot,Whitefly,Medium
KR_03458,2026-002-16,Pune,Daund,17.28386,75.52652,Soybean,JS-335,Maturity,Clay Loam,7.6,67.8,Stem Borer,Mild,19.0,Bollworm,Pheromone Trap,0,35.9,76.0,20.7,17.7,53.6,Too Bright,0.41,0.488,Yes,Yes,Late Blight,Bollworm,Medium
KR_03459,2026-001-27,Solapur,Pandharpur,20.48099,73.8732,Cotton,Bunny Bt,Vegetative,Clay Loam,7.61,49.2,Early Blight,Mild,16.6,Fruit Fly,Light Trap,9,34.9,39.1,29.4,8.3,24.3,Too Bright,0.622,0.723,Yes,Yes,Leaf Spot,Thrips,Medium
KR_03460,2026-008-21,Ahmednagar,Kopargaon,19.72352,75.20603,Potato,Kufri Pukhraj,Maturity,Loamy,8.06,46.5,Rust,Severe,77.6,Aphids,Pheromone Trap,3,37.1,44.4,8.7,19.2,48.3,Good,0.77,0.621,Yes,Yes,Bacterial Blight,Thrips,Medium
KR_03461,2026-003-11,Sangli,Miraj,16.52077,73.01374,Grapes,Thompson Seedless,Maturity,Clay Loam,7.14,60.1,Brown Spot,Mild,9.1,Thrips,Pheromone Trap,12,28.6,53.4,26.3,19.4,25.1,Too Bright,0.381,0.938,No,Yes,Brown Spot,Bollworm,Low
KR_03462,2026-004-10,Sangli,Miraj,16.93838,73.32427,Cotton,Bt Cotton,Flowering,Clay Loam,6.3,55.2,Healthy,Mild,1.4,Bollworm,Pheromone Trap,0,32.4,82.8,38.6,13.3,22.5,Good,0.814,0.765,Yes,No,Bacterial Blight,Fruit Fly,Medium
KR_03463,2026-007-24,Nashik,Malegaon,16.29643,75.55731,Grapes,Sonaka,Flowering,Clay Loam,7.71,24.1,Bollworm,Mild,11.3,Leaf Miner,Sticky Trap,4,36.2,45.2,7.4,19.2,47.9,Good,0.838,0.878,No,No,Blast,Stem Borer,Low
KR_03464,2026-006-16,Nashik,Dindori,20.36709,75.17552,Grapes,Sharad Seedless,Maturity,Clay Loam,7.84,50.3,Leaf Miner,Moderate,32.7,Bollworm,Light Trap,5,31.9,85.5,42.6,17.6,69.8,Blurry,0.341,0.867,Yes,Yes,Bollworm,Whitefly,Medium
KR_03465,2026-003-16,Pune,Shirur,16.67202,74.01073,Rice,Basmati,Fruiting,Black Soil,6.26,21.0,Stem Borer,Severe,72.3,Aphids,Pheromone Trap,8,22.8,76.4,33.0,6.2,37.4,Good,0.843,0.817,No,No,Leaf Miner,Thrips,Medium
KR_03466,2026-006-08,Pune,Baramati,20.92638,76.06578,Cotton,Bunny Bt,Seedling,Loamy,6.26,34.6,Early Blight,Severe,67.3,Aphids,Pheromone Trap,0,37.4,68.3,0.9,8.3,85.3,Good,0.914,0.958,Yes,No,Bollworm,Aphids,Medium
KR_03467,2026-001-02,Pune,Shirur,18.90452,78.40084,Cotton,Bunny Bt,Flowering,Loamy,6.49,36.9,Powdery Mildew,Mild,6.2,Stem Borer,Pheromone Trap,11,23.1,53.0,15.2,2.2,55.0,Good,0.797,0.491,Yes,Yes,Blast,Whitefly,Low
KR_03468,2026-002-18,Sangli,Kavathe Mahankal,17.95567,78.23021,Grapes,Thompson Seedless,Maturity,Loamy,6.84,32.0,Powdery Mildew,Mild,13.3,Fruit Fly,Light Trap,14,26.1,82.3,25.1,2.2,52.5,Good,0.752,0.948,Yes,No,Powdery Mildew,Thrips,Medium
KR_03469,2026-005-19,Satara,Karad,19.79263,74.60552,Tomato,Hybrid-T1,Maturity,Loamy,6.25,46.0,Healthy,Mild,2.7,Bollworm,Light Trap,13,34.8,96.8,27.8,7.5,80.5,Good,0.77,0.593,No,Yes,Early Blight,Fruit Fly,Medium
KR_03470,2026-003-20,Kolhapur,Shirol,16.02358,76.22215,Tomato,Abhinav,Fruiting,Sandy Loam,7.46,63.4,Leaf Mold,Moderate,39.7,Fruit Fly,Light Trap,10,25.9,36.3,20.1,3.2,64.2,Poor Framing,0.292,0.595,No,Yes,Bollworm,Leaf Miner,Medium
KR_03471,2026-004-01,Nashik,Dindori,18.5545,78.74946,Grapes,Sonaka,Fruiting,Sandy Loam,8.1,62.3,Early Blight,Severe,51.2,Fruit Fly,Light Trap,7,29.6,41.8,43.2,2.7,28.4,Too Bright,0.461,0.628,Yes,Yes,Leaf Spot,Stem Borer,Medium
KR_03472,2026-001-13,Sangli,Kavathe Mahankal,16.62912,73.12288,Tomato,Hybrid-T1,Flowering,Black Soil,6.54,20.6,Blast,Mild,19.7,Leaf Miner,Light Trap,1,23.8,83.0,0.8,4.2,76.6,Good,0.791,0.527,Yes,Yes,Stem Borer,Aphids,Medium
KR_03473,2026-005-11,Sangli,Miraj,18.11813,74.08661,Tomato,Abhinav,Seedling,Sandy Loam,6.35,29.2,Downy Mildew,Mild,16.4,Whitefly,Sticky Trap,11,33.5,75.7,7.9,4.0,52.9,Good,0.849,0.672,Yes,Yes,Blast,Stem Borer,Medium
KR_03474,2026-002-25,Satara,Wai,19.37732,73.10978,Tomato,Arka Rakshak,Seedling,Loamy,6.35,42.0,Thrips,Mild,10.5,Aphids,Light Trap,10,24.8,73.3,13.4,21.3,69.0,Good,0.901,0.518,Yes,Yes,Leaf Mold,Fruit Fly,Medium
KR_03475,2026-003-12,Sangli,Miraj,18.59567,79.45414,Grapes,Thompson Seedless,Vegetative,Black Soil,7.26,26.8,Downy Mildew,Moderate,24.3,Bollworm,Sticky Trap,6,35.0,60.6,6.4,2.2,67.2,Too Bright,0.305,0.831,Yes,Yes,Early Blight,Thrips,Medium
KR_03476,2026-002-17,Sangli,Kavathe Mahankal,20.18401,78.13855,Soybean,MACS-1188,Seedling,Black Soil,6.25,55.9,Late Blight,Moderate,36.7,Thrips,Light Trap,5,35.2,64.1,22.9,20.2,70.5,Good,0.804,0.881,Yes,No,Downy Mildew,Bollworm,Medium
KR_03477,2026-002-01,Ahmednagar,Sangamner,17.9336,76.89839,Soybean,MACS-1188,Flowering,Sandy Loam,6.01,58.8,Leaf Spot,Severe,55.1,Aphids,Pheromone Trap,0,20.6,39.6,2.5,13.6,73.9,Too Bright,0.465,0.876,No,Yes,Leaf Spot,Aphids,Medium
KR_03478,2026-008-28,Pune,Daund,20.3411,78.09843,Tomato,Hybrid-T1,Vegetative,Loamy,7.7,62.4,Leaf Mold,Mild,11.2,Thrips,Pheromone Trap,0,24.2,78.4,25.0,16.4,34.6,Poor Framing,0.277,0.816,Yes,Yes,Downy Mildew,Whitefly,Medium
KR_03479,2026-002-02,Solapur,Mangalwedhe,18.53464,79.2582,Potato,Kufri Jyoti,Vegetative,Black Soil,6.02,71.5,Bollworm,Moderate,22.6,Bollworm,Pheromone Trap,15,18.8,93.0,38.0,8.2,81.8,Blurry,0.534,0.664,No,Yes,Downy Mildew,Bollworm,Medium
KR_03480,2026-002-17,Nanded,Loha,20.19275,77.10798,Tomato,Arka Rakshak,Vegetative,Clay Loam,6.07,29.4,Leaf Spot,Severe,68.4,Bollworm,Light Trap,2,23.5,84.1,32.0,12.7,76.0,Good,0.859,0.91,Yes,No,Blast,Bollworm,High
KR_03481,2026-005-18,Kolhapur,Karveer,20.58009,73.04575,Rice,Indrayani,Fruiting,Sandy Loam,7.64,39.4,Leaf Mold,Mild,9.9,Aphids,Pheromone Trap,10,22.6,50.3,29.2,20.3,50.3,Poor Framing,0.326,0.668,Yes,Yes,Blast,Whitefly,Low
KR_03482,2026-003-25,Ahmednagar,Sangamner,19.76351,73.46718,Potato,Kufri Jyoti,Flowering,Clay Loam,7.86,73.5,Powdery Mildew,Mild,15.4,Whitefly,Sticky Trap,9,23.4,42.1,34.9,13.3,40.4,Good,0.807,0.91,No,No,Early Blight,Fruit Fly,Medium
KR_03483,2026-004-09,Kolhapur,Karveer,16.94663,78.40435,Potato,Local-P1,Seedling,Sandy Loam,8.19,26.1,Powdery Mildew,Mild,19.8,Thrips,Pheromone Trap,13,34.8,51.2,39.4,6.1,70.0,Too Bright,0.241,0.497,No,Yes,Bollworm,Aphids,Medium
KR_03484,2026-006-10,Satara,Phaltan,21.22948,75.82509,Potato,Kufri Jyoti,Maturity,Sandy Loam,6.11,60.5,Bollworm,Severe,71.6,Fruit Fly,Pheromone Trap,6,21.3,93.7,1.3,13.5,56.0,Too Dark,0.437,0.82,Yes,Yes,Powdery Mildew,Fruit Fly,High
KR_03485,2026-008-13,Satara,Karad,19.97928,73.02484,Potato,Local-P1,Fruiting,Loamy,7.58,64.9,Healthy,Mild,2.5,Bollworm,Pheromone Trap,0,30.8,85.8,8.0,12.5,46.7,Good,0.865,0.683,Yes,Yes,Powdery Mildew,Aphids,Medium
KR_03486,2026-008-13,Solapur,Malshiras,19.32376,77.66386,Cotton,RCH-659,Maturity,Sandy Loam,7.9,45.0,Stem Borer,Moderate,43.9,Aphids,Light Trap,4,24.9,96.0,15.5,17.5,36.4,Good,0.765,0.75,Yes,No,Downy Mildew,Fruit Fly,High
KR_03487,2026-003-28,Solapur,Mangalwedhe,18.73452,73.90946,Potato,Kufri Pukhraj,Vegetative,Sandy Loam,7.11,72.7,Blast,Severe,77.2,Fruit Fly,Pheromone Trap,2,25.1,74.8,26.4,8.6,52.9,Too Bright,0.451,0.671,Yes,Yes,Brown Spot,Aphids,Medium
KR_03488,2026-002-10,Nashik,Dindori,17.37501,73.16588,Soybean,JS-335,Vegetative,Clay Loam,6.67,46.2,Early Blight,Moderate,21.3,Stem Borer,Sticky Trap,1,37.2,36.1,38.9,13.0,23.8,Good,0.966,0.693,Yes,Yes,Late Blight,Bollworm,Medium
KR_03489,2026-001-07,Ahmednagar,Rahata,19.74081,73.29542,Grapes,Sharad Seedless,Seedling,Clay Loam,6.16,37.4,Blast,Mild,17.3,Whitefly,Light Trap,6,27.1,39.9,24.8,18.1,31.1,Poor Framing,0.538,0.59,Yes,Yes,Bacterial Blight,Aphids,Medium
KR_03490,2026-006-17,Sangli,Kavathe Mahankal,17.89601,73.45541,Potato,Kufri Pukhraj,Maturity,Sandy Loam,6.01,63.6,Powdery Mildew,Severe,78.8,Whitefly,Pheromone Trap,0,22.5,77.5,41.3,9.5,65.3,Good,0.974,0.582,Yes,Yes,Leaf Mold,Aphids,Medium
KR_03491,2026-003-14,Solapur,Malshiras,19.67543,75.45364,Grapes,Sonaka,Fruiting,Sandy Loam,6.85,23.1,Late Blight,Severe,78.5,Aphids,Light Trap,5,25.5,46.6,27.7,10.3,29.6,Blurry,0.492,0.736,No,Yes,Early Blight,Fruit Fly,Medium
KR_03492,2026-007-08,Satara,Phaltan,20.93893,73.36927,Soybean,JS-335,Maturity,Clay Loam,6.59,43.3,Healthy,Mild,0.1,Bollworm,Sticky Trap,2,33.7,55.2,27.6,5.0,83.0,Good,0.758,0.746,Yes,Yes,Brown Spot,Aphids,Low
KR_03493,2026-007-16,Pune,Indapur,18.77206,79.33375,Potato,Local-P1,Flowering,Clay Loam,6.18,24.6,Early Blight,Mild,18.2,Thrips,Light Trap,2,29.2,50.3,24.8,6.7,58.3,Blurry,0.534,0.708,Yes,Yes,Leaf Spot,Thrips,Medium
KR_03494,2026-001-22,Nanded,Hadgaon,18.42335,74.74148,Tomato,Hybrid-T1,Maturity,Loamy,6.57,47.1,Leaf Spot,Moderate,28.2,Stem Borer,Sticky Trap,11,36.2,92.3,43.9,20.1,40.1,Good,0.77,0.894,No,No,Rust,Stem Borer,Medium
KR_03495,2026-002-26,Solapur,Akkalkot,17.92771,75.43335,Tomato,Arka Rakshak,Maturity,Clay Loam,7.52,38.1,Thrips,Mild,17.9,Fruit Fly,Light Trap,1,19.9,40.9,5.8,2.6,67.2,Poor Framing,0.584,0.973,No,Yes,Stem Borer,Aphids,Medium
KR_03496,2026-007-28,Satara,Koregaon,21.13815,74.95474,Rice,Basmati,Flowering,Clay Loam,6.19,32.6,Blast,Moderate,47.9,Aphids,Sticky Trap,6,18.1,68.6,43.2,9.3,27.7,Blurry,0.436,0.697,Yes,Yes,Thrips,Whitefly,Medium
KR_03497,2026-008-25,Ahmednagar,Shrigonda,18.37061,79.18652,Potato,Kufri Jyoti,Seedling,Sandy Loam,7.38,25.9,Rust,Moderate,43.1,Whitefly,Pheromone Trap,0,37.0,36.3,31.0,17.5,39.3,Too Dark,0.296,0.507,Yes,Yes,Leaf Mold,Leaf Miner,Medium
KR_03498,2026-007-26,Solapur,Mangalwedhe,16.14388,77.41573,Grapes,Thompson Seedless,Fruiting,Clay Loam,7.17,40.9,Bacterial Blight,Severe,61.2,Aphids,Pheromone Trap,7,27.6,86.6,41.6,18.6,68.4,Poor Framing,0.353,0.853,No,Yes,Rust,Leaf Miner,High
KR_03499,2026-008-05,Kolhapur,Hatkanangale,20.5078,78.53942,Grapes,Sonaka,Maturity,Black Soil,6.9,35.1,Leaf Mold,Mild,5.6,Thrips,Pheromone Trap,7,21.1,71.8,29.8,16.2,48.4,Good,0.84,0.487,Yes,Yes,Bacterial Blight,Stem Borer,Medium
KR_03500,2026-006-03,Sangli,Miraj,21.2195,75.88284,Grapes,Sharad Seedless,Fruiting,Black Soil,8.01,41.0,Bollworm,Severe,62.0,Bollworm,Pheromone Trap,12,32.1,35.2,31.2,2.1,33.5,Too Bright,0.412,0.892,Yes,Yes,Downy Mildew,Aphids,Medium
KR_03501,2026-002-17,Nanded,Hadgaon,17.28774,75.52617,Tomato,Arka Rakshak,Maturity,Loamy,6.54,30.5,Bacterial Blight,Severe,67.1,Fruit Fly,Pheromone Trap,2,20.5,60.4,32.1,5.3,87.1,Good,0.901,0.829,Yes,No,Stem Borer,Whitefly,Medium
KR_03502,2026-006-10,Nashik,Dindori,20.86897,77.86587,Tomato,Hybrid-T1,Flowering,Sandy Loam,6.08,36.6,Leaf Mold,Severe,57.6,Aphids,Sticky Trap,4,30.4,66.6,11.6,19.6,59.5,Good,0.973,0.487,Yes,Yes,Rust,Stem Borer,Medium
KR_03503,2026-001-15,Nanded,Deglur,20.71448,76.83142,Soybean,MAUS-71,Vegetative,Black Soil,7.11,56.5,Leaf Spot,Moderate,21.7,Fruit Fly,Light Trap,5,26.1,52.4,13.7,7.7,25.4,Good,0.963,0.707,Yes,Yes,Leaf Mold,Whitefly,Medium
KR_03504,2026-005-21,Pune,Indapur,19.4641,75.90993,Grapes,Sharad Seedless,Seedling,Clay Loam,7.01,50.2,Brown Spot,Severe,64.0,Whitefly,Light Trap,3,36.2,96.7,19.5,9.8,74.1,Blurry,0.381,0.597,No,Yes,Stem Borer,Aphids,High
KR_03505,2026-002-24,Solapur,Malshiras,19.23682,76.40944,Grapes,Sonaka,Seedling,Black Soil,6.98,31.0,Rust,Severe,75.0,Aphids,Pheromone Trap,0,23.1,61.3,10.8,7.5,48.5,Too Bright,0.481,0.796,No,Yes,Rust,Aphids,Medium
KR_03506,2026-001-05,Satara,Phaltan,16.85013,76.26782,Cotton,RCH-659,Flowering,Clay Loam,7.78,66.7,Leaf Spot,Moderate,25.3,Stem Borer,Sticky Trap,2,31.3,90.2,9.3,2.9,54.1,Good,0.768,0.586,Yes,Yes,Powdery Mildew,Leaf Miner,Medium
KR_03507,2026-001-19,Ahmednagar,Shrigonda,20.65477,75.01736,Grapes,Sonaka,Seedling,Sandy Loam,7.38,18.8,Rust,Severe,83.5,Fruit Fly,Light Trap,5,29.0,89.4,4.3,19.0,38.9,Too Dark,0.396,0.865,Yes,Yes,Powdery Mildew,Aphids,High
KR_03508,2026-005-25,Ahmednagar,Shrigonda,18.95152,77.37648,Soybean,MACS-1188,Vegetative,Loamy,6.09,32.4,Bacterial Blight,Mild,7.7,Stem Borer,Pheromone Trap,2,19.2,70.2,32.4,13.7,69.1,Too Dark,0.644,0.947,Yes,Yes,Powdery Mildew,Fruit Fly,Medium
KR_03509,2026-004-11,Solapur,Malshiras,21.1947,78.24401,Rice,Phule Samruddhi,Maturity,Clay Loam,7.3,21.1,Rust,Moderate,26.2,Fruit Fly,Pheromone Trap,5,36.3,61.4,28.8,2.2,40.1,Good,0.88,0.986,No,No,Thrips,Aphids,Medium
KR_03510,2026-003-27,Nanded,Hadgaon,18.23676,77.30849,Tomato,Abhinav,Seedling,Loamy,7.88,67.7,Powdery Mildew,Mild,13.8,Leaf Miner,Pheromone Trap,15,21.7,96.8,23.3,4.6,56.9,Good,0.767,0.827,No,No,Late Blight,Aphids,Medium
KR_03511,2026-007-23,Solapur,Mangalwedhe,20.03986,77.26391,Cotton,Bt Cotton,Seedling,Black Soil,6.84,36.9,Downy Mildew,Moderate,34.7,Stem Borer,Light Trap,4,29.5,84.9,20.9,3.4,41.7,Good,0.813,0.912,No,No,Downy Mildew,Thrips,Medium
KR_03512,2026-006-20,Kolhapur,Karveer,19.45833,74.16059,Soybean,JS-335,Fruiting,Black Soil,7.64,55.7,Late Blight,Moderate,41.9,Leaf Miner,Sticky Trap,5,35.5,69.1,37.6,18.0,52.5,Good,0.85,0.905,Yes,No,Downy Mildew,Stem Borer,Medium
KR_03513,2026-004-05,Pune,Indapur,16.624,73.47854,Soybean,MACS-1188,Seedling,Clay Loam,7.58,61.4,Rust,Severe,52.6,Leaf Miner,Pheromone Trap,6,36.2,51.7,8.1,20.6,74.9,Good,0.944,0.885,Yes,No,Rust,Bollworm,Medium
KR_03514,2026-007-14,Nanded,Loha,18.33965,78.89866,Cotton,RCH-659,Maturity,Clay Loam,6.54,41.7,Brown Spot,Moderate,41.8,Whitefly,Pheromone Trap,0,19.9,52.2,8.6,10.5,39.0,Good,0.933,0.682,No,Yes,Late Blight,Leaf Miner,Medium
KR_03515,2026-002-17,Kolhapur,Hatkanangale,16.25577,76.73474,Grapes,Sonaka,Maturity,Loamy,6.55,51.1,Rust,Severe,77.0,Thrips,Pheromone Trap,3,36.3,51.2,23.8,2.9,68.3,Too Dark,0.505,0.899,No,Yes,Late Blight,Thrips,Medium
KR_03516,2026-007-18,Sangli,Jat,18.14235,75.50277,Soybean,MACS-1188,Flowering,Loamy,7.25,53.1,Leaf Spot,Moderate,38.2,Stem Borer,Sticky Trap,3,23.4,70.2,31.3,14.8,34.1,Good,0.902,0.623,Yes,Yes,Late Blight,Thrips,Medium
KR_03517,2026-008-04,Kolhapur,Hatkanangale,18.7244,73.82858,Potato,Kufri Pukhraj,Fruiting,Loamy,7.64,39.3,Rust,Mild,12.8,Aphids,Pheromone Trap,0,34.2,85.8,38.6,4.7,61.4,Good,0.766,0.856,Yes,No,Bacterial Blight,Aphids,Medium
KR_03518,2026-003-13,Nashik,Sinnar,20.11612,74.37684,Potato,Kufri Jyoti,Maturity,Clay Loam,8.03,26.4,Brown Spot,Moderate,27.2,Fruit Fly,Pheromone Trap,10,27.9,79.1,33.0,20.4,54.9,Good,0.803,0.642,No,Yes,Late Blight,Whitefly,Medium
KR_03519,2026-001-24,Pune,Baramati,18.62857,74.72261,Grapes,Sharad Seedless,Fruiting,Clay Loam,8.2,38.9,Thrips,Moderate,31.7,Aphids,Light Trap,12,32.5,51.8,15.9,12.6,76.6,Too Dark,0.615,0.779,Yes,Yes,Leaf Miner,Aphids,Medium
KR_03520,2026-008-19,Kolhapur,Karveer,20.37252,74.35421,Rice,Phule Samruddhi,Vegetative,Clay Loam,7.28,32.1,Leaf Spot,Moderate,39.9,Leaf Miner,Pheromone Trap,15,22.8,96.6,29.8,4.2,63.1,Too Dark,0.509,0.836,Yes,Yes,Leaf Mold,Stem Borer,Medium
KR_03521,2026-002-26,Solapur,Akkalkot,19.91234,76.05071,Cotton,RCH-659,Flowering,Loamy,6.6,41.6,Powdery Mildew,Mild,5.3,Thrips,Pheromone Trap,0,37.9,72.8,14.8,8.8,22.5,Good,0.93,0.818,Yes,No,Blast,Fruit Fly,Medium
KR_03522,2026-003-09,Ahmednagar,Sangamner,17.91955,76.23058,Soybean,MAUS-71,Maturity,Sandy Loam,7.92,21.3,Bollworm,Severe,68.9,Stem Borer,Pheromone Trap,0,26.7,58.6,17.7,15.4,86.7,Too Dark,0.558,0.521,Yes,Yes,Leaf Spot,Fruit Fly,Medium
KR_03523,2026-005-09,Satara,Karad,19.57621,78.59574,Potato,Kufri Pukhraj,Seedling,Black Soil,7.18,18.3,Brown Spot,Mild,12.2,Whitefly,Sticky Trap,15,27.7,40.5,41.6,7.7,32.2,Blurry,0.467,0.475,No,Yes,Stem Borer,Leaf Miner,Low
KR_03524,2026-006-12,Nashik,Malegaon,20.48063,73.84071,Grapes,Sharad Seedless,Maturity,Clay Loam,6.79,30.3,Brown Spot,Severe,54.5,Stem Borer,Sticky Trap,8,36.8,81.3,9.3,15.5,35.1,Blurry,0.22,0.505,Yes,Yes,Blast,Aphids,High
KR_03525,2026-002-27,Pune,Baramati,17.20844,76.75091,Cotton,Bt Cotton,Seedling,Clay Loam,7.85,19.3,Rust,Severe,66.3,Fruit Fly,Light Trap,5,29.9,51.4,32.2,6.3,90.0,Good,0.767,0.48,Yes,Yes,Rust,Whitefly,Medium
KR_03526,2026-003-07,Pune,Baramati,17.92585,79.277,Grapes,Sharad Seedless,Maturity,Loamy,6.39,64.1,Rust,Mild,9.0,Whitefly,Light Trap,10,36.2,96.1,39.2,6.2,42.2,Too Bright,0.378,0.586,Yes,Yes,Leaf Miner,Thrips,Medium
KR_03527,2026-002-01,Solapur,Pandharpur,16.15692,76.3876,Potato,Local-P1,Maturity,Sandy Loam,6.08,71.5,Rust,Moderate,35.4,Thrips,Pheromone Trap,0,22.0,62.9,30.3,21.5,80.2,Good,0.811,0.523,Yes,Yes,Blast,Aphids,Medium
KR_03528,2026-006-02,Nanded,Hadgaon,17.09957,74.79257,Potato,Kufri Pukhraj,Seedling,Sandy Loam,7.99,26.7,Blast,Severe,57.9,Whitefly,Pheromone Trap,4,25.8,94.4,14.2,10.1,74.6,Poor Framing,0.379,0.721,No,Yes,Leaf Miner,Aphids,High
KR_03529,2026-005-20,Sangli,Tasgaon,20.84212,77.90926,Grapes,Thompson Seedless,Fruiting,Sandy Loam,6.81,31.2,Downy Mildew,Mild,5.2,Fruit Fly,Sticky Trap,1,22.9,54.5,34.6,2.9,92.5,Poor Framing,0.529,0.924,Yes,Yes,Early Blight,Thrips,Low
KR_03530,2026-002-18,Kolhapur,Hatkanangale,16.30437,79.20039,Rice,Basmati,Vegetative,Loamy,7.04,63.2,Rust,Moderate,25.0,Whitefly,Sticky Trap,13,28.6,55.4,19.8,11.9,47.2,Good,0.85,0.629,Yes,Yes,Late Blight,Leaf Miner,Medium
KR_03531,2026-007-09,Pune,Baramati,17.8106,74.68869,Grapes,Sonaka,Fruiting,Black Soil,6.78,30.4,Rust,Severe,80.8,Bollworm,Light Trap,1,25.5,53.1,16.3,17.3,57.2,Good,0.846,0.639,No,Yes,Stem Borer,Leaf Miner,Medium
KR_03532,2026-007-14,Satara,Karad,19.79283,78.82303,Soybean,MAUS-71,Fruiting,Sandy Loam,6.31,74.2,Leaf Miner,Severe,76.0,Stem Borer,Light Trap,15,22.8,54.8,14.4,19.2,55.9,Good,0.895,0.507,Yes,Yes,Rust,Aphids,Medium
KR_03533,2026-003-07,Nashik,Niphad,16.99387,78.2508,Rice,Indrayani,Vegetative,Loamy,6.78,24.7,Leaf Mold,Severe,57.4,Bollworm,Pheromone Trap,0,29.4,87.1,30.6,19.2,83.7,Poor Framing,0.381,0.61,No,Yes,Rust,Leaf Miner,High
KR_03534,2026-004-11,Solapur,Mangalwedhe,20.24854,74.3504,Potato,Local-P1,Fruiting,Clay Loam,7.61,20.1,Blast,Severe,84.2,Fruit Fly,Sticky Trap,14,23.6,81.9,28.9,20.1,55.8,Good,0.95,0.666,Yes,Yes,Rust,Aphids,High
KR_03535,2026-004-13,Sangli,Tasgaon,19.44332,75.94728,Soybean,MAUS-71,Fruiting,Clay Loam,6.06,42.8,Stem Borer,Moderate,27.2,Fruit Fly,Sticky Trap,3,29.6,65.0,18.8,14.4,27.1,Good,0.99,0.581,Yes,Yes,Blast,Whitefly,Medium
KR_03536,2026-007-16,Sangli,Miraj,21.05092,77.97202,Grapes,Sharad Seedless,Vegetative,Black Soil,6.93,68.6,Thrips,Mild,12.0,Stem Borer,Pheromone Trap,0,23.1,70.2,32.0,3.8,37.9,Good,0.998,0.645,Yes,Yes,Leaf Spot,Bollworm,Medium
KR_03537,2026-003-01,Pune,Indapur,19.90816,74.10434,Grapes,Thompson Seedless,Flowering,Black Soil,6.11,34.1,Bacterial Blight,Moderate,29.4,Fruit Fly,Pheromone Trap,12,23.9,36.5,16.9,20.4,33.6,Too Dark,0.322,0.577,Yes,Yes,Thrips,Stem Borer,Medium
KR_03538,2026-008-16,Ahmednagar,Kopargaon,20.46704,76.17701,Tomato,Abhinav,Maturity,Loamy,7.15,26.7,Stem Borer,Severe,60.6,Leaf Miner,Pheromone Trap,0,19.7,76.2,28.2,5.2,87.1,Good,0.886,0.931,No,No,Blast,Aphids,Medium
KR_03539,2026-007-08,Nanded,Biloli,16.68188,74.4657,Soybean,MACS-1188,Flowering,Sandy Loam,6.57,29.6,Bacterial Blight,Severe,62.0,Bollworm,Sticky Trap,14,29.7,68.3,23.0,10.1,20.1,Good,0.969,0.7,No,Yes,Blast,Leaf Miner,Medium
KR_03540,2026-005-27,Pune,Shirur,18.15314,74.8993,Cotton,Bt Cotton,Vegetative,Black Soil,6.54,67.4,Late Blight,Moderate,33.9,Aphids,Pheromone Trap,0,37.7,85.5,41.0,11.8,61.7,Poor Framing,0.387,0.469,Yes,Yes,Early Blight,Whitefly,Medium
KR_03541,2026-004-26,Nashik,Dindori,18.38723,78.81017,Soybean,MACS-1188,Flowering,Clay Loam,6.83,58.1,Downy Mildew,Moderate,47.2,Bollworm,Pheromone Trap,0,26.7,42.5,7.6,4.1,66.0,Good,0.803,0.528,No,Yes,Rust,Bollworm,Medium
KR_03542,2026-004-10,Solapur,Akkalkot,16.88464,77.16893,Cotton,RCH-659,Fruiting,Loamy,7.33,26.7,Bacterial Blight,Mild,14.6,Thrips,Light Trap,7,26.8,58.5,10.0,12.8,55.4,Good,0.936,0.624,Yes,Yes,Leaf Mold,Aphids,Low
KR_03543,2026-006-20,Ahmednagar,Sangamner,19.37903,76.58782,Tomato,Hybrid-T1,Seedling,Clay Loam,7.92,49.0,Thrips,Severe,70.2,Fruit Fly,Light Trap,10,22.2,48.0,30.4,17.4,87.0,Too Bright,0.45,0.849,No,Yes,Leaf Mold,Thrips,Medium
KR_03544,2026-005-02,Kolhapur,Kagal,16.64833,78.24349,Cotton,RCH-659,Maturity,Clay Loam,6.83,48.8,Bollworm,Severe,50.9,Whitefly,Pheromone Trap,0,33.7,72.1,33.4,17.9,20.8,Too Dark,0.218,0.734,Yes,Yes,Blast,Bollworm,Medium
KR_03545,2026-001-19,Nanded,Biloli,19.12248,76.59507,Potato,Local-P1,Seedling,Black Soil,6.01,68.1,Rust,Severe,50.9,Aphids,Pheromone Trap,11,35.5,85.9,11.1,11.6,81.8,Too Dark,0.541,0.942,Yes,Yes,Leaf Spot,Stem Borer,High
KR_03546,2026-002-27,Ahmednagar,Kopargaon,19.24386,74.86669,Cotton,Bunny Bt,Vegetative,Loamy,7.89,26.9,Bollworm,Moderate,48.1,Whitefly,Pheromone Trap,0,28.9,42.6,22.2,5.3,56.4,Blurry,0.397,0.583,Yes,Yes,Powdery Mildew,Fruit Fly,Medium
KR_03547,2026-004-15,Nashik,Sinnar,20.43269,75.37056,Cotton,Bunny Bt,Vegetative,Black Soil,6.95,50.9,Leaf Spot,Mild,8.4,Whitefly,Sticky Trap,12,23.7,59.9,29.8,12.4,41.4,Blurry,0.25,0.539,No,Yes,Powdery Mildew,Thrips,Low
KR_03548,2026-007-09,Sangli,Miraj,16.28723,74.75591,Cotton,RCH-659,Fruiting,Loamy,7.94,68.0,Brown Spot,Mild,12.6,Thrips,Pheromone Trap,2,28.4,70.2,25.7,19.6,63.4,Too Dark,0.6,0.595,No,Yes,Bollworm,Leaf Miner,Medium
KR_03549,2026-007-09,Nashik,Sinnar,19.08169,73.95707,Soybean,MAUS-71,Seedling,Sandy Loam,6.48,19.6,Healthy,Mild,1.6,Bollworm,Pheromone Trap,0,24.6,46.5,41.4,16.8,25.3,Good,0.807,0.599,Yes,Yes,Leaf Miner,Thrips,Low
KR_03550,2026-002-11,Nanded,Loha,19.56736,75.69369,Soybean,MACS-1188,Seedling,Black Soil,7.75,35.2,Rust,Severe,67.0,Bollworm,Pheromone Trap,6,31.4,81.0,20.2,4.3,36.0,Too Bright,0.49,0.824,Yes,Yes,Leaf Spot,Aphids,High
KR_03551,2026-001-15,Pune,Shirur,16.31199,79.20996,Tomato,Arka Rakshak,Flowering,Sandy Loam,6.28,30.8,Early Blight,Severe,83.3,Stem Borer,Pheromone Trap,7,37.0,73.7,35.4,8.1,52.5,Good,0.899,0.88,Yes,No,Thrips,Thrips,Medium
KR_03552,2026-004-14,Satara,Wai,19.05275,79.32552,Rice,Indrayani,Seedling,Loamy,6.6,28.3,Powdery Mildew,Severe,53.3,Thrips,Pheromone Trap,0,31.0,62.1,21.4,4.9,45.5,Blurry,0.341,0.881,Yes,Yes,Leaf Mold,Aphids,Medium
KR_03553,2026-005-15,Kolhapur,Shirol,20.01275,78.18118,Grapes,Sonaka,Vegetative,Clay Loam,7.49,26.2,Powdery Mildew,Mild,6.9,Bollworm,Light Trap,3,33.1,83.5,37.2,5.0,92.2,Good,0.831,0.665,Yes,Yes,Bacterial Blight,Leaf Miner,Medium
KR_03554,2026-007-07,Nanded,Hadgaon,18.22088,75.12853,Tomato,Arka Rakshak,Vegetative,Clay Loam,6.96,72.6,Bacterial Blight,Severe,60.7,Fruit Fly,Pheromone Trap,0,24.5,65.6,39.8,3.7,61.9,Too Dark,0.616,0.902,Yes,Yes,Rust,Aphids,Medium
KR_03555,2026-003-16,Satara,Koregaon,17.14885,74.24645,Rice,Phule Samruddhi,Seedling,Clay Loam,7.71,59.3,Leaf Mold,Severe,75.1,Aphids,Pheromone Trap,5,31.8,46.6,0.5,15.8,38.3,Too Dark,0.29,0.685,Yes,Yes,Powdery Mildew,Leaf Miner,Medium
KR_03556,2026-007-24,Solapur,Akkalkot,21.00189,78.31107,Tomato,Hybrid-T1,Vegetative,Black Soil,7.61,28.2,Healthy,Mild,2.5,Bollworm,Light Trap,1,29.2,49.0,28.6,16.7,55.7,Poor Framing,0.505,0.883,No,Yes,Blast,Bollworm,Low
KR_03557,2026-007-20,Nashik,Niphad,18.75537,77.6311,Rice,Phule Samruddhi,Vegetative,Clay Loam,7.58,32.6,Leaf Spot,Severe,84.0,Aphids,Pheromone Trap,7,25.0,62.0,42.5,13.1,32.2,Too Bright,0.433,0.59,Yes,Yes,Bacterial Blight,Aphids,Medium
KR_03558,2026-007-02,Sangli,Miraj,17.38058,79.44097,Grapes,Sharad Seedless,Vegetative,Loamy,6.7,34.6,Stem Borer,Moderate,22.3,Fruit Fly,Sticky Trap,7,28.3,41.0,2.4,8.3,85.9,Blurry,0.26,0.474,Yes,Yes,Rust,Whitefly,Medium
KR_03559,2026-001-18,Satara,Karad,17.74191,78.69611,Grapes,Sonaka,Flowering,Loamy,7.05,54.8,Stem Borer,Mild,17.1,Thrips,Pheromone Trap,0,36.8,35.2,31.1,11.9,76.3,Too Dark,0.494,0.966,Yes,Yes,Stem Borer,Leaf Miner,Medium
KR_03560,2026-007-03,Nanded,Biloli,16.22619,77.67684,Soybean,MAUS-71,Flowering,Loamy,6.47,28.2,Early Blight,Mild,8.8,Whitefly,Light Trap,15,36.8,57.8,8.2,8.9,83.8,Good,0.962,0.802,Yes,No,Rust,Aphids,Low
KR_03561,2026-004-03,Ahmednagar,Rahata,19.98065,77.89895,Potato,Local-P1,Flowering,Loamy,7.69,53.3,Leaf Spot,Mild,5.3,Aphids,Pheromone Trap,0,36.1,89.3,5.6,20.0,32.9,Too Bright,0.366,0.68,Yes,Yes,Leaf Mold,Aphids,Medium
KR_03562,2026-005-04,Kolhapur,Shirol,17.66216,76.682,Tomato,Hybrid-T1,Fruiting,Sandy Loam,8.11,65.9,Thrips,Moderate,21.7,Aphids,Sticky Trap,15,31.9,60.8,43.5,19.0,28.9,Good,0.974,0.725,No,Yes,Rust,Fruit Fly,Medium
KR_03563,2026-008-20,Satara,Karad,17.2228,74.86489,Tomato,Hybrid-T1,Flowering,Sandy Loam,7.54,36.6,Bollworm,Severe,68.6,Aphids,Light Trap,15,34.3,45.9,17.6,5.1,58.5,Poor Framing,0.478,0.803,Yes,Yes,Early Blight,Fruit Fly,Medium
KR_03564,2026-006-06,Ahmednagar,Shrigonda,19.30296,77.80882,Tomato,Hybrid-T1,Flowering,Sandy Loam,7.33,36.5,Bollworm,Severe,81.7,Bollworm,Sticky Trap,10,24.0,93.2,26.7,6.6,65.9,Blurry,0.407,0.753,Yes,Yes,Rust,Bollworm,High
KR_03565,2026-006-02,Nanded,Biloli,17.22446,73.36783,Cotton,Bt Cotton,Fruiting,Loamy,7.92,43.7,Rust,Mild,19.5,Stem Borer,Pheromone Trap,0,19.3,50.5,28.6,13.9,40.8,Blurry,0.515,0.486,Yes,Yes,Early Blight,Leaf Miner,Medium
KR_03566,2026-003-01,Nanded,Biloli,20.84765,73.77253,Tomato,Hybrid-T1,Fruiting,Clay Loam,7.33,61.0,Healthy,Mild,0.0,Bollworm,Sticky Trap,11,21.3,44.1,41.3,15.3,74.2,Good,0.805,0.765,Yes,No,Downy Mildew,Bollworm,Low
KR_03567,2026-004-01,Sangli,Tasgaon,16.33864,77.91321,Tomato,Arka Rakshak,Vegetative,Loamy,7.53,37.0,Bollworm,Moderate,35.8,Whitefly,Sticky Trap,1,30.9,43.6,11.7,16.0,60.4,Too Bright,0.342,0.525,No,Yes,Late Blight,Aphids,Medium
KR_03568,2026-007-07,Ahmednagar,Shrigonda,17.76685,77.02414,Potato,Kufri Pukhraj,Seedling,Sandy Loam,6.73,64.6,Thrips,Severe,60.8,Leaf Miner,Pheromone Trap,0,23.9,59.2,28.6,6.4,23.3,Good,0.922,0.639,Yes,Yes,Bollworm,Thrips,Medium
KR_03569,2026-005-16,Sangli,Jat,17.5284,78.96049,Rice,Indrayani,Fruiting,Clay Loam,6.98,67.7,Downy Mildew,Mild,8.7,Thrips,Pheromone Trap,0,35.1,76.1,4.8,8.4,53.0,Good,0.773,0.738,No,Yes,Brown Spot,Thrips,Medium
KR_03570,2026-004-11,Nashik,Dindori,18.11133,79.36784,Rice,Basmati,Seedling,Clay Loam,7.97,37.5,Powdery Mildew,Mild,12.8,Thrips,Pheromone Trap,12,28.8,72.3,9.5,12.8,86.7,Good,0.966,0.502,No,Yes,Bollworm,Aphids,Medium
KR_03571,2026-006-07,Kolhapur,Kagal,17.77148,79.44642,Cotton,Bunny Bt,Flowering,Clay Loam,7.13,62.6,Leaf Miner,Mild,7.8,Stem Borer,Pheromone Trap,5,27.7,95.8,26.3,13.0,56.1,Too Dark,0.602,0.804,Yes,Yes,Leaf Mold,Leaf Miner,Medium
KR_03572,2026-001-10,Pune,Shirur,19.81965,76.58793,Tomato,Arka Rakshak,Vegetative,Sandy Loam,7.32,64.6,Bacterial Blight,Mild,10.7,Thrips,Pheromone Trap,5,28.1,76.8,29.0,4.3,71.6,Good,0.936,0.987,Yes,No,Powdery Mildew,Aphids,Medium
KR_03573,2026-006-24,Pune,Baramati,21.02858,77.76652,Potato,Kufri Jyoti,Vegetative,Black Soil,7.0,18.9,Healthy,Mild,1.9,Bollworm,Light Trap,4,22.4,68.4,4.1,15.2,37.9,Poor Framing,0.65,0.772,No,Yes,Leaf Mold,Whitefly,Medium
KR_03574,2026-004-22,Pune,Daund,17.88146,75.37908,Rice,Phule Samruddhi,Seedling,Clay Loam,7.6,41.7,Stem Borer,Severe,61.5,Leaf Miner,Pheromone Trap,4,36.6,36.6,25.8,20.4,80.7,Good,0.791,0.958,Yes,No,Powdery Mildew,Thrips,Medium
KR_03575,2026-006-21,Pune,Indapur,17.56816,79.42121,Potato,Local-P1,Vegetative,Clay Loam,6.75,51.1,Blast,Severe,52.0,Thrips,Sticky Trap,8,32.6,83.1,34.2,15.0,92.4,Too Bright,0.275,0.543,Yes,Yes,Powdery Mildew,Whitefly,High
KR_03576,2026-001-18,Ahmednagar,Rahata,18.27141,73.08608,Tomato,Arka Rakshak,Seedling,Clay Loam,6.2,68.0,Brown Spot,Mild,17.1,Aphids,Light Trap,9,29.6,56.6,2.9,7.3,87.2,Good,0.93,0.716,Yes,Yes,Downy Mildew,Whitefly,Medium
KR_03577,2026-006-26,Pune,Shirur,20.10274,77.40391,Potato,Kufri Jyoti,Fruiting,Loamy,7.39,44.0,Brown Spot,Mild,17.1,Leaf Miner,Light Trap,4,27.6,77.5,8.3,6.0,80.9,Good,0.823,0.731,No,Yes,Rust,Aphids,Medium
KR_03578,2026-007-15,Pune,Baramati,18.22312,75.88452,Cotton,Bt Cotton,Fruiting,Black Soil,6.07,74.4,Rust,Severe,81.0,Fruit Fly,Pheromone Trap,4,22.4,72.2,4.1,6.0,79.9,Good,0.944,0.709,Yes,Yes,Brown Spot,Whitefly,Medium
KR_03579,2026-004-20,Ahmednagar,Kopargaon,20.73902,77.74957,Cotton,RCH-659,Maturity,Clay Loam,7.25,16.0,Bollworm,Mild,7.4,Whitefly,Pheromone Trap,0,29.0,40.3,24.4,6.6,76.9,Blurry,0.51,0.478,Yes,Yes,Late Blight,Aphids,Low
KR_03580,2026-007-18,Nanded,Biloli,21.40292,77.79565,Rice,Phule Samruddhi,Vegetative,Black Soil,8.03,34.2,Early Blight,Severe,51.2,Aphids,Light Trap,3,33.8,77.1,37.0,4.8,51.6,Poor Framing,0.605,0.868,Yes,Yes,Leaf Spot,Stem Borer,Medium
KR_03581,2026-006-07,Sangli,Kavathe Mahankal,19.99538,76.90585,Rice,Indrayani,Fruiting,Black Soil,6.55,21.5,Stem Borer,Moderate,41.9,Leaf Miner,Pheromone Trap,0,19.9,97.6,37.3,10.7,91.6,Blurry,0.242,0.577,Yes,Yes,Bacterial Blight,Aphids,High
KR_03582,2026-004-14,Ahmednagar,Sangamner,18.3696,75.84726,Grapes,Sonaka,Vegetative,Clay Loam,6.45,46.2,Bacterial Blight,Severe,52.0,Stem Borer,Pheromone Trap,10,23.8,88.8,26.9,5.0,31.7,Good,0.752,0.752,Yes,No,Bollworm,Aphids,High
KR_03583,2026-004-26,Sangli,Kavathe Mahankal,16.43841,76.3398,Grapes,Sharad Seedless,Flowering,Black Soil,7.57,56.5,Bacterial Blight,Severe,73.9,Aphids,Pheromone Trap,0,35.0,87.3,8.9,2.6,29.3,Too Dark,0.481,0.917,No,Yes,Leaf Miner,Stem Borer,High
KR_03584,2026-001-26,Sangli,Jat,19.55431,73.30373,Soybean,MAUS-71,Maturity,Loamy,7.66,49.9,Healthy,Mild,3.2,Bollworm,Pheromone Trap,0,34.3,61.5,35.5,3.6,86.7,Good,0.933,0.683,No,Yes,Powdery Mildew,Whitefly,Medium
KR_03585,2026-006-12,Sangli,Jat,17.66309,74.99836,Soybean,MAUS-71,Flowering,Black Soil,8.11,18.3,Powdery Mildew,Moderate,44.9,Stem Borer,Pheromone Trap,13,36.4,48.0,15.0,7.8,52.3,Good,0.911,0.452,Yes,Yes,Late Blight,Thrips,Medium
KR_03586,2026-006-03,Satara,Koregaon,17.63612,77.51104,Rice,Basmati,Vegetative,Clay Loam,6.18,55.5,Blast,Severe,84.8,Bollworm,Light Trap,3,29.0,62.3,1.3,6.4,59.9,Too Bright,0.346,0.799,No,Yes,Blast,Aphids,Medium
KR_03587,2026-008-23,Solapur,Malshiras,16.64314,78.32235,Soybean,MAUS-71,Vegetative,Black Soil,7.65,32.1,Healthy,Mild,1.6,Bollworm,Pheromone Trap,0,30.6,66.8,5.7,12.5,43.5,Good,0.867,0.692,No,Yes,Bacterial Blight,Aphids,Medium
KR_03588,2026-006-11,Pune,Indapur,18.31528,75.23462,Rice,Basmati,Flowering,Sandy Loam,6.32,34.6,Blast,Mild,15.5,Thrips,Light Trap,15,25.6,93.1,34.8,20.7,22.5,Too Dark,0.495,0.821,No,Yes,Bollworm,Fruit Fly,Medium
KR_03589,2026-002-10,Satara,Phaltan,21.01583,78.51384,Rice,Indrayani,Flowering,Clay Loam,6.89,26.5,Powdery Mildew,Moderate,39.8,Leaf Miner,Pheromone Trap,0,23.4,78.0,22.6,19.8,88.1,Blurry,0.597,0.696,Yes,Yes,Stem Borer,Leaf Miner,Medium
KR_03590,2026-007-10,Satara,Koregaon,19.54991,76.78186,Grapes,Sonaka,Seedling,Sandy Loam,7.76,72.5,Downy Mildew,Moderate,29.5,Aphids,Pheromone Trap,11,28.4,86.2,3.6,12.6,27.9,Good,0.817,0.74,No,Yes,Stem Borer,Whitefly,Medium
KR_03591,2026-007-05,Sangli,Jat,19.7006,73.75933,Grapes,Thompson Seedless,Maturity,Black Soil,7.03,68.8,Downy Mildew,Mild,13.3,Leaf Miner,Pheromone Trap,0,27.5,52.9,37.4,10.2,90.4,Good,0.806,0.559,Yes,Yes,Brown Spot,Fruit Fly,Low
KR_03592,2026-006-04,Satara,Phaltan,17.04321,75.20521,Grapes,Thompson Seedless,Fruiting,Loamy,7.48,54.6,Bacterial Blight,Moderate,36.0,Stem Borer,Pheromone Trap,0,31.5,79.0,41.1,16.9,75.5,Good,0.922,0.477,Yes,Yes,Powdery Mildew,Bollworm,Medium
KR_03593,2026-004-08,Sangli,Tasgaon,17.10233,78.82805,Tomato,Hybrid-T1,Vegetative,Loamy,7.17,73.6,Early Blight,Severe,71.4,Whitefly,Pheromone Trap,7,28.9,79.1,22.8,11.5,29.1,Good,0.862,0.57,No,Yes,Bollworm,Fruit Fly,Medium
KR_03594,2026-004-28,Solapur,Pandharpur,18.31524,76.94325,Grapes,Thompson Seedless,Flowering,Black Soil,7.83,71.5,Leaf Miner,Moderate,26.0,Aphids,Pheromone Trap,0,19.1,61.0,24.9,21.8,55.6,Good,0.918,0.532,Yes,Yes,Leaf Spot,Aphids,Medium
KR_03595,2026-003-01,Satara,Koregaon,16.47153,73.43115,Soybean,MACS-1188,Maturity,Sandy Loam,6.64,24.2,Leaf Miner,Severe,77.9,Fruit Fly,Pheromone Trap,7,32.0,53.2,19.1,13.5,67.7,Blurry,0.515,0.49,Yes,Yes,Brown Spot,Aphids,Medium
KR_03596,2026-001-26,Ahmednagar,Kopargaon,16.03717,76.28034,Rice,Phule Samruddhi,Maturity,Sandy Loam,7.4,62.6,Powdery Mildew,Severe,53.8,Leaf Miner,Pheromone Trap,12,29.1,42.3,9.1,9.9,25.6,Good,0.933,0.932,Yes,No,Leaf Spot,Bollworm,Medium
KR_03597,2026-003-18,Satara,Wai,16.97323,73.26711,Grapes,Sharad Seedless,Seedling,Loamy,6.31,65.0,Powdery Mildew,Moderate,40.8,Whitefly,Sticky Trap,5,24.3,62.3,3.7,8.7,83.4,Good,0.807,0.558,Yes,Yes,Brown Spot,Stem Borer,Medium
KR_03598,2026-006-25,Nanded,Biloli,17.26272,73.13981,Grapes,Sonaka,Fruiting,Clay Loam,6.47,45.0,Rust,Moderate,44.0,Whitefly,Pheromone Trap,0,21.0,94.5,15.9,21.4,68.5,Poor Framing,0.236,0.512,Yes,Yes,Stem Borer,Whitefly,High
KR_03599,2026-001-13,Kolhapur,Karveer,21.08474,73.38662,Grapes,Sonaka,Seedling,Clay Loam,6.11,28.9,Rust,Moderate,37.8,Bollworm,Sticky Trap,4,25.0,85.8,25.8,18.0,20.8,Good,0.799,0.665,Yes,Yes,Brown Spot,Fruit Fly,Medium
KR_03600,2026-006-10,Satara,Phaltan,18.70148,78.72107,Potato,Kufri Pukhraj,Maturity,Sandy Loam,6.99,55.9,Thrips,Mild,9.5,Leaf Miner,Pheromone Trap,0,26.0,94.7,44.3,16.0,47.1,Poor Framing,0.614,0.913,Yes,Yes,Rust,Aphids,Medium
KR_03601,2026-002-01,Kolhapur,Shirol,21.19426,77.82471,Soybean,MAUS-71,Fruiting,Black Soil,8.15,24.9,Leaf Spot,Moderate,32.2,Thrips,Light Trap,3,27.1,92.5,12.2,14.5,34.9,Good,0.763,0.682,Yes,Yes,Blast,Aphids,Medium
KR_03602,2026-001-23,Satara,Karad,20.07004,74.74902,Rice,Basmati,Maturity,Sandy Loam,7.82,55.4,Late Blight,Mild,6.5,Stem Borer,Pheromone Trap,5,30.3,37.2,36.7,9.6,50.8,Good,0.865,0.754,No,No,Brown Spot,Aphids,Low
KR_03603,2026-002-13,Solapur,Mangalwedhe,20.37745,77.83555,Potato,Local-P1,Fruiting,Black Soil,6.33,58.6,Stem Borer,Mild,7.1,Leaf Miner,Sticky Trap,13,25.3,43.1,28.5,8.0,73.2,Too Dark,0.488,0.479,Yes,Yes,Leaf Spot,Whitefly,Low
KR_03604,2026-006-13,Sangli,Kavathe Mahankal,20.30311,73.98369,Tomato,Hybrid-T1,Seedling,Loamy,6.32,27.2,Stem Borer,Moderate,22.4,Thrips,Sticky Trap,1,30.0,83.1,13.9,9.7,71.6,Good,0.785,0.666,No,Yes,Leaf Miner,Bollworm,Medium
KR_03605,2026-002-24,Nanded,Hadgaon,21.39476,79.02704,Cotton,Bt Cotton,Fruiting,Loamy,6.92,68.9,Stem Borer,Mild,9.1,Leaf Miner,Light Trap,8,32.7,80.2,39.2,2.7,88.9,Good,0.986,0.643,Yes,Yes,Blast,Leaf Miner,Medium
KR_03606,2026-002-28,Nashik,Niphad,20.82135,73.44467,Grapes,Sharad Seedless,Seedling,Loamy,7.89,69.1,Blast,Severe,77.3,Stem Borer,Light Trap,14,23.9,50.8,35.8,17.5,89.0,Blurry,0.298,0.75,Yes,Yes,Downy Mildew,Fruit Fly,Medium
KR_03607,2026-004-05,Pune,Baramati,19.3243,75.53654,Potato,Local-P1,Seedling,Sandy Loam,7.31,53.5,Early Blight,Severe,68.9,Fruit Fly,Sticky Trap,5,18.4,46.5,28.2,12.1,32.3,Good,0.883,0.729,Yes,Yes,Stem Borer,Aphids,Medium
KR_03608,2026-005-08,Pune,Daund,19.72498,76.41738,Rice,Phule Samruddhi,Fruiting,Clay Loam,6.38,53.5,Late Blight,Mild,17.2,Stem Borer,Pheromone Trap,9,18.0,66.7,11.5,9.9,52.8,Good,0.761,0.631,Yes,Yes,Brown Spot,Leaf Miner,Medium
KR_03609,2026-007-20,Nanded,Biloli,17.14247,77.61409,Rice,Indrayani,Flowering,Sandy Loam,6.61,22.5,Rust,Mild,7.6,Thrips,Pheromone Trap,0,36.5,86.4,8.5,2.2,40.7,Good,0.751,0.631,No,Yes,Leaf Mold,Stem Borer,Medium
KR_03610,2026-003-10,Nashik,Niphad,20.36329,74.93501,Tomato,Hybrid-T1,Fruiting,Clay Loam,6.11,60.4,Stem Borer,Moderate,21.1,Leaf Miner,Sticky Trap,1,22.0,97.5,44.9,21.8,25.7,Blurry,0.576,0.666,Yes,Yes,Early Blight,Stem Borer,Medium
KR_03611,2026-008-20,Pune,Shirur,16.33092,76.65615,Tomato,Arka Rakshak,Seedling,Loamy,6.82,23.4,Stem Borer,Mild,12.6,Leaf Miner,Pheromone Trap,0,18.4,57.3,38.4,2.7,74.9,Too Bright,0.47,0.843,Yes,Yes,Downy Mildew,Fruit Fly,Low
KR_03612,2026-008-11,Kolhapur,Shirol,16.28341,75.36646,Rice,Indrayani,Maturity,Sandy Loam,7.64,61.3,Leaf Spot,Severe,66.0,Bollworm,Light Trap,15,29.2,43.9,38.2,12.3,45.0,Too Bright,0.584,0.672,Yes,Yes,Rust,Leaf Miner,Medium
KR_03613,2026-003-05,Solapur,Akkalkot,21.0622,74.81992,Grapes,Sonaka,Maturity,Clay Loam,8.17,32.9,Rust,Moderate,21.6,Stem Borer,Light Trap,5,24.0,42.4,40.5,4.4,32.5,Too Dark,0.552,0.988,Yes,Yes,Leaf Mold,Thrips,Medium
KR_03614,2026-007-27,Solapur,Pandharpur,20.03137,76.20986,Grapes,Thompson Seedless,Vegetative,Clay Loam,6.3,58.8,Blast,Moderate,46.0,Aphids,Pheromone Trap,0,20.8,50.3,4.9,12.1,42.4,Good,0.918,0.93,Yes,No,Late Blight,Aphids,Medium
KR_03615,2026-003-17,Sangli,Tasgaon,17.62696,74.07574,Rice,Phule Samruddhi,Fruiting,Sandy Loam,7.87,28.1,Downy Mildew,Moderate,36.0,Leaf Miner,Pheromone Trap,1,24.1,66.2,43.9,7.3,37.9,Poor Framing,0.469,0.824,No,Yes,Early Blight,Aphids,Medium
KR_03616,2026-002-21,Solapur,Mangalwedhe,19.93441,77.89468,Grapes,Sonaka,Flowering,Loamy,7.13,36.2,Powdery Mildew,Mild,6.8,Aphids,Light Trap,1,27.1,40.0,44.4,7.2,72.6,Poor Framing,0.503,0.552,Yes,Yes,Blast,Thrips,Low
KR_03617,2026-005-26,Solapur,Akkalkot,16.22545,74.74596,Soybean,JS-335,Maturity,Loamy,8.2,34.7,Leaf Miner,Severe,68.8,Fruit Fly,Pheromone Trap,0,23.6,58.8,25.5,21.7,68.3,Good,0.81,0.696,Yes,Yes,Bacterial Blight,Aphids,Medium
KR_03618,2026-003-01,Nashik,Malegaon,17.047,74.35138,Tomato,Hybrid-T1,Seedling,Loamy,8.18,59.4,Thrips,Severe,53.6,Aphids,Pheromone Trap,15,28.7,81.5,11.3,17.9,32.5,Too Dark,0.318,0.721,No,Yes,Brown Spot,Thrips,High
KR_03619,2026-006-19,Kolhapur,Karveer,16.93413,75.91116,Cotton,Bt Cotton,Maturity,Clay Loam,6.42,36.0,Downy Mildew,Mild,6.8,Leaf Miner,Pheromone Trap,0,36.2,75.3,3.6,16.4,84.1,Poor Framing,0.415,0.793,Yes,Yes,Rust,Leaf Miner,Medium
KR_03620,2026-007-26,Sangli,Miraj,16.38693,76.20411,Rice,Indrayani,Vegetative,Clay Loam,7.42,35.0,Bollworm,Mild,12.6,Stem Borer,Pheromone Trap,0,26.8,75.5,18.8,3.3,35.3,Poor Framing,0.48,0.589,No,Yes,Stem Borer,Aphids,Medium
KR_03621,2026-001-22,Pune,Indapur,20.44987,74.42929,Potato,Kufri Jyoti,Vegetative,Black Soil,7.7,46.4,Late Blight,Moderate,41.9,Leaf Miner,Pheromone Trap,0,28.8,53.1,33.6,15.7,29.7,Poor Framing,0.323,0.732,Yes,Yes,Early Blight,Aphids,Medium
KR_03622,2026-003-24,Sangli,Jat,18.55444,78.20286,Tomato,Hybrid-T1,Flowering,Loamy,6.39,33.5,Late Blight,Severe,55.3,Leaf Miner,Pheromone Trap,11,27.4,85.5,20.7,9.7,94.0,Good,0.783,0.86,No,No,Early Blight,Stem Borer,High
KR_03623,2026-002-22,Satara,Koregaon,18.02872,73.84508,Tomato,Arka Rakshak,Fruiting,Sandy Loam,6.71,38.7,Leaf Mold,Moderate,26.8,Thrips,Pheromone Trap,0,27.9,44.4,36.8,10.5,71.6,Poor Framing,0.537,0.888,No,Yes,Downy Mildew,Leaf Miner,Medium
KR_03624,2026-008-28,Nanded,Loha,16.22104,79.29013,Soybean,MAUS-71,Flowering,Black Soil,7.54,58.5,Early Blight,Severe,56.7,Leaf Miner,Light Trap,11,26.1,59.9,6.0,19.9,58.1,Too Dark,0.634,0.825,Yes,Yes,Blast,Whitefly,Medium
KR_03625,2026-008-01,Pune,Daund,17.13973,77.08793,Potato,Kufri Jyoti,Flowering,Loamy,8.09,44.8,Bacterial Blight,Moderate,48.7,Whitefly,Pheromone Trap,0,27.3,35.6,22.3,20.6,92.1,Good,0.892,0.525,No,Yes,Leaf Miner,Fruit Fly,Medium
KR_03626,2026-002-25,Kolhapur,Kagal,16.77885,78.59048,Potato,Local-P1,Flowering,Sandy Loam,7.14,58.4,Bacterial Blight,Mild,5.8,Fruit Fly,Light Trap,6,26.6,83.2,8.9,16.9,92.7,Good,0.897,0.818,No,No,Leaf Mold,Aphids,Medium
KR_03627,2026-007-04,Nanded,Deglur,19.8558,74.92087,Cotton,RCH-659,Maturity,Loamy,7.8,51.5,Healthy,Mild,0.8,Bollworm,Pheromone Trap,0,34.3,97.0,8.3,8.8,80.1,Good,0.789,0.801,No,No,Brown Spot,Fruit Fly,Medium
KR_03628,2026-004-08,Nashik,Niphad,18.5239,73.48423,Tomato,Arka Rakshak,Seedling,Black Soil,6.24,26.2,Brown Spot,Severe,50.1,Whitefly,Sticky Trap,5,20.4,77.8,12.7,5.8,61.5,Good,0.851,0.898,Yes,No,Stem Borer,Stem Borer,Medium
